Date Time,Elapsed,UT,UT,UT,E,E,E,E,R,R,R,R,C,C,C,C,X,X,X,T,T,T,D,D,D,ER,ER,ER,EC,EC,EC,EX,EX,EX,ET,ET,ED,ED,ED,
1/10/23 17:31,0,0.1341396,0.1216916,0.05096742,0.08545599,0.05647883,0.09796881,0.0950166,0.1104901,0.07539355,0.09739277,0.05757723,0.07143572,0.1276319,0.07536818,0.07931235,0.08616265,0.104771,0.07364421,0.09957708,0.07587333,0.09031899,0.1403427,0.09865929,0.1317912,0.1156104,0.1341042,0.09765253,0.07494111,0.006372046,0.06356794,0.08668384,0.0911219,0.07450707,0.09160033,0.08402172,0.1380473,0.1113296,0.1113296,
1/10/23 21:31,4,0.118726,0.130699,0.05303431,0.08951403,0.06311445,0.0929865,0.09689652,0.1126472,0.06656678,0.1036825,0.07116816,0.05821785,0.1239174,0.0705271,0.07669058,0.07932903,0.09684648,0.078085,0.08564091,0.07384177,0.08146001,0.1315003,0.08508005,0.1097615,0.1165664,0.1141213,0.09597789,0.07398189,0.0137461,0.06767502,0.07471999,0.08008873,0.05970847,0.08972611,0.0782775,0.1126866,0.1100601,0.1100601,
1/11/23 1:31,8,0.1078494,0.1090676,0.04148212,0.08505337,0.06094168,0.07477416,0.08417966,0.08974534,0.06366436,0.0918026,0.06114905,0.0413281,0.1118377,0.0583856,0.06432419,0.05070345,0.07999095,0.05555133,0.07775917,0.06224969,0.05968447,0.1098325,0.07563441,0.08724643,0.08600795,0.09487833,0.07966013,0.05627186,0.007946484,0.05177634,0.07153721,0.05855582,0.04590286,0.06731393,0.08336727,0.09552208,0.08792513,0.08792513,
1/11/23 5:31,12,0.09718281,0.08883259,0.03991976,0.08285343,0.04700046,0.06499603,0.0728076,0.08908686,0.05261931,0.08666743,0.05688865,0.04224286,0.08544172,0.04573619,0.06054142,0.04878742,0.06594814,0.04695025,0.06142442,0.05477942,0.04896533,0.1055644,0.06603341,0.07311352,0.0743456,0.08276077,0.06439446,0.0438458,0.005771226,0.03906499,0.05572423,0.04551207,0.04529375,0.061018,0.07237472,0.09795964,0.06262825,0.06262825,
1/11/23 9:31,16,0.09615743,0.0847163,0.03846831,0.06989658,0.04289438,0.06570774,0.0803159,0.09527452,0.05593761,0.08617445,0.05902286,0.0314128,0.05727725,0.03820212,0.05483818,0.04498861,0.05302015,0.04294217,0.06857654,0.05681255,0.05615878,0.09272914,0.04933308,0.08065283,0.08690557,0.08649325,0.07499274,0.03982909,0.004581725,0.02816251,0.04902204,0.0458593,0.03973842,0.06752378,0.06972368,0.09216656,0.05821583,0.05821583,
1/11/23 13:31,20,0.09546296,0.09587288,0.04221621,0.07367036,0.04805511,0.07048737,0.08175372,0.08009836,0.0543337,0.08027445,0.05236454,0.02801984,0.04700887,0.03104069,0.04279274,0.03902989,0.04750347,0.03263704,0.08135343,0.05498844,0.06402882,0.08855879,0.0480461,0.07899117,0.0982075,0.1001187,0.08519717,0.03569579,0.005127375,0.02688868,0.04075658,0.04122918,0.03509201,0.07428971,0.09621985,0.08592082,0.06095525,0.06095525,
1/11/23 17:31,24,0.07732958,0.07769857,0.02933298,0.09187815,0.05764757,0.07459431,0.08441247,0.08769743,0.03587679,0.06621242,0.05681858,0.01755915,0.03745591,0.02450985,0.03283262,0.02890663,0.02899478,0.02660681,0.07936843,0.05649386,0.05184636,0.07982522,0.04546251,0.07713798,0.1052794,0.1089259,0.08420816,0.0275667,0.004927212,0.02300125,0.03980311,0.03645124,0.03594248,0.07458812,0.105368,0.05982484,0.04905633,0.04905633,
1/11/23 21:31,28,0.07137192,0.07216383,0.02539484,0.1072785,0.06328273,0.08610345,0.08882006,0.07920177,0.04093856,0.04998455,0.05561326,0.02126267,0.04502016,0.02374858,0.02730004,0.02634662,0.03610151,0.02434976,0.07595601,0.05943104,0.05188356,0.07038005,0.0391748,0.06823692,0.1304246,0.1306819,0.09437776,0.02160861,0.004103888,0.02022683,0.03833739,0.03294502,0.03188119,0.08159864,0.1098407,0.05393118,0.0357751,0.09301068,
1/12/23 1:31,32,0.0718478,0.06270918,0.02457579,0.1168503,0.06632222,0.09446499,0.09628579,0.06593841,0.04230311,0.05092125,0.05193853,0.01867197,0.02936327,0.02361694,0.01583096,0.02376929,0.03520325,0.02150885,0.07841977,0.05948247,0.05345749,0.06170315,0.03774622,0.06539251,0.1336772,0.1499563,0.1154392,0.02204122,0.004371317,0.02339506,0.037327,0.03692706,0.03458965,0.1007569,0.145283,0.04699866,0.02893134,0.04454355,
1/12/23 5:31,36,0.08897405,0.05196639,0.0216975,0.1298199,0.06504159,0.1153796,0.1125954,0.06215483,0.03734607,0.04662259,0.04419465,0.01606651,0.03153001,0.02146452,0.02215288,0.01904916,0.03692197,0.02091709,0.08431122,0.06156918,0.06504348,0.06383979,0.03670644,0.06870444,0.1546796,0.1750354,0.1409104,0.02121471,0.004129015,0.02314073,0.03932466,0.03572341,0.0377118,0.1191132,0.1625243,0.03825846,0.02045054,0.03106924,
1/12/23 9:31,40,0.07550613,0.0557128,0.02587303,0.1433857,0.08500506,0.1210551,0.1322625,0.05572914,0.0278497,0.04350698,0.04568107,0.01678134,0.02951148,0.0217473,0.01978856,0.01737869,0.02908713,0.01532897,0.09179518,0.06597564,0.0742792,0.05277195,0.03355626,0.06281082,0.1836978,0.1972011,0.1610292,0.02895747,0.00478047,0.02501368,0.03964447,0.04036514,0.03785137,0.1354172,0.1916131,0.02802976,0.01329097,0.01571564,
1/12/23 13:31,44,0.06593512,0.04894792,0.01973887,0.1570387,0.08363114,0.1363959,0.1312113,0.05622154,0.02267218,0.0324046,0.03552569,0.01763422,0.02505025,0.01940551,0.01826657,0.01498882,0.02557258,0.01255035,0.1166123,0.06893714,0.07153828,0.06536387,0.03768282,0.05766657,0.2157184,0.2093906,0.1896172,0.03517459,0.005326279,0.02828322,0.04312676,0.04395169,0.04063152,0.1560776,0.2087978,0.01945072,0.007971092,0.0150979,
1/12/23 17:31,48,0.06315056,0.04198899,0.01306771,0.1707983,0.1033675,0.1491713,0.1389283,0.05936915,0.02829103,0.03078331,0.0412013,0.01458192,0.02031793,0.01924006,0.01949637,0.01458448,0.02546275,0.0133611,0.1311656,0.07586823,0.06700315,0.06156338,0.03921108,0.05414975,0.247891,0.2316713,0.2137583,0.03712166,0.00594973,0.03148368,0.04457969,0.04546688,0.04590445,0.1812054,0.2480781,0.01659752,0.003822549,0.01295723,
1/12/23 21:31,52,0.05639118,0.03412426,0.01646939,0.1900495,0.1139606,0.1664499,0.1530019,0.06472768,0.02696795,0.02606493,0.0373266,0.01419463,0.02433282,0.01845519,0.01798191,0.01166087,0.02453877,0.01715038,0.1285861,0.0809694,0.07725574,0.06465719,0.03769543,0.05284221,0.2816766,0.2576293,0.2329395,0.03742415,0.008031195,0.03217007,0.04591576,0.04798493,0.0482133,0.2098292,0.2664931,0.004407108,0.003402129,0.01400407,
1/13/23 1:31,56,0.05257664,0.03252178,0.01943959,0.2157494,0.1239766,0.1776485,0.1642097,0.0630569,0.0290834,0.03089717,0.03581925,0.01577745,0.02453641,0.01839201,0.01664593,0.01324557,0.02545465,0.01580188,0.1284857,0.08531482,0.08678913,0.06051048,0.03788934,0.05030188,0.3135187,0.2789957,0.2482503,0.04333732,0.006609622,0.02706769,0.0428018,0.04773972,0.04634225,0.2389675,0.2795194,0.00578458,0.002320674,0.01074497,
1/13/23 5:31,60,0.05465575,0.03663785,0.01932291,0.2375077,0.1398957,0.1940318,0.1766785,0.07079165,0.03071441,0.03263593,0.03625249,0.01614848,0.02113399,0.01532497,0.01424537,0.01118484,0.02321213,0.01437618,0.1266216,0.0927831,0.09422648,0.05362395,0.03752124,0.0573423,0.3394446,0.2976383,0.2663153,0.04454646,0.009588231,0.03028819,0.04669249,0.0519215,0.04960509,0.2652937,0.314777,0.006019336,0.002515225,0.01636634,
1/13/23 9:31,64,0.05243944,0.03587742,0.02133835,0.2369089,0.1493516,0.2028144,0.1888462,0.06259166,0.02656204,0.03446279,0.03343068,0.01709727,0.007242928,0.01294794,0.01165782,0.01033212,0.01998582,0.01516632,0.1489385,0.1006587,0.09902585,0.05436749,0.03704757,0.0552861,0.3663243,0.3044465,0.2613647,0.04833031,0.009963206,0.03078008,0.04860018,0.05627009,0.05184477,0.2746018,0.3438108,0.00170973,0.002433489,0.01053856,
1/13/23 13:31,68,0.04618109,0.04268441,0.01946013,0.2597731,0.1510427,0.2211004,0.2002483,0.05943968,0.02911021,0.0304976,0.0328345,0.01389608,0.007275335,0.01122496,0.01034107,0.01121542,0.01855327,0.01229114,0.1535026,0.1094316,0.09862952,0.04910048,0.03550736,0.05605018,0.3819447,0.3080886,0.2969673,0.05127335,0.009689102,0.02969064,0.04447575,0.05288815,0.04983299,0.2992301,0.3359717,0.001812156,0.002426502,0.01497684,
1/13/23 17:31,72,0.03561128,0.02596664,0.01831708,0.2380847,0.1484774,0.2119936,0.1957687,0.04164123,0.02302168,0.02708701,0.02348872,0.01205027,0.006819144,0.01159433,0.01011507,0.009673162,0.0141351,0.01046275,0.1365509,0.1002472,0.08959746,0.06591089,0.05727617,0.05055404,0.4050198,0.3478245,0.3552047,0.05492844,0.01538533,0.04005613,0.05246305,0.06643827,0.06391767,0.3514083,0.3926812,0.009836249,0.002606627,0.007041988,
1/13/23 21:31,76,0.04109614,0.0274029,0.01835364,0.2559898,0.1611111,0.2342386,0.2165026,0.04456907,0.02656039,0.03251037,0.02930331,0.009129529,0.006461173,0.01078484,0.009415064,0.01065153,0.01857708,0.01069263,0.1529997,0.1102342,0.1011326,0.0807713,0.05326334,0.06050835,0.4082107,0.3524924,0.3687146,0.06047232,0.01288964,0.04534695,0.0536834,0.07084458,0.06224412,0.3634208,0.4033118,0.007971414,0.004599668,0.007660091,
1/14/23 1:31,80,0.06325453,0.04299651,0.03506069,0.2783015,0.174832,0.2572237,0.2546006,0.05880006,0.04598867,0.05520577,0.0490382,0.01162577,0.008579212,0.01344291,0.01173939,0.01494992,0.0176252,0.01402979,0.1760816,0.1215417,0.1187869,0.08024801,0.06956711,0.06188752,0.4136484,0.3591832,0.3882234,0.06678679,0.01208457,0.05454737,0.05305308,0.07447601,0.06700067,0.3715438,0.4208366,0.007372861,0.005336863,0.006692478,
1/14/23 5:31,84,0.06915704,0.05241926,0.04363023,0.2871202,0.1861118,0.2540951,0.2475498,0.07102134,0.05153174,0.06901844,0.0559735,0.01070943,0.009101641,0.01396358,0.01255319,0.01549864,0.01804051,0.016111,0.1640709,0.1339552,0.1294439,0.07196462,0.05832004,0.08098727,0.4349574,0.3737376,0.3920872,0.07674506,0.01195466,0.04615447,0.05965576,0.07737184,0.06861608,0.3697798,0.3995798,0.006790805,0.003307991,0.005564971,
1/14/23 9:31,88,0.06947644,0.05506828,0.04136454,0.2824779,0.174567,0.2637821,0.2607592,0.07376294,0.04745184,0.0647691,0.05560734,0.01110342,0.009990237,0.01281908,0.01056523,0.01302317,0.01628292,0.0143044,0.1746118,0.1338674,0.1310624,0.08466421,0.05631259,0.06913401,0.4355897,0.3852988,0.3995775,0.07076011,0.01076073,0.04460453,0.05340208,0.07477544,0.06577918,0.3807941,0.4181889,0.004499953,0.006005296,0.01034385,
1/14/23 13:31,92,0.06775927,0.05145609,0.04151418,0.3000774,0.184344,0.2626588,0.2577997,0.06695135,0.04615616,0.05721966,0.05407355,0.01288465,0.01032031,0.0137081,0.01226025,0.01382888,0.01757197,0.01361517,0.172465,0.1314452,0.1332054,0.074775,0.04689828,0.06885738,0.4526307,0.3941151,0.4064757,0.07478075,0.01176635,0.04214716,0.05115716,0.07567467,0.06882145,0.3716828,0.409219,0.005127285,0.005327917,0.003237687,
1/14/23 17:31,96,0.06844263,0.05497471,0.04113292,0.28598,0.1704838,0.2611412,0.2539351,0.0662202,0.0478024,0.0606149,0.05476135,0.01512508,0.009994787,0.01316847,0.01043874,0.01406813,0.01682239,0.01606182,0.1659969,0.1309487,0.1322928,0.06899852,0.05105221,0.06299809,0.4747076,0.418395,0.4015087,0.06849932,0.0115942,0.04257469,0.04927674,0.07653295,0.06509317,0.3749978,0.3757145,0.0026801,0.00689124,0.003777935,
1/14/23 21:31,100,0.07158218,0.05526353,0.04314875,0.3057734,0.1807472,0.2597412,0.259497,0.06707246,0.04275348,0.05741128,0.0566202,0.01545591,0.008913579,0.01069905,0.01063143,0.01381625,0.01473941,0.01381554,0.1713455,0.1334988,0.1285943,0.07330973,0.03829427,0.05378247,0.456111,0.4077815,0.40321,0.07541451,0.01467457,0.0402663,0.05068494,0.07672963,0.07247989,0.390278,0.3724742,0.002035377,0.005586925,0.003155783,
1/15/23 1:31,104,0.0669566,0.04730487,0.04194555,0.3240504,0.1780914,0.2566034,0.2552621,0.06111208,0.03915645,0.05063409,0.05030812,0.01139736,0.008721387,0.009534986,0.009046593,0.01227278,0.01339535,0.01253736,0.1766141,0.1334588,0.1273538,0.07101636,0.03837559,0.04416453,0.4744158,0.4138908,0.4277481,0.07023542,0.01394021,0.04053559,0.05181194,0.07724448,0.06404532,0.3902962,0.3766721,0.002339844,0.00813836,0.003874422,
1/15/23 5:31,108,0.06015989,0.04212967,0.04050819,0.3061137,0.1735035,0.2658111,0.2651899,0.04413455,0.03504833,0.04368036,0.04293489,0.01037457,0.006960095,0.007967541,0.007241823,0.01145791,0.0108406,0.01201192,0.1860434,0.1394859,0.1266835,0.06832099,0.03317317,0.03039456,0.4859531,0.4091151,0.4379584,0.06906117,0.01327861,0.03891672,0.05126849,0.07637196,0.05758857,0.3931362,0.3696418,0.003585547,0.005671816,0.004229722,
1/15/23 9:31,112,0.06238512,0.04765682,0.04463045,0.3072689,0.1726601,0.2651143,0.2635905,0.04009479,0.03580194,0.04204438,0.03873309,0.008504541,0.005885436,0.00762224,0.005697601,0.01043755,0.009107177,0.0105333,0.1757962,0.1363349,0.1210519,0.06378449,0.0260527,0.02993222,0.4889311,0.4193378,0.4167527,0.06576324,0.01489791,0.03650518,0.0484661,0.08077507,0.0588515,0.3883151,0.3753481,0.002857779,0.006144027,0.003536009,
1/15/23 13:31,116,0.06854553,0.05667113,0.0501156,0.3015474,0.1692275,0.2852935,0.2704685,0.04116622,0.0388985,0.04589347,0.04265262,0.00832589,0.005217385,0.006605598,0.004459784,0.01067353,0.009021856,0.009646082,0.1602057,0.1353923,0.1197817,0.06826102,0.02016497,0.0323557,0.4918764,0.4293325,0.4172507,0.06232621,0.01551189,0.03107354,0.04980993,0.07802705,0.05481229,0.3897225,0.3741809,0.001669753,0.005206779,0.002567123,
1/15/23 17:31,120,0.08207509,0.06624737,0.05760198,0.3148454,0.1749968,0.2922639,0.2796533,0.0404305,0.04459676,0.05462765,0.05048995,0.008425687,0.004635796,0.00644997,0.004462667,0.01160732,0.009045536,0.00911252,0.1642676,0.1347193,0.1251133,0.06562667,0.01809677,0.02706627,0.4948865,0.4418023,0.4225275,0.05806686,0.01234668,0.02855713,0.04344532,0.07981436,0.05357117,0.3913279,0.3533879,0.002016963,0.007880176,0.004452496,
1/15/23 21:31,124,0.09671225,0.07767966,0.06649812,0.3088373,0.1848679,0.3046203,0.2819735,0.04256343,0.05499497,0.06707909,0.06005471,0.006645094,0.004239146,0.006438049,0.004015186,0.01245804,0.0103128,0.01074021,0.1666011,0.1382786,0.1333511,0.0662838,0.01631703,0.02623201,0.5000322,0.4474399,0.4290029,0.05887239,0.01296891,0.02296738,0.04308061,0.07985009,0.0524009,0.3959807,0.3543946,0.003661883,0.007658385,0.004710141,
1/16/23 1:31,128,0.1086366,0.0885698,0.07892123,0.3295712,0.1856759,0.2993629,0.2743768,0.0483148,0.06438483,0.07782503,0.07069877,0.006577285,0.003937722,0.006210184,0.004073476,0.01375516,0.0112588,0.01242523,0.163583,0.1455887,0.1386726,0.05537884,0.01471789,0.02068757,0.4945312,0.467667,0.4182233,0.06013069,0.01438014,0.02088121,0.04681923,0.07983575,0.05002164,0.3949422,0.3754171,0.001424585,0.006030838,0.004316794,
1/16/23 5:31,132,0.1217418,0.1025964,0.09262223,0.3376486,0.1845774,0.3053128,0.2907174,0.05190462,0.07427863,0.08905902,0.08028166,0.006342055,0.003889092,0.006376019,0.004272834,0.01677305,0.01328483,0.01492359,0.1677425,0.148905,0.1433553,0.04941338,0.0155461,0.02097812,0.514276,0.4443337,0.423683,0.06058506,0.01214346,0.01808243,0.04532525,0.07447301,0.04731723,0.3790241,0.3782284,0.001804633,0.005985045,0.002677623,
1/16/23 9:31,136,0.1375447,0.1177782,0.1071451,0.3545341,0.1976629,0.3126802,0.2938527,0.06350025,0.08520487,0.1012938,0.09236242,0.006908818,0.004405913,0.006715348,0.003846328,0.01925377,0.01540419,0.01807637,0.1731259,0.1476945,0.1414925,0.04563762,0.01455383,0.01498946,0.5073533,0.4454575,0.4101298,0.05773736,0.01501712,0.01418645,0.04673975,0.07028282,0.04836974,0.3603714,0.3856623,0.00096501,0.006227436,0.004689822,
1/16/23 13:31,140,0.15045,0.1289036,0.1220843,0.3433681,0.2014506,0.3206628,0.308522,0.07283619,0.09622429,0.1157578,0.1054069,0.006883915,0.004622086,0.006410164,0.004336587,0.0223153,0.01894113,0.02136189,0.1688923,0.1538113,0.1426168,0.04453284,0.01415516,0.01413238,0.5446824,0.4656273,0.4092109,0.06453039,0.01575171,0.01357142,0.0494372,0.06370123,0.04920219,0.3642335,0.4223829,0.001182962,0.006969714,0.00412923,
1/16/23 17:31,144,0.1666299,0.1396006,0.1364894,0.3288787,0.2007944,0.3410268,0.2969485,0.08445513,0.1054571,0.1298819,0.1176471,0.006341548,0.004731444,0.006382386,0.004284916,0.02654684,0.02209287,0.02452015,0.1769731,0.1511818,0.1454993,0.04915191,0.01355898,0.01561478,0.5170332,0.4650097,0.4278256,0.07011254,0.01232197,0.01352358,0.05190191,0.06062661,0.05327204,0.3690478,0.4188266,0.001189757,0.008189484,0.003652201,
1/16/23 21:31,148,0.1793118,0.1519995,0.1458903,0.3537814,0.2108904,0.343962,0.316249,0.09655755,0.1213138,0.1407886,0.1275356,0.007019153,0.004128587,0.006408504,0.004543071,0.03043235,0.02624829,0.02834067,0.177863,0.1580751,0.1519981,0.05132706,0.01368995,0.01551618,0.5358704,0.4687006,0.40614,0.07040364,0.01578981,0.01334684,0.05218389,0.06120803,0.05365153,0.3846589,0.4362822,0.001597109,0.005565661,0.004463458,
1/17/23 1:31,152,0.1887941,0.1671544,0.1550476,0.3672847,0.2398225,0.3575311,0.3229984,0.1068295,0.1286946,0.1502178,0.1398248,0.008096717,0.003953326,0.006766999,0.004760807,0.03463332,0.03029357,0.03103163,0.1816694,0.1651579,0.1567372,0.05119967,0.01001157,0.01647335,0.5625429,0.4797204,0.4160052,0.06247457,0.01249502,0.01125094,0.061674,0.06091242,0.06008594,0.3877239,0.4464753,0.001505732,0.007599046,0.00357794,
1/17/23 5:31,156,0.2021714,0.1787585,0.1646663,0.3854922,0.2454627,0.3544422,0.3194544,0.1173479,0.1394878,0.1604021,0.1488555,0.008789216,0.004530998,0.006899018,0.005060443,0.03648926,0.03328685,0.03377196,0.195674,0.1692486,0.1631994,0.05377246,0.01062394,0.01617456,0.5753217,0.4818946,0.3884883,0.06375789,0.01301982,0.01163059,0.05621481,0.06139762,0.06133918,0.4023626,0.468652,0.001813126,0.007539249,0.003046283,
1/17/23 9:31,160,0.212782,0.187906,0.175964,0.4020618,0.2345251,0.3794029,0.3347704,0.1246493,0.1493035,0.1718981,0.1570518,0.009678425,0.004397493,0.007279655,0.005621082,0.04597209,0.03840452,0.037065,0.1988278,0.175742,0.1657269,0.04483733,0.009652142,0.009836785,0.5879569,0.4876437,0.3907577,0.05265708,0.01086045,0.01037298,0.05002779,0.06029233,0.05033962,0.3690407,0.4483164,0.001582311,0.005088313,0.00317598,
1/17/23 13:31,164,0.2211635,0.2013247,0.1864174,0.3862211,0.2696526,0.3780859,0.3246064,0.1351357,0.1545911,0.1791824,0.1665177,0.0102801,0.00436515,0.007894279,0.005749346,0.05127261,0.04213436,0.03956033,0.2068794,0.1784525,0.1734516,0.04836182,0.008256909,0.01051627,0.5956527,0.5057709,0.3599797,0.058615,0.0109984,0.01002443,0.05246831,0.05826963,0.06055442,0.3837133,0.4714287,0.001214486,0.005179724,0.003371669,
1/17/23 17:31,168,0.2322793,0.2120984,0.1951829,0.3641501,0.2438885,0.3939448,0.3233891,0.1433458,0.1627308,0.1810293,0.1730524,0.01038293,0.004446072,0.007769473,0.005735363,0.05540039,0.04685046,0.04340038,0.2058962,0.1840519,0.1789919,0.04241106,0.008527428,0.009766782,0.5988148,0.5036547,0.3919447,0.05452216,0.01027345,0.009087936,0.04976526,0.06116033,0.05886909,0.3956572,0.4200369,0.001859232,0.005422366,0.003230424,
1/17/23 21:31,172,0.2412001,0.2197853,0.2028477,0.3537377,0.2499849,0.3977928,0.3096209,0.147077,0.1701423,0.1876532,0.1797674,0.01060171,0.00456847,0.008263151,0.00599508,0.06003815,0.05040992,0.04595305,0.2130054,0.1896239,0.1861172,0.03335141,0.009042791,0.009280151,0.6170494,0.5201023,0.3757223,0.05753029,0.008949452,0.009326755,0.04821008,0.05727984,0.05499889,0.3990974,0.4293996,0.001333405,0.004674394,0.002689075,
1/18/23 1:31,176,0.2472652,0.2322262,0.2136115,0.3609735,0.2579235,0.3955348,0.3022923,0.1568269,0.174158,0.1931293,0.1829976,0.01210699,0.004708622,0.008668896,0.006639095,0.06388481,0.05376109,0.04932371,0.2189187,0.1985002,0.1909863,0.02908544,0.009279387,0.008355704,0.6246967,0.5023857,0.3751953,0.06118608,0.01008559,0.008000859,0.04091936,0.05071083,0.05038532,0.3908813,0.41545,0.002214166,0.005699262,0.002833952,
1/18/23 5:31,180,0.2612497,0.2429123,0.2218685,0.3792456,0.2820486,0.3875883,0.3150997,0.1615379,0.175815,0.1985582,0.1876882,0.01287673,0.004658049,0.008448313,0.006785059,0.06804831,0.05837741,0.05148944,0.2278908,0.2024601,0.2007602,0.03072004,0.008287989,0.009135794,0.6422662,0.5090203,0.369091,0.06158936,0.009160873,0.007503708,0.04685596,0.0618553,0.06397238,0.4112146,0.4423746,0.001121064,0.005597381,0.002612995,
1/18/23 9:31,184,0.2697259,0.2490756,0.2196679,0.3949167,0.2917111,0.3948831,0.3106942,0.1819675,0.1798557,0.1990952,0.1953086,0.01417281,0.004782536,0.008780327,0.006871721,0.07270908,0.06344792,0.05379421,0.2367196,0.2099278,0.2091503,0.0323666,0.007759111,0.008190648,0.6487742,0.4772611,0.366828,0.06288906,0.009146813,0.005305892,0.04662437,0.06357446,0.05334917,0.4124023,0.4480184,0.001143135,0.005739742,0.001904957,
1/18/23 13:31,188,0.2737967,0.2553402,0.2230234,0.4182077,0.281237,0.3966777,0.3110915,0.1930762,0.1836371,0.1755125,0.1966926,0.01551538,0.004697749,0.009094585,0.006915535,0.07690079,0.06517811,0.06317081,0.246017,0.2152505,0.2160481,0.03443725,0.008899877,0.008244785,0.6275846,0.4781114,0.3699249,0.06098508,0.007820771,0.004994127,0.04482639,0.064912,0.0503348,0.4069967,0.4547695,0.001779724,0.004653227,0.003960597,
1/18/23 17:31,192,0.2728918,0.2549365,0.2212842,0.3896575,0.2868126,0.3981918,0.3125893,0.193624,0.1843542,0.2015431,0.1978296,0.01739871,0.005111893,0.008864947,0.006620823,0.08052402,0.07288708,0.06353208,0.2534022,0.2189425,0.2282489,0.0330195,0.009194208,0.006917879,0.6250073,0.4666441,0.3557705,0.05971261,0.008523945,0.00475572,0.04386659,0.06317649,0.04852706,0.4142889,0.463638,0.001236524,0.005299954,0.002772425,
1/18/23 21:31,196,0.2480843,0.236917,0.1991184,0.3510482,0.2924582,0.4380702,0.3877879,0.151273,0.1695626,0.179681,0.180993,0.01612082,0.005400673,0.009805853,0.007204428,0.0789555,0.07028905,0.06149737,0.2399103,0.2168968,0.2310055,0.07867473,0.04526036,0.07813858,0.690424,0.5578727,0.5422004,0.05851199,0.01030055,0.009930312,0.08286612,0.09627895,0.1029531,0.7560711,0.7942114,0.03950012,0.01012313,0.01012313,
1/19/23 1:31,200,0.2761409,0.2605522,0.220608,0.3686023,0.3101567,0.4528244,0.4002257,0.1776607,0.1847141,0.1979875,0.2028034,0.02147721,0.006940478,0.01169442,0.009364726,0.0829307,0.074829,0.06571124,0.2329755,0.2262687,0.2437055,0.09171464,0.03990898,0.073768,0.6706139,0.5943407,0.5760183,0.05851452,0.01153581,0.009930296,0.07257134,0.104412,0.09899179,0.7571594,0.7438329,0.02624718,0.009633699,0.009633699,
1/19/23 5:31,204,0.3125768,0.2968279,0.2529612,0.3378323,0.3112323,0.4910586,0.4213552,0.2265996,0.2164212,0.2238949,0.2375759,0.03099742,0.01032784,0.01634241,0.01422366,0.09225677,0.08291303,0.07240972,0.2571176,0.2418447,0.2653102,0.07545033,0.03985961,0.06850557,0.6752243,0.5850614,0.5717294,0.06497429,0.01438999,0.01508289,0.0864905,0.1065932,0.1153662,0.7758478,0.7768776,0.03630397,0.01108689,0.005538314,
1/19/23 9:31,208,0.3378047,0.3156438,0.2695728,0.3520783,0.3248246,0.4918855,0.4121282,0.2439842,0.2343497,0.2499847,0.2561833,0.03233043,0.01391952,0.0202843,0.01818975,0.1038189,0.0903919,0.07915378,0.2760372,0.2533114,0.2871183,0.05589702,0.04549117,0.06952117,0.6872072,0.53739,0.5309437,0.06370996,0.01264942,0.01416606,0.08922201,0.1184644,0.1130414,0.7994421,0.8197581,0.04869364,0.01002926,0.007415758,
1/19/23 13:31,212,0.3426017,0.3099211,0.2787464,0.3553913,0.3181281,0.4926753,0.4185008,0.2441605,0.2282671,0.2571414,0.2593202,0.03121739,0.01625565,0.02236693,0.0206663,0.1017429,0.09222181,0.08101346,0.2790275,0.2551095,0.2857276,0.05278096,0.04049671,0.06305171,0.6846362,0.5521416,0.5487531,0.06714401,0.0138362,0.01196597,0.09313028,0.1211088,0.1176439,0.8165831,0.8177487,0.04465598,0.007462715,0.007462715,
1/19/23 17:31,216,0.3383652,0.3034056,0.2730006,0.3618169,0.3102656,0.4769508,0.414367,0.2312707,0.2226263,0.2517332,0.2538038,0.0299889,0.01640486,0.02064678,0.02074979,0.09819467,0.09378713,0.08038546,0.2744938,0.2559589,0.2859859,0.05291272,0.04125311,0.05665785,0.6720124,0.5374741,0.5310443,0.06037315,0.01572003,0.0099695,0.08036073,0.1328107,0.1238242,0.821979,0.8018624,0.03460728,0.006203855,0.006203855,
1/19/23 21:31,220,0.3364207,0.3037237,0.2735847,0.3798033,0.3085881,0.4555659,0.3911502,0.2373077,0.2143697,0.2423528,0.2484505,0.03030935,0.0168132,0.02220358,0.02017072,0.09834926,0.0910421,0.07890106,0.273272,0.2501979,0.2838349,0.05892601,0.03874285,0.05039792,0.6730859,0.5728143,0.5405028,0.06095071,0.01405537,0.01037305,0.08595426,0.118846,0.1295807,0.8064098,0.8136982,0.026975,0.01004562,0.01004562,
1/20/23 1:31,224,0.3347982,0.3139091,0.2746784,0.3754938,0.2952913,0.4629075,0.4065217,0.2151383,0.2127505,0.2305465,0.2364085,0.03532387,0.01760049,0.02151208,0.02151679,0.09740908,0.09275647,0.08189999,0.270846,0.2472633,0.2872564,0.04934902,0.03933419,0.03830587,0.616549,0.5593876,0.5478768,0.06030514,0.01509698,0.009176842,0.08055472,0.1293815,0.116379,0.807641,0.7852849,0.03567187,0.007612459,0.01963606,
1/20/23 5:31,228,0.3396698,0.3174974,0.28515,0.3921461,0.3243223,0.4679228,0.3862919,0.19041,0.2055083,0.2211431,0.2291939,0.03613495,0.01836028,0.02036583,0.02165284,0.1030881,0.09530411,0.08473886,0.2804728,0.2593669,0.2867229,0.04410611,0.03529872,0.04530088,0.6257477,0.5759408,0.5721254,0.06193167,0.0140951,0.01007203,0.08761659,0.1272047,0.1144917,0.828739,0.7950691,0.02554334,0.02045247,0.01265656,
1/20/23 9:31,232,0.3436848,0.3144474,0.2841222,0.4008331,0.3253849,0.4527706,0.3662544,0.1717721,0.2057818,0.2192698,0.2271184,0.03346551,0.01769302,0.02304412,0.02258227,0.1040717,0.0975751,0.0848266,0.2920821,0.2567616,0.2867139,0.05738094,0.03279841,0.04540525,0.6263516,0.5652066,0.5836378,0.06042931,0.01309605,0.008600581,0.07796944,0.129637,0.1161269,0.790586,0.763525,0.01942851,0.02673787,0.004926302,
1/20/23 13:31,236,0.3454829,0.3237308,0.2952554,0.4086815,0.3013425,0.4720957,0.3756996,0.1629876,0.2025405,0.2183295,0.2303607,0.03262023,0.01793768,0.02386729,0.02222791,0.1081901,0.09954363,0.08729902,0.2855877,0.2607445,0.278948,0.04937509,0.03738333,0.03819298,0.5913981,0.5777645,0.5613054,0.05382307,0.01386998,0.007124706,0.08956964,0.119613,0.1262218,0.8042029,0.7749341,0.02253299,0.01524829,0.01436515,
1/20/23 17:31,240,0.3597192,0.3296617,0.3047222,0.4317683,0.2957169,0.4454267,0.3493218,0.161946,0.2082124,0.2234519,0.2344521,0.03177251,0.01811383,0.02377619,0.02191412,0.1158894,0.1024213,0.09113612,0.2919683,0.258736,0.2749807,0.04969897,0.03355626,0.02781244,0.6284187,0.5772237,0.5428237,0.05372723,0.01359376,0.005380965,0.0905332,0.117489,0.1135108,0.8359683,0.8133695,0.02703823,0.0489232,0.006863841,
1/20/23 21:31,244,0.364284,0.3369541,0.3120947,0.4084857,0.276363,0.4155858,0.3406866,0.1622306,0.2134503,0.2287058,0.243273,0.03264409,0.01813516,0.02510188,0.02220073,0.1192198,0.1109292,0.09680492,0.2785378,0.2548371,0.2813229,0.0466148,0.03637969,0.02499848,0.6892685,0.5680854,0.5575658,0.04885081,0.01628346,0.00456225,0.08629962,0.1443024,0.112768,0.8172098,0.7643254,0.03748756,0.02559281,0.005302784,
1/21/23 1:31,248,0.3687315,0.347458,0.3187729,0.4058557,0.2620692,0.4155934,0.335325,0.170399,0.2220305,0.2345273,0.246627,0.03420381,0.01894712,0.02387844,0.02271661,0.1219467,0.1171468,0.1036599,0.2805517,0.2533468,0.2827143,0.04243074,0.03930519,0.01822536,0.6487523,0.6226695,0.5334111,0.04921046,0.01295372,0.004147369,0.08210455,0.1380171,0.100556,0.8095,0.7546968,0.04078073,0.005770338,0,
1/21/23 5:31,252,0.3737041,0.3491271,0.3194751,0.4167182,0.2527831,0.4145514,0.3224877,0.1756186,0.2288253,0.2388737,0.2639737,0.0349102,0.01877839,0.02447511,0.02184775,0.1268004,0.1203551,0.1108395,0.2748533,0.2496166,0.2885578,0.04170642,0.02836213,0.01720575,0.6044911,0.528627,0.5397196,0.04840568,0.01307756,0.003977098,0.09088536,0.1486864,0.1064422,0.8217214,0.7474173,0.03443534,0.01839148,0.00478121,
1/21/23 9:31,256,0.380142,0.3537461,0.3179531,0.4104244,0.2563466,0.3780258,0.3183275,0.1811398,0.2348076,0.2427112,0.2678707,0.03532454,0.01740619,0.02423412,0.0216929,0.1306618,0.1244576,0.1154279,0.2824033,0.2516776,0.2896841,0.04576925,0.0240526,0.01674365,0.5897725,0.5218762,0.4998098,0.04966771,0.01239369,0.003757489,0.0773533,0.1333771,0.1116509,0.8603038,0.7655626,0.02675164,0.01612082,0.002642594,
1/21/23 13:31,260,0.381521,0.3571082,0.3176213,0.390274,0.2557361,0.3794055,0.3208024,0.1859054,0.241266,0.2491403,0.2690511,0.03707198,0.0179542,0.02409312,0.02276736,0.1302293,0.1281813,0.1194707,0.2760742,0.2558444,0.29841,0.04297179,0.01943531,0.0151869,0.6068466,0.5396135,0.5023512,0.05051301,0.0117323,0.003612091,0.09827846,0.1375172,0.1160931,0.794257,0.7611364,0.04482901,0.006364726,0.01677738,
1/21/23 17:31,264,0.3783076,0.3518815,0.3176497,0.4041106,0.2470861,0.3751455,0.3198904,0.1878907,0.2484611,0.2525948,0.2737845,0.03785802,0.01804328,0.02377361,0.02216139,0.1312818,0.1344717,0.1278892,0.2772005,0.258722,0.310591,0.04338927,0.0187694,0.0149431,0.5880516,0.5386374,0.4977903,0.04827285,0.01293225,0.003289498,0.07280557,0.1311485,0.1113089,0.7848584,0.7940408,0.03618645,0.004618209,0.03183923,
1/21/23 21:31,268,0.3756666,0.3504985,0.3177958,0.4237235,0.2560618,0.3661237,0.2928813,0.1950012,0.2486054,0.2585621,0.2798314,0.03908446,0.01645089,0.02402245,0.02142711,0.1329829,0.1382372,0.1310254,0.2740512,0.2618997,0.307781,0.04299163,0.01667545,0.01547982,0.5684301,0.5288903,0.4835161,0.04679196,0.01274758,0.003907824,0.07918946,0.1205911,0.104306,0.8450694,0.7889251,0.04095204,0.0119788,0.01755883,
1/22/23 1:31,272,0.371891,0.3403902,0.312885,0.4244651,0.2505369,0.3473139,0.2860605,0.2026954,0.2508268,0.2622,0.2823019,0.04015928,0.01725757,0.02361969,0.02144453,0.1323297,0.1411369,0.1329896,0.2751042,0.2716765,0.3155548,0.04774647,0.01421285,0.01522694,0.5628198,0.5372487,0.4893951,0.04760025,0.01345719,0.004835152,0.07947342,0.1338281,0.1066777,0.8055906,0.7449956,0.04639373,0.01089249,0.01089249,
1/22/23 5:31,276,0.3611509,0.3392277,0.3072159,0.429022,0.2592967,0.3515341,0.2688469,0.209245,0.2532931,0.2652497,0.2832169,0.04200991,0.01687185,0.02350545,0.02102185,0.1332015,0.1405731,0.134784,0.27612,0.2760098,0.3187292,0.04670234,0.0132547,0.01731266,0.5712022,0.5189533,0.4506608,0.04681823,0.013289,0.004094329,0.08499178,0.1236813,0.1133834,0.8439221,0.7600253,0.05257766,0.00785639,0.02133745,
1/22/23 9:31,280,0.350923,0.3272683,0.3007599,0.4421726,0.2577216,0.3530208,0.266664,0.2135462,0.2564273,0.2655285,0.2869959,0.04101464,0.01650321,0.02206891,0.02172225,0.128356,0.1374774,0.1333523,0.2823173,0.2822941,0.3325448,0.04025991,0.01208167,0.01647305,0.5801832,0.5440173,0.4582798,0.04746151,0.0140026,0.004113601,0.09090392,0.1263726,0.1206588,0.8261042,0.7519701,0.05203653,0.01214674,0.03844894,
1/22/23 13:31,284,0.3380865,0.322871,0.2898807,0.4668018,0.2500761,0.3737683,0.252056,0.2175213,0.254757,0.2630164,0.281479,0.03981892,0.01571913,0.0211452,0.02174395,0.1242618,0.1340735,0.1307709,0.2912222,0.2915744,0.3392905,0.04005381,0.01188613,0.0158814,0.5803905,0.548731,0.4429993,0.04554304,0.01497151,0.004040521,0.08447019,0.1298075,0.1197819,0.8557047,0.7502874,0.06062823,0.007534351,0.02987517,
1/22/23 17:31,288,0.3294403,0.3140343,0.2895273,0.4745319,0.2404141,0.3518661,0.2496284,0.2209916,0.2534197,0.2591365,0.2781135,0.03843835,0.01567926,0.02002897,0.02101038,0.1218017,0.1301714,0.1279959,0.2974324,0.2962025,0.346352,0.03426054,0.01127197,0.01396234,0.6001495,0.5539229,0.4439193,0.04504384,0.01411198,0.00409,0.09368134,0.1185027,0.1101768,0.845464,0.7622105,0.01455563,0.01455563,0.04214672,
1/22/23 21:31,292,0.3278241,0.3063023,0.2842221,0.4772591,0.2452689,0.3421059,0.2399394,0.2235786,0.2500366,0.2564457,0.2733872,0.03868192,0.01484347,0.018686,0.02061068,0.1185042,0.1283699,0.1239223,0.3019709,0.3018199,0.3515829,0.03400885,0.00928444,0.01290668,0.5731804,0.5750095,0.3970491,0.04924393,0.01542361,0.003865664,0.05252347,0.1152137,0.1249174,0.849921,0.7706679,0.01427551,0.01427551,0.02054804,
1/23/23 1:31,296,0.3231648,0.3060159,0.2821278,0.4840444,0.2529637,0.3390565,0.2367381,0.2281174,0.2450243,0.2536606,0.2690668,0.03802597,0.01411948,0.0181499,0.01996093,0.1155356,0.1255342,0.1225639,0.3110901,0.3019973,0.3598237,0.0327093,0.01165444,0.008470655,0.5953113,0.5287708,0.4064523,0.04862837,0.01707798,0.004235984,0.05930094,0.1374321,0.1197925,0.8704821,0.7985913,0.0210162,0.0210162,0.02187046,
1/23/23 5:31,300,0.3162363,0.3005705,0.2766822,0.4887105,0.2460586,0.3379776,0.2260914,0.2309454,0.2459328,0.2526868,0.2678439,0.03730489,0.01392977,0.01764389,0.02053455,0.1117611,0.1213936,0.1199823,0.320353,0.3054281,0.364002,0.03230232,0.009121948,0.007198427,0.5483279,0.5349127,0.3775588,0.04823053,0.01979429,0.004241188,0.06543729,0.1477529,0.1267195,0.8320841,0.7174392,0.01742918,0.01742918,0.02652873,
1/23/23 9:31,304,0.3135631,0.2989621,0.2730241,0.4760672,0.2601591,0.3168591,0.2164636,0.2314588,0.2467423,0.2491344,0.2638263,0.03681893,0.01307207,0.01747677,0.01963785,0.1090061,0.1197933,0.118438,0.3326834,0.3089264,0.3700336,0.03458596,0.009143087,0.006416374,0.6009554,0.5370737,0.3645901,0.04849694,0.02031859,0.004477319,0.07984002,0.1296075,0.1278596,0.8692843,0.7350017,0.006924599,0.006924599,0.02776944,
1/23/23 13:31,308,0.3088773,0.2923949,0.2715726,0.4971521,0.2479382,0.3154078,0.2091618,0.2365816,0.2481708,0.2453325,0.2597312,0.036971,0.012916,0.01629776,0.01841771,0.1062041,0.1181552,0.1182058,0.3331177,0.3067982,0.3786828,0.03254274,0.008814353,0.006720882,0.6141599,0.5247345,0.3563152,0.04916238,0.02168234,0.004169096,0.06526804,0.1280044,0.1188508,0.8419693,0.7152281,0.005073297,0.005073297,0.01352041,
1/23/23 17:31,312,0.3056881,0.289494,0.2692176,0.4972939,0.25914,0.304752,0.209489,0.2367839,0.2465076,0.240244,0.2544705,0.03658063,0.01339774,0.01634182,0.01877954,0.104419,0.1150638,0.1159543,0.3510028,0.311154,0.383521,0.03075623,0.009632756,0.007728314,0.6284206,0.5144852,0.3421343,0.05129029,0.02364062,0.005081614,0.06792702,0.1288535,0.1254397,0.8598999,0.7299652,0.008020975,0.008020975,0.01097193,
1/23/23 21:31,316,0.3031723,0.2848295,0.2662013,0.5064193,0.2498371,0.2995079,0.1992008,0.2414669,0.2418982,0.2386227,0.2493147,0.03577583,0.01291242,0.01563305,0.01816362,0.1040094,0.112792,0.1152559,0.357708,0.3171858,0.3855838,0.03179524,0.008216615,0.005933474,0.6091604,0.5100955,0.3209998,0.05378152,0.02509679,0.005382061,0.06279095,0.123934,0.1251,0.820862,0.7536672,0.007084182,0.007084182,0.01691873,
1/24/23 1:31,320,0.2957386,0.2779417,0.2631861,0.5199156,0.2385909,0.2979156,0.1993224,0.2476848,0.2316489,0.2341614,0.2458752,0.03594301,0.01191386,0.01499296,0.01726454,0.1017344,0.1127851,0.1119662,0.3525847,0.3152663,0.3823058,0.02964143,0.01072928,0.006044593,0.6159634,0.5371383,0.3097908,0.05296116,0.02613927,0.005815948,0.06196148,0.1306804,0.1376613,0.8596604,0.7105893,0.005856868,0.005856868,0.01346307,
1/24/23 5:31,324,0.2923954,0.2802116,0.2607166,0.5381272,0.2586772,0.2893885,0.1891119,0.2528885,0.2268738,0.2303052,0.2417052,0.03515007,0.01179241,0.01451937,0.01662638,0.09971693,0.110075,0.1128271,0.3597376,0.3167595,0.385836,0.02924273,0.009066306,0.004353678,0.6517125,0.5516862,0.3238757,0.05448145,0.02738305,0.006726245,0.07417354,0.1372888,0.1184028,0.8968379,0.6793852,0.007553918,0.007553918,0.01782886,
1/24/23 9:31,328,0.2843009,0.2755249,0.2576684,0.57701,0.2703659,0.2989941,0.1880913,0.2602149,0.2228728,0.2250157,0.2367469,0.03718559,0.01144898,0.01400068,0.01616514,0.09947925,0.1071586,0.1085026,0.3604256,0.3180881,0.3880464,0.0301061,0.008601641,0.004286985,0.614002,0.5317912,0.3100312,0.05577311,0.02852496,0.007436881,0.06913874,0.1250046,0.1269397,0.9143266,0.6655343,0.01483917,0.01483917,0.01483917,
1/24/23 13:31,332,0.2813202,0.2707704,0.252443,0.5751862,0.2516845,0.2872804,0.1911245,0.2654802,0.2145434,0.2204676,0.2331017,0.03682865,0.01102577,0.0136747,0.01601898,0.1000113,0.1077446,0.1086462,0.3591629,0.3145274,0.384547,0.02748368,0.009834046,0.004074309,0.594583,0.5209468,0.3281228,0.05890337,0.03035391,0.007578075,0.06820043,0.1311575,0.1421609,0.8904761,0.6553775,0.005260175,0.005260175,0.005260175,
1/24/23 17:31,336,0.2343864,0.2408044,0.2297989,0.5395813,0.2166884,0.341049,0.2713242,0.2085756,0.1825435,0.1952704,0.2093294,0.02700184,0.009723369,0.01277709,0.01660162,0.08077388,0.09216066,0.08725963,0.3560099,0.2935125,0.3569227,0.03520622,0.02436915,0.0256821,0.6034463,0.5982132,0.4669099,0.05811875,0.03906031,0.0127243,0.05462146,0.1203565,0.1416381,0.9280619,0.6492592,0.004271127,0.004271127,0.004271127,
1/24/23 21:31,340,0.2609717,0.2537111,0.2432822,0.4730818,0.2328886,0.3531082,0.2747611,0.2330886,0.1916839,0.2065953,0.2186416,0.03498211,0.01094831,0.013922,0.01771286,0.08706078,0.09525751,0.09110872,0.3481899,0.2924129,0.3572181,0.02559566,0.01941752,0.02362807,0.5344422,0.58896,0.4556178,0.06618407,0.04320091,0.01546875,0.0712887,0.1348582,0.14709,0.8977695,0.6252768,0.03739965,0.000890359,0.002693627,
1/25/23 1:31,344,0.2837161,0.2728829,0.2624896,0.4865817,0.2551972,0.4159606,0.2952715,0.2712626,0.2113004,0.2227528,0.2353754,0.04535857,0.01414866,0.01720232,0.02195903,0.09525578,0.1064482,0.09940055,0.3584421,0.3038711,0.3808029,0.03016195,0.02226587,0.0357535,0.5400723,0.5637228,0.4654526,0.082957,0.04936294,0.01904928,0.1077313,0.1378175,0.1523208,0.8795634,0.6304805,0.01379535,0.03983187,0.03983187,
1/25/23 5:31,348,0.2960052,0.2606321,0.2684266,0.4818022,0.2493059,0.3843051,0.2868472,0.2821527,0.2255791,0.2395342,0.2431958,0.05351172,0.01776467,0.01949534,0.0237871,0.1058785,0.1131714,0.1078322,0.3734107,0.3119397,0.3963155,0.03733983,0.02420916,0.04038292,0.5074636,0.588232,0.4933449,0.09978962,0.06599423,0.03104198,0.1478407,0.1360057,0.1614058,0.8460169,0.6502248,0.004452856,0.004452856,0.004452856,
1/25/23 9:31,352,0.3001075,0.2862108,0.264801,0.4887059,0.2261355,0.3532761,0.2706823,0.2877258,0.2395807,0.2481072,0.2505224,0.05829357,0.0206892,0.02283209,0.02857506,0.1039815,0.1128051,0.1060526,0.375643,0.3111635,0.3919193,0.04345901,0.0360593,0.04530848,0.514031,0.5159603,0.4273692,0.09534245,0.07292689,0.03716478,0.1713957,0.1267227,0.1600422,0.7957432,0.6374198,0.001663587,0.001663587,0.001663587,
1/25/23 13:31,356,0.2979317,0.2913289,0.26683,0.4696093,0.2516604,0.3422728,0.2540902,0.2837825,0.2470455,0.252652,0.2543654,0.0625605,0.02608556,0.02739175,0.03379663,0.1065429,0.1166592,0.1111032,0.3873844,0.3147146,0.3786909,0.04346031,0.04210479,0.04998492,0.5224491,0.5019348,0.4212254,0.09003147,0.07227793,0.0366171,0.1185243,0.1425948,0.1580877,0.767655,0.630502,0.02054328,0.02054328,0.01344623,
1/25/23 17:31,360,0.308348,0.2971961,0.2727129,0.4665243,0.2390785,0.3248625,0.2418386,0.276437,0.2457907,0.2549734,0.2534056,0.06420156,0.03126157,0.03230261,0.03938202,0.1111913,0.1183697,0.1177712,0.3783488,0.298274,0.3572891,0.04865998,0.05112624,0.05054773,0.4891624,0.4808691,0.3946854,0.08616293,0.06939615,0.03494489,0.09247668,0.1253654,0.1606048,0.7420369,0.6507328,0.01998393,0.00099399,0.01356884,
1/25/23 21:31,364,0.3231611,0.3147362,0.2883259,0.5156379,0.2346989,0.3183747,0.2350909,0.2783428,0.258033,0.266449,0.271214,0.07139269,0.03761772,0.03716369,0.04624027,0.1251997,0.1364098,0.1300303,0.3792495,0.3029342,0.3463406,0.05371805,0.05738551,0.05291542,0.4968866,0.5044345,0.3693375,0.08282793,0.0706675,0.03377132,0.1275141,0.138685,0.1745865,0.7283336,0.6124772,0.01096935,0.002682451,0.0040805,
1/26/23 1:31,368,0.3262403,0.3211123,0.2918825,0.5808223,0.2534475,0.3042589,0.247072,0.255592,0.2557695,0.2668686,0.2669226,0.07317946,0.04007269,0.03847121,0.04898974,0.1289162,0.1359782,0.1294149,0.3739184,0.3071284,0.3453567,0.0549718,0.06004914,0.05472152,0.4708771,0.5023972,0.3780187,0.08203618,0.07053082,0.03291109,0.1203696,0.1383207,0.1483946,0.7009888,0.5872872,0.01128278,0.003549353,0.02173217,
1/26/23 5:31,372,0.3362244,0.3217969,0.294985,0.5822859,0.2258606,0.2884923,0.227906,0.2490162,0.2626155,0.2709499,0.269033,0.07656939,0.04489625,0.0415713,0.05239189,0.1346283,0.1452235,0.1366565,0.3611097,0.2947528,0.3404648,0.0534794,0.05720578,0.05337663,0.4504038,0.4802911,0.3734049,0.08726662,0.06902616,0.03161125,0.1209544,0.140998,0.1702688,0.6950176,0.5972973,0.0175326,0.02939957,0.02939957,
1/26/23 9:31,376,0.343237,0.3249925,0.2993229,0.5143882,0.1862365,0.2557921,0.1914975,0.2448987,0.267902,0.2752893,0.2755785,0.07875373,0.04740278,0.04472861,0.05415763,0.1372479,0.1516539,0.1415431,0.3413972,0.2752503,0.3265982,0.04662808,0.05669558,0.05304734,0.435141,0.4759766,0.3907226,0.08277967,0.0792776,0.03324232,0.1906931,0.1373197,0.1882427,0.641985,0.5964783,0.01648997,0.02448556,0.02448556,
1/26/23 13:31,380,0.3455786,0.3251741,0.305557,0.4737763,0.1482015,0.2455251,0.1713948,0.2460647,0.2793944,0.283626,0.2865347,0.08660192,0.05007529,0.04840921,0.05816799,0.1402481,0.1511985,0.1440978,0.3355849,0.2602361,0.3061927,0.04441869,0.05530482,0.04873589,0.4343207,0.4235651,0.3516065,0.07833809,0.08796851,0.03192174,0.1307495,0.1377348,0.1318917,0.6642559,0.6468921,0.01421642,0.007018718,0.007018718,
1/26/23 17:31,384,0.351047,0.3384507,0.3088533,0.4032474,0.1429043,0.2051256,0.1491944,0.2497962,0.2840489,0.2927796,0.2991506,0.09110067,0.05315826,0.05180857,0.06154559,0.1499519,0.151275,0.1492437,0.3173444,0.2509722,0.2934155,0.04793159,0.05173658,0.04424641,0.4092596,0.4086207,0.2996411,0.07907481,0.09063797,0.0345236,0.1017085,0.125398,0.1281118,0.6259181,0.5441253,0.01886885,0.004958018,0.004958018,
1/26/23 21:31,388,0.3561979,0.3449693,0.3147971,0.3959492,0.1329256,0.2031146,0.1505821,0.2541738,0.2959271,0.3086628,0.3114337,0.0994052,0.05611846,0.05503037,0.0645999,0.1522462,0.1575631,0.1523125,0.3032641,0.244717,0.2908946,0.04843832,0.04808349,0.04273137,0.3657231,0.3778531,0.3021038,0.08445659,0.1004645,0.04171407,0.1076957,0.1168387,0.1151713,0.6424872,0.5393234,0.01672989,0.003640436,0.003640436,
1/27/23 1:31,392,0.3598663,0.3490906,0.3208535,0.3733898,0.1210062,0.1966439,0.1534676,0.2629547,0.306893,0.3248748,0.3248478,0.1116034,0.05969868,0.05595251,0.06787106,0.1614992,0.1615118,0.1568141,0.2993663,0.2444233,0.2858899,0.04356086,0.04661608,0.03730486,0.350385,0.368282,0.2908639,0.09762209,0.1190697,0.05564488,0.1246349,0.109121,0.1161681,0.6161394,0.5440568,0.01463525,0.002036829,0.002036829,
1/27/23 5:31,396,0.3698791,0.3518506,0.3250306,0.3684982,0.1169368,0.19147,0.154546,0.2692915,0.3150903,0.328788,0.3388298,0.1254227,0.06244579,0.05895347,0.07223697,0.1649527,0.1654464,0.1634096,0.2931826,0.2406055,0.2856014,0.03993129,0.04173382,0.03451466,0.374091,0.3644266,0.2956319,0.1173678,0.1352487,0.07680473,0.1251959,0.1168366,0.1247074,0.64744,0.5432172,0.01017178,0.004388059,0.004388059,
1/27/23 9:31,400,0.3438952,0.3155283,0.2857555,0.2871345,0.1536147,0.1895634,0.1211624,0.2849679,0.3302408,0.3308803,0.3408053,0.1315117,0.06803408,0.06879081,0.07120404,0.1789505,0.172535,0.1800738,0.2412762,0.2966088,0.3472526,0.04394311,0.04843491,0.06810445,0.3559518,0.3531429,0.2431678,0.098672,0.1001205,0.09789507,0.2102023,0.08663719,0.1347585,0.37971,0.1566836,0.000177956,0.000177956,0.000177956,
1/27/23 13:31,404,0.3793134,0.3632615,0.3317649,0.2819375,0.1175905,0.1982244,0.1652162,0.2781218,0.3217771,0.3249467,0.3415067,0.1494531,0.06960309,0.0654078,0.08390163,0.1713247,0.1771812,0.1736547,0.2795556,0.2405032,0.2915105,0.03799753,0.0416054,0.03144655,0.3129688,0.333277,0.2706912,0.1652584,0.1818376,0.1182395,0.1407176,0.10071,0.13558,0.6040799,0.5583964,0.01614234,0.004640215,0.007673282,
1/27/23 17:31,408,0.2000443,0.3130789,0.1706622,0.1250055,0.1040364,0.1430955,0.08548745,0.2449585,0.2690306,0.2421201,0.2958378,0.111128,0.0570212,0.08039676,0.06775945,0.1277841,0.09760438,0.1549976,0.1454923,0.2603557,0.3266112,0.01760948,0.02582624,0.05931385,0.3129688,0.333277,0.2706912,0.1652584,0.1818376,0.1182395,0.1407176,0.07415503,0.04632714,0.4136122,0.3994598,0.01594751,0.004456292,0.000139246,
1/28/23 5:31,420,0.4075779,0.3682638,0.314361,0.2294043,0.2061481,0.3073455,0.2435783,0.3693389,0.3557866,0.3245426,0.3465756,0.2349206,0.1154818,0.1074471,0.1065038,0.2001171,0.1787584,0.1916418,0.2772557,0.3358889,0.4057466,0.06070772,0.09104694,0.1019666,0.3303161,0.3799898,0.2374156,0.2486285,0.1951464,0.2208331,0.1764111,0.1039022,0.1606336,0.4534963,0.2709778,0.01594751,0.009383523,0.009383523,
1/28/23 17:31,432,0.4160195,0.3637098,0.314808,0.3040111,0.1940501,0.2570533,0.1959261,0.3786134,0.3460116,0.3208134,0.3369086,0.2620395,0.1432264,0.1277056,0.1372656,0.2181331,0.1962046,0.207729,0.268682,0.3378249,0.3967823,0.0775851,0.1052132,0.1185502,0.3391133,0.3699209,0.2087766,0.2074236,0.1903664,0.2053201,0.1954914,0.1088755,0.1576753,0.4334782,0.292305,0.009383523,0.009383523,0.009383523,
1/28/23 21:31,436,0.4930533,0.4422255,0.3943332,0.3590042,0.1888765,0.2925219,0.2327276,0.3870228,0.3420017,0.3373876,0.3463722,0.3110121,0.1542143,0.1346433,0.1663498,0.22953,0.2151249,0.1964976,0.319439,0.2668613,0.3280043,0.08719379,0.08795087,0.09100919,0.3483883,0.3885746,0.3026908,0.286598,0.2818688,0.2337712,0.1562619,0.1014894,0.132789,0.6163101,0.7357709,0.01859174,0.001103342,0.003804602,
1/29/23 1:31,440,0.4737651,0.4593308,0.3513848,0.2432696,0.2574596,0.1465791,0.2119151,0.4020264,0.3320852,0.3089941,0.3389235,0.3300133,0.1599494,0.1386874,0.1390554,0.241712,0.1920767,0.2343331,0.2993951,0.2997244,0.3857972,0.07078756,0.1114017,0.1257624,0.3354559,0.3429838,0.2675585,0.2054668,0.17298,0.212704,0.1212901,0.07671613,0.06135933,0.3710478,0.5033097,0.009520352,0.001470197,0.001788673,
1/29/23 5:31,444,0.5307258,0.5003808,0.3840947,0.3099709,0.2229956,0.1147195,0.1873375,0.4248047,0.3417609,0.3204146,0.3521644,0.3864558,0.1768677,0.1512587,0.151696,0.26676,0.1927508,0.2304545,0.2995447,0.3027626,0.3932447,0.07542467,0.1204781,0.1352527,0.3049578,0.3300373,0.2831261,0.1888002,0.1676364,0.2106378,0.1263201,0.07013411,0.0776787,0.3617989,0.5047349,0.007368715,0.001914352,0.002230006,
1/29/23 9:31,448,0.5680673,0.4775198,0.4133953,0.5194653,0.1378324,0.168941,0.1624581,0.4646347,0.3847256,0.3523208,0.3513538,0.4375035,0.1877532,0.1582634,0.1731773,0.2749172,0.2145861,0.2124303,0.2648908,0.3224284,0.3830856,0.1120197,0.1292216,0.1587825,0.3371448,0.27134,0.1820411,0.2071075,0.2243472,0.2427994,0.1637568,0.08276157,0.1160246,0.4109486,0.2500973,0.003761566,0.003761566,0.000200046,
1/29/23 13:31,452,0.5883213,0.5467727,0.4109869,0.2775598,0.1797702,0.09128014,0.1598884,0.4718014,0.3658891,0.3404903,0.3629426,0.4954188,0.1946919,0.1662692,0.1639784,0.2779821,0.1984084,0.2281854,0.3027529,0.2901415,0.3809361,0.09616219,0.1416455,0.1528176,0.2579189,0.2503409,0.2055135,0.1626163,0.1604663,0.2055465,0.1101187,0.05521331,0.08083637,0.3480546,0.5081176,0.006206385,0.001099205,0.00266059,
1/29/23 21:31,460,0.6290023,0.5262526,0.4854424,0.4007902,0.1443318,0.1855988,0.2084104,0.5306157,0.3923818,0.3833739,0.3753686,0.6075718,0.185878,0.168351,0.2006751,0.3125625,0.248959,0.2032691,0.3290949,0.2741085,0.305933,0.1655209,0.1487038,0.159676,0.2672789,0.2123814,0.2275961,0.2909333,0.34935,0.257232,0.2302879,0.0552628,0.1251355,0.5849055,0.8019752,0.02646395,0.007832862,0.00492841,
1/30/23 1:31,464,0.6462861,0.5335361,0.48739,0.4354691,0.1553857,0.1965086,0.2277442,0.579899,0.3888705,0.3963356,0.3963309,0.653578,0.189711,0.1767624,0.2079411,0.3218904,0.2649091,0.2189351,0.339729,0.2762671,0.3047035,0.1879608,0.1634133,0.1714007,0.2461152,0.1972578,0.2023864,0.3084773,0.3562188,0.2604867,0.1561695,0.0559285,0.0826529,0.5709962,0.75001,0.02313992,0.001030636,0.004705392,
1/30/23 5:31,468,0.6752943,0.5360876,0.4909265,0.4344859,0.1714847,0.2099465,0.2483021,0.6314961,0.3833717,0.4012085,0.412128,0.6852417,0.1931941,0.1806674,0.2163499,0.32316,0.2791817,0.2390567,0.3498635,0.2725096,0.3018857,0.2113038,0.1752989,0.1789145,0.2697203,0.1697558,0.1757154,0.3332922,0.364617,0.2680003,0.1767171,0.05081801,0.1075038,0.52841,0.6669827,0.02297143,0.001647788,0.001927593,
1/30/23 9:31,472,0.6564517,0.5074857,0.4416686,0.370701,0.1716631,0.1985245,0.2260137,0.7239179,0.3973255,0.3771183,0.3962802,0.6629412,0.1966748,0.1793889,0.1978886,0.3244686,0.2772132,0.2589165,0.2884946,0.3268648,0.3695875,0.212746,0.200723,0.2268741,0.3141595,0.140438,0.08736607,0.2882974,0.2869212,0.2713848,0.2768724,0.04961058,0.09715209,0.3700749,0.2682273,0.003528171,0.003528171,0.000238605,
1/30/23 13:31,476,0.7168692,0.5074143,0.4573744,0.5451722,0.1932991,0.2055363,0.2375907,0.7949889,0.3914648,0.381648,0.3968645,0.6320432,0.2024105,0.1849646,0.2034297,0.3292453,0.3016555,0.274745,0.3006392,0.3273323,0.3681191,0.2337424,0.2137353,0.2348655,0.2848148,0.1233268,0.07410907,0.3110668,0.2985177,0.2733849,0.2834519,0.05038844,0.07605411,0.3681036,0.1753985,0.004053632,0.000134575,0.000134575,
1/30/23 17:31,480,0.615882,0.4485815,0.4097279,0.31361,0.1807493,0.2106264,0.2514631,0.6569079,0.3169308,0.3517267,0.3724281,0.2519763,0.1721753,0.1917401,0.2166617,0.287383,0.2733232,0.2830163,0.3174382,0.2448011,0.2797385,0.2426555,0.1732866,0.1862698,0.1742416,0.1074042,0.1110892,0.342719,0.364053,0.2502434,0.1668902,0.0308274,0.05121107,0.3443,0.3403004,0.003449432,0.000124893,0.000124893,
1/30/23 21:31,484,0.6518801,0.4619698,0.4245508,0.2518851,0.2043502,0.2406424,0.2787665,0.6934634,0.3241023,0.3517827,0.3719885,0.253179,0.1742583,0.1913829,0.2210569,0.2842898,0.2787794,0.2830541,0.3338298,0.2515744,0.2879352,0.2716559,0.1946707,0.2094431,0.1509221,0.1119618,0.1142063,0.3538146,0.3801958,0.2642907,0.1517342,0.03760142,0.04455946,0.2790219,0.3128167,0.002359882,0.000136249,0.000136249,
1/31/23 1:31,488,0.720372,0.540487,0.5089775,0.196898,0.2574844,0.3199937,0.3264743,0.7745428,0.3371447,0.3540042,0.3698981,0.2646844,0.1864077,0.1852728,0.2111853,0.2909012,0.2725655,0.2752678,0.4021916,0.2789458,0.3111241,0.3293914,0.252228,0.2493203,0.1378331,0.1308411,0.09933823,0.4247018,0.4223989,0.301984,0.1679841,0.04183228,0.04715549,0.2863624,0.2725894,0.002426315,0.000121351,0.000121351,
1/31/23 5:31,492,0.7471815,0.5617217,0.522266,0.1819961,0.2933755,0.3515001,0.3462014,0.7752602,0.3421531,0.3434705,0.3632975,0.2595845,0.1945794,0.1731468,0.200474,0.2813639,0.2599776,0.2626862,0.4393869,0.3082339,0.3342912,0.355098,0.2881432,0.274983,0.1493518,0.1358181,0.1301356,0.4538333,0.441971,0.3209167,0.1384972,0.04503373,0.05252536,0.302222,0.2553686,0.002124917,0.000138191,0.000138191,
1/31/23 9:31,496,0.7180237,0.5435003,0.5114497,0.1839681,0.3001963,0.3477961,0.3339111,0.7319486,0.3330388,0.3334805,0.3532074,0.2513307,0.2006069,0.1712771,0.1934535,0.2795523,0.2479635,0.2507889,0.4537334,0.3105204,0.3347172,0.3528418,0.297117,0.2841585,0.1572053,0.1302426,0.1090972,0.4424573,0.4387609,0.3173387,0.1056178,0.0409979,0.06089667,0.2625026,0.2721754,0.001680959,0.000132492,0.000132492,
1/31/23 13:31,500,0.6989758,0.5266038,0.4927965,0.1848143,0.3043199,0.3387171,0.3293619,0.6904174,0.3309491,0.3267139,0.2863926,0.2492622,0.2059953,0.1709261,0.1943997,0.2705398,0.2409379,0.2414552,0.4413401,0.3039892,0.3256851,0.3421781,0.2969626,0.2822896,0.1528985,0.1308271,0.0948,0.4113777,0.4247445,0.3165585,0.1065178,0.0379573,0.05934452,0.2623356,0.2165106,0.001477924,0.000129106,0.000129106,
1/31/23 17:31,504,0.6964397,0.5284958,0.4815582,0.1882086,0.3239909,0.3391578,0.3410184,0.6884679,0.3399946,0.3324244,0.337163,0.244597,0.2172431,0.1753327,0.1958592,0.2786821,0.2391278,0.2402578,0.4344067,0.3031834,0.3282427,0.3444413,0.3063895,0.2939096,0.1600487,0.1272721,0.08870003,0.3962883,0.4510436,0.3226728,0.1110666,0.04320198,0.05699844,0.2550762,0.2501859,0.001111934,0.000135078,0.000135078,
1/31/23 21:31,508,0.6785965,0.5085269,0.4637862,0.2058915,0.3178893,0.3525659,0.3449841,0.654296,0.3422226,0.3145902,0.3274623,0.2356113,0.2213929,0.1658835,0.1880038,0.2685148,0.2268175,0.2308986,0.4215937,0.2990695,0.3263319,0.3413583,0.3052984,0.2939982,0.1489933,0.1165654,0.08620347,0.3788225,0.448149,0.3280002,0.10018,0.04117707,0.03779253,0.2618625,0.3385228,0.00099803,0.000134848,0.000134848,
2/1/23 1:31,512,0.6587068,0.4979383,0.4496561,0.198595,0.3000101,0.3439862,0.3469625,0.6207647,0.3388697,0.3109277,0.318661,0.2193374,0.2268765,0.1610352,0.1856229,0.2633603,0.2198976,0.2262296,0.4123096,0.2975276,0.3283251,0.3346412,0.3041282,0.2952749,0.1493149,0.1088878,0.08016729,0.3804778,0.4616746,0.3294059,0.07741383,0.03919451,0.03450016,0.2222683,0.1916609,0.000909951,0.000134591,0.000134591,
2/1/23 5:31,516,0.6333005,0.4814594,0.4349711,0.1820929,0.2969981,0.3362049,0.3428245,0.6080482,0.3368016,0.3102531,0.3124823,0.2137823,0.2229424,0.1572486,0.1797062,0.2576679,0.2125439,0.2183463,0.4058249,0.2967049,0.3242016,0.3338225,0.3019354,0.2981001,0.156795,0.1051365,0.06515124,0.3776423,0.4663046,0.3271404,0.2077174,0.03372733,0.03603402,0.2391912,0.2598666,0.000697732,0.000157977,0.000157977,
2/1/23 9:31,520,0.6084034,0.4713635,0.4316474,0.1640087,0.2917311,0.3379771,0.342689,0.601079,0.3328397,0.301419,0.3102715,0.1998678,0.2228759,0.1547959,0.1775085,0.2536356,0.207829,0.2125588,0.40642,0.2966114,0.3172096,0.3318388,0.303779,0.3016399,0.1305268,0.09459432,0.05855522,0.365441,0.4639843,0.3219398,0.1504201,0.03203691,0.05170151,0.2181993,0.3241322,0.00065916,0.000138111,0.000138111,
2/1/23 13:31,524,0.5880361,0.4721056,0.4319105,0.1671149,0.2966181,0.346751,0.3405724,0.5917162,0.3262065,0.3011965,0.3069321,0.1826434,0.2229594,0.1554842,0.1779312,0.2494089,0.2024685,0.2075429,0.3875304,0.2973074,0.3193484,0.3384277,0.3104523,0.3100938,0.1193721,0.08697847,0.05727798,0.3535596,0.4538625,0.3239568,0.1649847,0.03502861,0.03879984,0.1857473,0.1746502,0.000570838,0.000135898,0.000135898,
2/1/23 17:31,528,0.5787715,0.4758295,0.4377883,0.174619,0.3111726,0.3477359,0.3394194,0.5905574,0.3240937,0.2970176,0.3012793,0.1770776,0.2222802,0.1578523,0.1799059,0.2475148,0.1968645,0.2016518,0.3808763,0.2926147,0.3204702,0.3460298,0.3153674,0.3162533,0.1172912,0.08229468,0.0525448,0.3439035,0.4525883,0.3206574,0.1274635,0.04150827,0.02943174,0.2106865,0.172715,0.000553663,0.000133606,0.000133606,
2/1/23 21:31,532,0.582733,0.4846655,0.4483673,0.1631129,0.3285756,0.3522719,0.3357629,0.600353,0.3301805,0.2954882,0.3003092,0.1648823,0.2287531,0.1608635,0.17958,0.2474503,0.1948893,0.1973224,0.3777272,0.2924272,0.3243381,0.3527002,0.3173553,0.3177325,0.09995055,0.08618433,0.05499861,0.3337782,0.4474314,0.3235157,0.1453896,0.04850693,0.03243797,0.1714429,0.1688493,0.000504592,0.000137755,0.000137755,
2/2/23 1:31,536,0.5925984,0.4950516,0.4474682,0.140963,0.3492068,0.3486096,0.3325792,0.6195408,0.3505806,0.2906699,0.292441,0.1574597,0.2363564,0.1657694,0.1806475,0.2454059,0.1907292,0.1938243,0.3759393,0.2851642,0.3236961,0.3596383,0.3164547,0.3123241,0.09340007,0.08521879,0.05417994,0.3314309,0.43974,0.3165213,0.1635097,0.05642759,0.03214404,0.1422201,0.1568572,0.000533115,0.000140984,0.000140984,
2/2/23 5:31,540,0.6173745,0.4943054,0.4415718,0.1420329,0.362669,0.3483903,0.3368586,0.6157514,0.3702145,0.2902559,0.288404,0.1464204,0.2503578,0.173553,0.1878482,0.2400205,0.1864949,0.1923108,0.3725166,0.2842559,0.3287271,0.3647459,0.3092305,0.3067361,0.08390474,0.0888498,0.05204497,0.3253636,0.4368955,0.3140712,0.1458444,0.06378348,0.03037454,0.1392399,0.1779133,0.000492631,0.000136212,0.000136212,
2/2/23 9:31,544,0.6438689,0.5005868,0.4422358,0.1328109,0.3622858,0.3423699,0.3369627,0.6003166,0.3880223,0.2996157,0.2875182,0.138149,0.2588651,0.1827182,0.1934999,0.2431468,0.1843237,0.1901775,0.3758734,0.2822549,0.3337475,0.3752617,0.3011715,0.30275,0.0832162,0.09302118,0.05371619,0.3273872,0.4380921,0.3105339,0.1329485,0.07350842,0.03078402,0.1360361,0.1513019,0.000483993,0.000127942,0.000127942,
2/2/23 13:31,548,0.6580855,0.4887511,0.4420048,0.1224452,0.3609862,0.3433599,0.3284319,0.6004834,0.3985468,0.3094724,0.2858028,0.1325013,0.271943,0.193866,0.2045324,0.2431669,0.1841749,0.1826099,0.3779191,0.2902755,0.3275043,0.3799886,0.2960602,0.297312,0.08035336,0.1031688,0.0603886,0.3200896,0.4313605,0.3116774,0.1072179,0.08124638,0.02958217,0.1327213,0.1677864,0.000463174,0.00013921,0.00013921,
2/2/23 17:31,552,0.6681027,0.4763482,0.4355547,0.1228786,0.3675166,0.3398383,0.3206523,0.5853729,0.4069805,0.3299761,0.2948973,0.1281169,0.285085,0.2048275,0.2163767,0.2551506,0.1806675,0.1791755,0.3659972,0.3002747,0.3280521,0.384652,0.2929943,0.2932518,0.08570345,0.114116,0.06706829,0.3120143,0.4279505,0.3103443,0.07598256,0.084913,0.03173905,0.1168399,0.1924223,0.000685287,8.03E-05,8.03E-05,
2/2/23 21:31,556,0.6820888,0.4816507,0.4450154,0.122887,0.3716027,0.3379271,0.3168051,0.5690038,0.410889,0.3569009,0.3139872,0.1218352,0.2882737,0.2179739,0.2281041,0.2652664,0.1845292,0.177979,0.3755569,0.3032154,0.3250227,0.3873242,0.2964045,0.2955967,0.07603456,0.1211788,0.07506077,0.3048373,0.4234887,0.3058884,0.0688436,0.08844636,0.03570635,0.114094,0.1963654,0.000662863,7.12E-05,7.12E-05,
2/3/23 1:31,560,0.6793986,0.4765201,0.4511988,0.1145,0.3683541,0.3291349,0.3022056,0.5449821,0.4144588,0.3809984,0.333873,0.1196411,0.2918985,0.2317055,0.2429592,0.2792648,0.1860688,0.1751472,0.3766347,0.3031023,0.3326716,0.3838845,0.3162577,0.294046,0.07316764,0.1376072,0.08008404,0.2937288,0.4222553,0.3028629,0.08718874,0.08972812,0.04296618,0.1036034,0.196481,0.000605123,7.35E-05,7.35E-05,
2/3/23 5:31,564,0.6860563,0.4768219,0.4420679,0.1173149,0.3665926,0.3266143,0.2943161,0.5348884,0.4111056,0.4003676,0.3503893,0.1181497,0.291033,0.2394665,0.2566354,0.2953095,0.189055,0.174263,0.3676996,0.2985374,0.3358903,0.3786994,0.334582,0.2954004,0.07563528,0.1455574,0.08935466,0.2896951,0.4083945,0.2974358,0.07791469,0.09212875,0.04818434,0.08520656,0.1632824,0.000550821,8.40E-05,8.40E-05,
2/3/23 9:31,568,0.6866692,0.4837539,0.4490776,0.1221282,0.3632714,0.3160541,0.2838831,0.5231259,0.4067073,0.4147077,0.3716625,0.1141061,0.2932148,0.2539117,0.2727109,0.3166304,0.1994814,0.1766035,0.3560359,0.2916612,0.3345672,0.3776365,0.3570777,0.2914596,0.07950498,0.1591778,0.0963634,0.274456,0.3967464,0.2923217,0.07127796,0.1000992,0.05047185,0.07708054,0.1579103,0.000552901,7.07E-05,7.07E-05,
2/3/23 13:31,572,0.686581,0.4838643,0.4511337,0.1177115,0.354762,0.3137406,0.2758665,0.5020961,0.4069626,0.4280472,0.3920407,0.1117108,0.2908444,0.2640914,0.2800546,0.3385564,0.2147128,0.1786143,0.3432894,0.2857275,0.3309484,0.3712637,0.370899,0.2977004,0.07215563,0.1710372,0.101127,0.2582926,0.3882273,0.2849667,0.06351443,0.1054374,0.0555696,0.0922339,0.1272629,0.000569427,6.85E-05,6.85E-05,
2/3/23 17:31,576,0.6345428,0.4633809,0.424988,0.09135438,0.3150797,0.2895098,0.2441455,0.4381042,0.4239302,0.3750822,0.3923178,0.06425498,0.2762392,0.2355912,0.2701102,0.3472362,0.3304055,0.3485402,0.296161,0.2266477,0.2967885,0.3507143,0.3789809,0.4089043,0.06292225,0.1695493,0.09727773,0.2098947,0.3495923,0.2593016,0.09985411,0.1019956,0.04765017,0.07624771,0.07985797,0.00053758,7.18E-05,7.18E-05,
2/3/23 21:31,580,0.6432581,0.48291,0.4350047,0.09267979,0.3315533,0.3003417,0.2537062,0.4575849,0.4120453,0.3870937,0.3965055,0.08057088,0.2740938,0.2370178,0.2802024,0.3683867,0.341309,0.3571005,0.3122752,0.2315632,0.3012462,0.3565907,0.3934817,0.4199174,0.06634419,0.1894841,0.1109716,0.2099354,0.3518913,0.2526424,0.06627402,0.1158296,0.05355905,0.0802043,0.08508796,0.000560869,7.09E-05,7.09E-05,
2/4/23 1:31,584,0.6363214,0.4828318,0.4362925,0.1120701,0.3731211,0.3395274,0.274213,0.4780584,0.4018943,0.3892391,0.3994418,0.100888,0.2689537,0.2385031,0.275835,0.3812694,0.3573296,0.3617601,0.3409679,0.2470746,0.3209674,0.3755317,0.3964602,0.4183583,0.09163886,0.2306497,0.1474162,0.2394569,0.3627976,0.2567924,0.07756822,0.1352551,0.0714314,0.08681101,0.08747187,0.000549139,7.82E-05,7.82E-05,
2/4/23 5:31,588,0.5938496,0.469808,0.4214169,0.1107853,0.3911997,0.3587025,0.2733983,0.4759401,0.3743241,0.3754623,0.3866122,0.1058336,0.258857,0.2325426,0.2688721,0.3746044,0.3569059,0.3548257,0.3539943,0.2557692,0.3211039,0.3827212,0.3939058,0.4107309,0.1139939,0.2641685,0.1821255,0.25651,0.3624536,0.2608264,0.07317648,0.1487268,0.08723869,0.08264458,0.07529704,0.000527338,7.24E-05,7.24E-05,
2/4/23 9:31,592,0.5936128,0.4577965,0.3987657,0.1205314,0.3917217,0.3587621,0.266291,0.4649844,0.3650339,0.3709727,0.3694097,0.1099742,0.2544541,0.2266524,0.2637025,0.362324,0.3482958,0.3401116,0.3469772,0.2583219,0.3152087,0.3810492,0.3804151,0.4012271,0.1105377,0.2737092,0.1895954,0.2550637,0.3646827,0.2567855,0.07409824,0.1532178,0.09206462,0.0788582,0.08026707,0.00050803,7.14E-05,7.14E-05,
2/4/23 13:31,596,0.5845023,0.4484469,0.3894656,0.1229661,0.3845395,0.3554743,0.2563187,0.4552317,0.3478271,0.3683595,0.3638466,0.1059975,0.2533045,0.2275342,0.2577805,0.3666279,0.3477336,0.329857,0.3323216,0.2554093,0.3197162,0.3817854,0.3636469,0.3887944,0.1077798,0.2788122,0.1930748,0.2484401,0.3640859,0.2506163,0.08112764,0.1545651,0.09525217,0.0839175,0.07469195,0.000612375,8.05E-05,8.05E-05,
2/4/23 17:31,600,0.5677074,0.4418496,0.3807542,0.130787,0.3800024,0.3536997,0.2526597,0.4518954,0.343671,0.3650647,0.3630907,0.1080067,0.2501045,0.2213491,0.250808,0.3626067,0.3403243,0.3276155,0.332276,0.2625786,0.3179302,0.3718322,0.3622261,0.3840969,0.1148898,0.2864631,0.2008009,0.2481939,0.363888,0.2450217,0.07557218,0.1561091,0.0982158,0.08050197,0.07989173,0.0005679,7.95E-05,7.95E-05,
2/4/23 21:31,604,0.5415499,0.4324347,0.3696569,0.1260645,0.3860331,0.3619833,0.2564816,0.4289999,0.341634,0.3536617,0.3513244,0.1073259,0.2421464,0.2144042,0.2443807,0.3549379,0.3353402,0.3188437,0.3392413,0.2645712,0.3253053,0.3790653,0.3533486,0.3747836,0.1179147,0.2935372,0.2082651,0.2471398,0.3646322,0.2405193,0.07317853,0.1492617,0.1058935,0.07623542,0.0766646,0.000573265,8.45E-05,8.45E-05,
2/5/23 1:31,608,0.5266017,0.4210633,0.3623747,0.1304562,0.3931421,0.3624198,0.255149,0.4319168,0.3500186,0.343149,0.3383512,0.1044688,0.2355354,0.2079557,0.240191,0.3418652,0.3221542,0.3077446,0.3357231,0.2673217,0.3186635,0.3868813,0.3369749,0.3671662,0.1138799,0.2932818,0.2134977,0.2525256,0.3699427,0.2410352,0.06661288,0.151129,0.1043465,0.07956184,0.06965064,0.000560329,8.68E-05,8.68E-05,
2/5/23 5:31,612,0.5123143,0.4102959,0.3591767,0.103164,0.3940973,0.3628522,0.2573417,0.4175918,0.33021,0.3343173,0.3316082,0.1032215,0.228891,0.1987773,0.2356036,0.323366,0.3107681,0.3014354,0.3408354,0.2576894,0.3137728,0.3953629,0.3361855,0.3549368,0.1018663,0.2962395,0.2182417,0.2530141,0.3702596,0.2401898,0.07177287,0.1589123,0.1017543,0.07281364,0.06936178,0.000542934,8.72E-05,8.72E-05,
2/5/23 9:31,616,0.5015647,0.4052851,0.3598794,0.09819147,0.3964841,0.3558752,0.2569608,0.4238323,0.329766,0.3299065,0.3286831,0.1033663,0.2237924,0.1995863,0.2297608,0.3231617,0.3044573,0.2939309,0.3447137,0.2604961,0.3092599,0.3877668,0.339875,0.346615,0.1010364,0.3018821,0.2210114,0.252586,0.3636511,0.2396176,0.07505042,0.163406,0.1043831,0.08149951,0.07893822,0.000507778,8.72E-05,8.72E-05,
2/5/23 13:31,620,0.4960253,0.402444,0.3579887,0.1029552,0.4027908,0.3516591,0.2521706,0.4512464,0.3129373,0.3231109,0.322387,0.1078448,0.2192312,0.1959366,0.2247693,0.3217527,0.2995805,0.2873216,0.3395176,0.2542612,0.305337,0.3740299,0.3146965,0.3411999,0.1036557,0.3071281,0.2237234,0.249241,0.3672867,0.2319685,0.07554749,0.1694966,0.1122582,0.07165585,0.08571543,0.000516392,6.96E-05,6.96E-05,
2/5/23 17:31,624,0.4917185,0.4029408,0.3646019,0.1075316,0.4067287,0.3499908,0.2478359,0.4699847,0.3185568,0.3163502,0.3202846,0.1121062,0.2184222,0.1986168,0.2264525,0.3256683,0.295188,0.281945,0.3364212,0.2499465,0.3019905,0.3706377,0.3261746,0.3419441,0.1044053,0.3107406,0.2355895,0.2484545,0.3610136,0.2221346,0.06764102,0.177368,0.1155971,0.06724646,0.07720076,9.56E-06,7.79E-06,7.79E-06,
2/5/23 21:31,628,0.5011783,0.4009499,0.3694947,0.1060084,0.4110094,0.3460365,0.2491684,0.4919466,0.3133985,0.3119672,0.3133877,0.1190588,0.2193425,0.2004121,0.2247645,0.3211053,0.2845699,0.275257,0.3305607,0.2470043,0.300088,0.3596894,0.3223726,0.337478,0.1145631,0.3100626,0.2367422,0.2370685,0.3577572,0.2139186,0.06628957,0.1806052,0.117295,0.06843422,0.06757286,9.13E-06,8.53E-06,8.53E-06,
2/6/23 1:31,632,0.5022628,0.4136424,0.3728136,0.1030868,0.4132314,0.3490957,0.2472918,0.5101465,0.3136468,0.3085331,0.312681,0.1265488,0.2192205,0.2043871,0.2224069,0.3292046,0.2850636,0.2695382,0.3334147,0.2419341,0.2966328,0.3698352,0.31383,0.334418,0.1214271,0.3245409,0.2386098,0.2371696,0.3536205,0.2045396,0.06756753,0.184876,0.12752,0.07233676,0.06302309,8.38E-06,7.73E-06,7.73E-06,
2/6/23 5:31,636,0.5086041,0.4150231,0.3802521,0.1119818,0.4073144,0.3443054,0.2521727,0.5214856,0.3140032,0.2963241,0.3055103,0.1394358,0.2182451,0.2092088,0.2223522,0.3290935,0.2844056,0.2645055,0.3373554,0.2404261,0.2950818,0.3885696,0.3115436,0.327565,0.1290951,0.3254384,0.2445299,0.2390022,0.351092,0.2030765,0.07528527,0.1875516,0.132292,0.06419975,0.07277216,8.09E-06,8.23E-06,8.23E-06,
2/6/23 9:31,640,0.5068108,0.417678,0.3833283,0.1204956,0.4067032,0.3462249,0.2507995,0.5322906,0.3170198,0.2976377,0.3015485,0.1525163,0.2275969,0.2114356,0.2194436,0.3321767,0.2879855,0.26112,0.3458489,0.2372625,0.2931765,0.4103023,0.3011072,0.3214666,0.1399349,0.330295,0.2483416,0.2387511,0.3608404,0.2026915,0.07547939,0.1942614,0.1348726,0.05815131,0.08395636,6.59E-06,8.45E-06,8.45E-06,
2/6/23 13:31,644,0.5138991,0.4225278,0.3851078,0.1346207,0.3961935,0.3451704,0.2521093,0.5217332,0.3097153,0.2902919,0.2959102,0.1641147,0.2343571,0.2105505,0.2205043,0.3257459,0.2947111,0.2600742,0.358723,0.2383136,0.2909547,0.4253896,0.2926236,0.3166846,0.145185,0.3353243,0.2536342,0.2405756,0.3728948,0.2015085,0.08259659,0.1953574,0.1384875,0.06183865,0.08470434,8.66E-06,8.01E-06,8.01E-06,
2/6/23 17:31,648,0.5377518,0.4419349,0.4044374,0.1490223,0.3897575,0.3484239,0.252634,0.5208745,0.3060493,0.2990121,0.2923762,0.1793068,0.2483327,0.2183316,0.225118,0.3313124,0.3034773,0.2625302,0.3694217,0.2465211,0.2915024,0.4390028,0.3021769,0.3142743,0.1575612,0.3440807,0.2622223,0.2423299,0.3945396,0.2061457,0.08276454,0.1997612,0.1485315,0.06362177,0.08909372,8.92E-06,7.30E-06,7.30E-06,
2/6/23 21:31,652,0.5611122,0.4685405,0.4125228,0.1626429,0.3862009,0.339001,0.2461275,0.522004,0.3106121,0.29513,0.2893105,0.1959229,0.2526918,0.2200485,0.2258194,0.3314409,0.3093723,0.2645493,0.3709431,0.2513931,0.2906,0.4437329,0.2928405,0.3097129,0.1694562,0.3502874,0.2638103,0.2367212,0.3913153,0.2063875,0.08261485,0.2035339,0.1511958,0.06385075,0.09840622,6.90E-06,6.79E-06,6.79E-06,
2/7/23 1:31,656,0.5544186,0.4574951,0.4081171,0.178856,0.3658843,0.3238202,0.2357739,0.5052918,0.3178588,0.2951704,0.2838964,0.2085281,0.2634895,0.2186002,0.2265511,0.3319193,0.3153852,0.2648394,0.3699126,0.2570709,0.2820527,0.4407949,0.3021437,0.3010123,0.1708675,0.3528453,0.2642537,0.228394,0.3900076,0.2127432,0.08447606,0.2004875,0.1500873,0.06541622,0.1012185,9.02E-06,6.94E-06,6.94E-06,
2/7/23 5:31,660,0.5735391,0.4638578,0.4137529,0.1794651,0.3565399,0.3216311,0.227529,0.5013423,0.3224729,0.298162,0.2838745,0.2217173,0.2726186,0.2237783,0.234046,0.3310512,0.3250994,0.2663292,0.3617597,0.2636858,0.2844143,0.4383949,0.3070864,0.2977675,0.179162,0.350984,0.2645014,0.215114,0.3831635,0.2246506,0.09460102,0.1997514,0.1544534,0.06625281,0.1171045,8.56E-06,6.86E-06,6.86E-06,
2/7/23 9:31,664,0.5715718,0.4765321,0.4236832,0.1835751,0.3492767,0.3149657,0.2215605,0.4933911,0.3237632,0.2982956,0.2874359,0.2297861,0.2834811,0.2300246,0.2389491,0.3334828,0.3300046,0.2733784,0.358937,0.2746318,0.2927437,0.4330259,0.2920265,0.2925877,0.1864362,0.3526197,0.2639819,0.2078393,0.3704053,0.2357842,0.08881555,0.1929162,0.1585993,0.06845222,0.1255813,7.86E-06,6.32E-06,6.32E-06,
2/7/23 13:31,668,0.5664405,0.4813954,0.4320687,0.1993531,0.3436637,0.3151807,0.2141931,0.4827373,0.3276988,0.3081456,0.2891517,0.2460234,0.2918954,0.2347313,0.2464507,0.3353029,0.3347554,0.2839046,0.3537788,0.2802003,0.3079377,0.4354689,0.293977,0.2933693,0.1933911,0.3499089,0.2660295,0.1984935,0.3672243,0.2446065,0.0912973,0.1862699,0.1623475,0.07368753,0.1422862,8.81E-06,7.84E-06,7.84E-06,
2/7/23 17:31,672,0.5776775,0.4897368,0.4337955,0.2048729,0.336951,0.3031881,0.2097295,0.472152,0.3343067,0.3152734,0.2908224,0.2504305,0.2955996,0.2408855,0.2533427,0.3368304,0.3428644,0.2926817,0.3504694,0.2857704,0.3203258,0.4356254,0.3054275,0.2962191,0.2009044,0.3476813,0.2715405,0.1906653,0.3535668,0.2466147,0.09333646,0.1829533,0.1656211,0.07958119,0.139771,9.25E-06,7.86E-06,7.86E-06,
2/7/23 21:31,676,0.5745972,0.4996673,0.4372883,0.2083525,0.333436,0.2997561,0.2032184,0.4697109,0.3395694,0.3219435,0.2990136,0.2531642,0.3031559,0.2442042,0.2640359,0.3432181,0.3510145,0.3075973,0.3498867,0.2864676,0.3313913,0.4316827,0.3209067,0.3016762,0.2050104,0.34905,0.2628348,0.1850992,0.3421362,0.2490587,0.09854253,0.1768882,0.1734221,0.0902838,0.1463472,1.01E-05,7.81E-06,7.81E-06,
2/8/23 1:31,680,0.5709739,0.5023348,0.4404306,0.2191548,0.3279497,0.2942445,0.1981728,0.4565359,0.345963,0.3311022,0.3008127,0.257135,0.3068298,0.251843,0.2747155,0.3438694,0.3566142,0.322607,0.3520202,0.2886549,0.3430878,0.4335353,0.3155829,0.3070586,0.2077613,0.3447686,0.2709978,0.1763016,0.3323963,0.2463005,0.1042437,0.173286,0.1853751,0.09663959,0.1521186,7.71E-06,7.02E-06,7.02E-06,
2/8/23 5:31,684,0.5627778,0.5031138,0.4355558,0.2314132,0.3231651,0.2870044,0.1916095,0.4514887,0.3475409,0.3401259,0.3082965,0.2606862,0.30444,0.2548718,0.2785089,0.3455564,0.3604295,0.3340794,0.3468541,0.2935167,0.353356,0.4250314,0.3375535,0.314821,0.206698,0.3363344,0.2675911,0.1637411,0.3273323,0.24003,0.1065174,0.1663643,0.1884292,0.1057822,0.157409,1.01E-05,7.91E-06,7.91E-06,
2/8/23 9:31,688,0.557637,0.5028415,0.4369682,0.2404604,0.3195298,0.2822503,0.1869774,0.4448395,0.3541946,0.3462135,0.3118158,0.2550378,0.3020599,0.2565197,0.2839193,0.3470559,0.3605703,0.3439115,0.3446629,0.3018585,0.3544291,0.4258221,0.3341349,0.316947,0.2050907,0.3317928,0.267378,0.1616911,0.3206574,0.2334162,0.1141338,0.1632942,0.1898263,0.1121417,0.1570399,9.66E-06,6.55E-06,6.55E-06,
2/8/23 13:31,692,0.551003,0.503015,0.4320666,0.2486792,0.3120785,0.2774255,0.1844889,0.4420357,0.362771,0.349458,0.3199366,0.2503756,0.2984361,0.2580203,0.2881195,0.341203,0.3602799,0.3525006,0.3453168,0.3072453,0.3642801,0.4216484,0.3564156,0.3282521,0.2044368,0.3323975,0.2619819,0.1594021,0.3114379,0.2335644,0.1228579,0.1627266,0.1887264,0.1151315,0.1648783,6.42E-06,8.69E-06,8.69E-06,
2/8/23 17:31,696,0.5473752,0.5005835,0.4296121,0.2531458,0.3049018,0.2716728,0.1806654,0.4393885,0.3698514,0.3598105,0.3326798,0.2473529,0.3018082,0.2607298,0.2949824,0.3414408,0.3574588,0.3571254,0.3405644,0.3167457,0.3497412,0.4171032,0.3728635,0.3385024,0.2018379,0.3312142,0.2574368,0.1501838,0.3094431,0.2265135,0.1289046,0.1597911,0.1884349,0.1250132,0.1735278,9.49E-06,7.44E-06,7.44E-06,
2/8/23 21:31,700,0.5405737,0.4898947,0.4214264,0.2585238,0.2993546,0.2731471,0.1777076,0.4339246,0.3723902,0.3595996,0.3420946,0.2388862,0.298332,0.2622313,0.3010544,0.3384503,0.3558066,0.358614,0.3384462,0.3098363,0.3505466,0.4107808,0.3710796,0.3478837,0.1977561,0.3249785,0.2548578,0.1464507,0.3007501,0.2205563,0.1364255,0.15464,0.1850089,0.1269244,0.1775958,6.68E-06,8.18E-06,8.18E-06,
2/9/23 1:31,704,0.5367231,0.4846594,0.4172778,0.259897,0.2935678,0.2727138,0.1731756,0.4315403,0.3693568,0.364918,0.347342,0.2309072,0.2930486,0.2588136,0.2985918,0.3342566,0.3493842,0.3576402,0.336947,0.3144043,0.3591894,0.4073471,0.3796063,0.3525704,0.1930589,0.3173997,0.2493916,0.1406716,0.2945672,0.2130158,0.1447612,0.1529409,0.1811666,0.1342267,0.1843448,9.82E-06,6.19E-06,6.19E-06,
2/9/23 5:31,708,0.5178085,0.4748023,0.4115329,0.2656948,0.2906393,0.2657714,0.1684925,0.4256193,0.3744173,0.3659182,0.3515166,0.2259562,0.2884899,0.2548235,0.3005067,0.3331396,0.3474278,0.3548506,0.3309556,0.3096121,0.3560661,0.4044341,0.377563,0.3585652,0.1894497,0.3150012,0.2445287,0.136804,0.2867645,0.2023451,0.1547386,0.1481654,0.1766188,0.1380668,0.1910085,9.76E-06,6.04E-06,6.04E-06,
2/9/23 9:31,712,0.5236934,0.4802254,0.4105366,0.2673617,0.2854327,0.2632615,0.166581,0.4287776,0.38079,0.3662825,0.3562646,0.2254486,0.285742,0.2566339,0.298324,0.3348359,0.3482,0.3504928,0.3261524,0.3091403,0.3563359,0.4058341,0.3745576,0.3649299,0.1891518,0.307492,0.2396575,0.1320836,0.280501,0.1944112,0.1594807,0.1500026,0.1716436,0.1433101,0.1912688,1.06E-05,5.00E-06,5.00E-06,