Date Time,Elapsed,ECR,ECR,ECR,ECR,EXR,EXR,EXR,EXR,EDR,EDR,EDR,EDR,ECA,ECA,ECA,ECA,EXA,EXA,EXA,EXA,ETA,ETA,ETA,ETA,EDA,EDA,EDA,EDA,ETR,ETR,ETR,ETR,ETC,ETC,ETC,ETC,ETD,ETD,ETD,ETD,ETX,ETX,ETX,ETX,ECR,ECR,ECR,ECR
11/15/22 15:02,0,0.07775278,0.1397696,0.1082124,0.03999317,0.1165317,0.1581671,0.1693088,0.1102031,0.1795062,0.1151147,0.1775498,0.1727239,0.1820424,0.1628649,0.1896983,0.1453884,0.1201884,0.1794229,0.1755698,0.07968534,0.1460048,0.1259069,0.1747407,0.1487036,0.1593575,0.110478,0.1185343,0.1431657,0.1431121,0.1699163,0.2248244,0.126152,0.1358232,0.1869826,0.2021978,0.1870027,0.1161391,0.1731505,0.1223868,0.1674895,0.1988973,0.1607662,0.1224465,0.1229915,0.1777049,0.2247888,0.1418691,0.1032232
11/15/22 19:02,4,0.07068266,0.1131977,0.0918649,0.03759519,0.1163524,0.1654165,0.1293634,0.09739444,0.142326,0.07889675,0.132667,0.133473,0.1541392,0.2131046,0.1659346,0.1421938,0.101909,0.1561719,0.1154616,0.07134214,0.1424284,0.1255046,0.1331077,0.1205019,0.1339212,0.1029014,0.09916193,0.1445097,0.1281868,0.1641487,0.2097975,0.1145895,0.1649464,0.169308,0.2204539,0.1726008,0.09695734,0.1518265,0.1016869,0.1463662,0.1816983,0.1380888,0.1384744,0.1249394,0.1315145,0.1586963,0.1387759,0.09695746
11/15/22 23:02,8,0.06475429,0.09892648,0.09551908,0.03848326,0.09598125,0.1415386,0.1229859,0.07551908,0.1104268,0.07835276,0.1075385,0.1359961,0.1235485,0.1643286,0.1502657,0.1294108,0.1095666,0.143255,0.1291537,0.05967285,0.1123902,0.1118038,0.1348969,0.1038145,0.1105764,0.1014468,0.0965208,0.1128737,0.1169548,0.1335546,0.1553627,0.08802947,0.1510727,0.1214392,0.1942561,0.1714862,0.09082448,0.1205392,0.07605993,0.1350763,0.1611021,0.1112482,0.1274642,0.1095962,0.1198668,0.1217803,0.1227717,0.09056422
11/16/22 3:02,12,0.0790814,0.09705744,0.0928227,0.05280472,0.106459,0.1194381,0.1237252,0.06786811,0.09253336,0.08123489,0.09884699,0.1403142,0.1181424,0.1358794,0.1030181,0.11263,0.09207068,0.1416798,0.1486599,0.07104947,0.113083,0.08752218,0.1103149,0.07523674,0.1114455,0.09503509,0.090593,0.1340419,0.09987734,0.1540609,0.1503532,0.07830758,0.1350191,0.1323884,0.1876384,0.1428182,0.07221902,0.1015276,0.07188527,0.150972,0.1324026,0.118095,0.1170216,0.07385223,0.1351398,0.1191525,0.1144588,0.1312718
11/16/22 7:02,16,0.09068878,0.1322528,0.07158392,0.07411651,0.1166315,0.1222458,0.09818317,0.09941372,0.1004445,0.08154802,0.0871008,0.1275387,0.1058404,0.1310192,0.07187967,0.09035871,0.09520718,0.1428131,0.1728892,0.05015771,0.1047551,0.06947933,0.1001892,0.06712783,0.1147767,0.09639809,0.1136026,0.1193199,0.07541302,0.1034139,0.1219108,0.05576489,0.1614593,0.1671385,0.2533035,0.1584915,0.08857301,0.1008062,0.09749141,0.1289977,0.114781,0.1255727,0.08488099,0.06898022,0.1059057,0.1023736,0.1435101,0.09576418
11/16/22 11:02,20,0.05258482,0.107304,0.08827279,0.04848688,0.1048817,0.1202255,0.08458856,0.07766352,0.09811734,0.08926429,0.1205166,0.1250624,0.08707391,0.1279885,0.06179101,0.09119557,0.08583735,0.1240012,0.1767721,0.049491,0.08617433,0.06755617,0.09556005,0.05899633,0.1262536,0.1044174,0.1407476,0.1145699,0.0743028,0.1009918,0.1194209,0.05208818,0.1450379,0.1709687,0.2691894,0.1439885,0.08427654,0.09940669,0.07678294,0.1005826,0.105103,0.1141559,0.06032798,0.04668502,0.08573551,0.1030834,0.1288597,0.1048819
11/16/22 15:02,24,0.0511925,0.09779496,0.09986018,0.04356823,0.1069896,0.1107113,0.07349817,0.0745985,0.1230525,0.08407792,0.1019141,0.1149002,0.08695911,0.148514,0.05161713,0.08670257,0.08461951,0.1244957,0.147968,0.0491792,0.06583124,0.07969097,0.09933309,0.04657796,0.1178935,0.1025302,0.1296681,0.1223717,0.06050954,0.07328416,0.1127059,0.04788707,0.2109319,0.1771936,0.2894633,0.1770056,0.08432544,0.0936935,0.06517435,0.08632109,0.09629147,0.08574865,0.06290315,0.04598124,0.0910457,0.09117205,0.1217381,0.1040256
11/16/22 19:02,28,0.06143872,0.1042822,0.08877534,0.05689178,0.1100857,0.09861078,0.06564438,0.06690009,0.1119339,0.07821639,0.1011661,0.10314,0.06772837,0.112298,0.04064357,0.09101872,0.07939468,0.1357323,0.1315548,0.05655965,0.07622679,0.05490243,0.09810436,0.04370312,0.1247698,0.1030679,0.1656602,0.1272408,0.054926,0.06044674,0.09844186,0.03838161,0.1307907,0.2026586,0.3324867,0.2013185,0.117374,0.09490561,0.06862663,0.08346079,0.08652344,0.06146793,0.03573707,0.05871439,0.08884919,0.08799461,0.1243831,0.08466695
11/16/22 23:02,32,0.03713623,0.09244245,0.06755368,0.07038122,0.1107995,0.1039585,0.06160182,0.07652029,0.09812707,0.08938225,0.08896749,0.1030356,0.05876627,0.06060209,0.03819508,0.06558171,0.06429191,0.1343828,0.1361367,0.05314841,0.05214304,0.06251547,0.09739941,0.04745137,0.1268834,0.1075447,0.1944309,0.141271,0.04061062,0.04139399,0.08242377,0.03827929,0.1521555,0.2154929,0.3489384,0.2406886,0.0854532,0.09773547,0.07005922,0.08038739,0.06746043,0.04386511,0.0312077,0.04823902,0.09801344,0.08560564,0.1176944,0.09550471
11/17/22 3:02,36,0.04506352,0.07294865,0.08079058,0.07584602,0.1189002,0.1053165,0.06673067,0.08467102,0.09989493,0.08592089,0.100584,0.1014939,0.05059163,0.05270818,0.03048291,0.03854343,0.07498191,0.1361665,0.1003518,0.06248835,0.05492489,0.08013599,0.09046314,0.05146471,0.1342108,0.1046711,0.1609954,0.158794,0.04217307,0.05248741,0.07932254,0.02051635,0.19029,0.228837,0.5003688,0.2737734,0.09034275,0.09950166,0.08515961,0.08499067,0.05305796,0.04161366,0.02098413,0.05427144,0.1068157,0.09683231,0.1211102,0.08309551
11/17/22 7:02,40,0.03720361,0.08439419,0.06229615,0.07637122,0.1232868,0.1075061,0.07652218,0.08757553,0.1213494,0.08795701,0.09675851,0.1026356,0.03756809,0.06270863,0.02823105,0.03097503,0.07401573,0.1313733,0.1088279,0.06716479,0.06451618,0.07557096,0.0807151,0.05615919,0.1440054,0.1099034,0.1688573,0.1676976,0.02579606,0.03833633,0.06365985,0.02827544,0.1785192,0.2654098,0.5637003,0.2914864,0.0883247,0.1068191,0.08004354,0.09769724,0.03592771,0.03331185,0.01701954,0.05095858,0.1104645,0.0972395,0.1414386,0.1010936
11/17/22 11:02,44,0.03758483,0.07987291,0.06926264,0.07537154,0.1361633,0.1329148,0.08366691,0.09018847,0.1102381,0.08789308,0.09180485,0.09851906,0.02194736,0.06217704,0.0180686,0.02178663,0.07392953,0.1418534,0.111086,0.08959761,0.048379,0.07607765,0.07774299,0.05122745,0.1592175,0.1341451,0.1806439,0.1783429,0.02831396,0.05805683,0.07682301,0.02679392,0.2529733,0.2751688,0.555958,0.3133893,0.09655377,0.1176604,0.0870925,0.1010169,0.03977519,0.03014785,0.02027221,0.06054557,0.1073721,0.1348712,0.1251251,0.1093807
11/17/22 15:02,48,0.03279489,0.06660857,0.05606515,0.05733631,0.1459251,0.1386463,0.1117074,0.1009806,0.09894298,0.08772437,0.1027242,0.09762142,0.01832595,0.06386813,0.01964017,0.0253582,0.08041909,0.1490711,0.1289603,0.09297464,0.04908266,0.09072319,0.08011646,0.05505164,0.182782,0.1391679,0.1905098,0.1916834,0.02106521,0.06663055,0.0642964,0.01978521,0.2649417,0.3165071,0.6682871,0.3558265,0.10235,0.1206097,0.09838971,0.1070465,0.03651419,0.03231663,0.01890662,0.04844657,0.1003985,0.1380384,0.1505448,0.104053
11/17/22 19:02,52,0.03275957,0.07244845,0.04730085,0.06346857,0.1457514,0.1466094,0.1298957,0.1127624,0.1365045,0.0816615,0.09873033,0.08458238,0.02724949,0.07494583,0.02304143,0.02843468,0.08178109,0.1295831,0.1074588,0.09797912,0.05328107,0.08217186,0.0845407,0.06811381,0.2097123,0.1666804,0.1922123,0.1983261,0.02268408,0.04528893,0.06555694,0.02439303,0.3160333,0.306154,0.6861036,0.3980386,0.104842,0.1234908,0.1140695,0.1267617,0.02751837,0.02901198,0.02197658,0.03695741,0.1019485,0.1337824,0.1315574,0.1176179
11/17/22 23:02,56,0.03232559,0.06633912,0.06082239,0.03756234,0.1637525,0.150267,0.1260081,0.1181964,0.1400384,0.08686408,0.1243893,0.08886035,0.03158256,0.06737511,0.01982065,0.03322991,0.08349721,0.1558897,0.1402891,0.1031934,0.05336576,0.07531457,0.08372106,0.06386103,0.2389732,0.189509,0.2147595,0.2319899,0.03472137,0.03761293,0.05571075,0.0246996,0.3409532,0.3793778,0.7091026,0.4164344,0.126106,0.1369819,0.1231922,0.1277559,0.03410317,0.03001111,0.0172064,0.03834839,0.1392006,0.1640226,0.1308426,0.1337748
11/18/22 3:02,60,0.03993564,0.06578245,0.06207417,0.04614804,0.1767324,0.1616164,0.1267811,0.1368119,0.1140963,0.09160391,0.1368081,0.09825961,0.02796344,0.08349639,0.02134427,0.02162679,0.08833429,0.1594595,0.1273006,0.1183874,0.05673087,0.07181724,0.09238619,0.0748197,0.2750428,0.1964482,0.2090002,0.2637011,0.02122133,0.04594992,0.08980894,0.02931692,0.4046521,0.4024226,0.8535994,0.4391756,0.1456417,0.1256948,0.1343061,0.1431397,0.02458674,0.03013316,0.02294026,0.03630674,0.09021191,0.1031649,0.1650901,0.1267893
11/18/22 7:02,64,0.044472,0.06212053,0.05011997,0.03559901,0.1835601,0.1844424,0.1412997,0.1476686,0.1057866,0.08228181,0.120224,0.09393628,0.02909707,0.08319653,0.03087011,0.0389572,0.09091386,0.1652363,0.1272703,0.1187197,0.06810939,0.08778464,0.1006971,0.07638588,0.311819,0.216377,0.2101892,0.2695649,0.03428552,0.03810698,0.1270668,0.02984272,0.4491841,0.429773,0.6961449,0.4666363,0.1545801,0.1459626,0.1427225,0.1615324,0.02641439,0.03422172,0.02110209,0.02211887,0.05212976,0.1289247,0.138991,0.1171439
11/18/22 11:02,68,0.0436571,0.08063239,0.05456538,0.04446504,0.1794114,0.2019435,0.1625195,0.1558176,0.1318002,0.09557997,0.1075472,0.09731122,0.03292887,0.0747581,0.03767164,0.03029554,0.09273317,0.1809767,0.131863,0.1301523,0.06036633,0.08405879,0.1024793,0.08510729,0.3412705,0.2400716,0.3130007,0.2921572,0.02948894,0.03883638,0.1009694,0.02914621,0.4873012,0.4407515,0.7114082,0.467577,0.1644773,0.1488675,0.1617469,0.1686511,0.02752749,0.03953674,0.02516017,0.02040727,0.0391929,0.07145851,0.1369174,0.1216081
11/18/22 15:02,72,0.03968966,0.07919633,0.05412127,0.0335005,0.1902284,0.20826,0.17699,0.1587332,0.1451865,0.09744895,0.1433515,0.09878611,0.03087228,0.07644646,0.0251645,0.03770114,0.09879075,0.1858784,0.1285594,0.1568241,0.06192638,0.08737256,0.104165,0.097913,0.3565083,0.245171,0.2458427,0.2965111,0.03270274,0.03182862,0.04055033,0.0330581,0.4908661,0.4606327,0.9140769,0.5061045,0.1808467,0.1687863,0.1602907,0.1810303,0.03460233,0.03500986,0.02739017,0.02333995,0.04800471,0.08200435,0.1616549,0.09782381
11/18/22 19:02,76,0.05993433,0.05960415,0.0430767,0.07388061,0.1909309,0.2205743,0.1924464,0.1554866,0.1581983,0.1328714,0.150169,0.1356722,0.02465706,0.1283075,0.06105614,0.04032211,0.110475,0.2095517,0.1440872,0.1215245,0.07744887,0.0906232,0.1028221,0.1259131,0.344023,0.2570518,0.2658328,0.3130303,0.05015404,0.0741362,0.05356145,0.03997892,0.5652063,0.4389304,0.8965921,0.5936059,0.1932257,0.2001634,0.175929,0.2207267,0.03997663,0.01125073,0.06836689,0.03337167,0.07582745,0.06319678,0.1642074,0.1782701
11/18/22 23:02,80,0.05019099,0.05458783,0.04173148,0.06091526,0.2006796,0.251232,0.2112489,0.1719976,0.1235767,0.1457341,0.1879429,0.1355437,0.06586912,0.09188473,0.1303822,0.05987418,0.1296492,0.2266892,0.1544084,0.1326191,0.07502507,0.09647649,0.1052739,0.1408791,0.3378252,0.2672668,0.2646242,0.3148407,0.05073084,0.07449698,0.05908882,0.05113897,0.5232735,0.4474394,1.072767,0.583452,0.2350266,0.2243193,0.2115294,0.2361198,0.02561199,0.01674936,0.03832066,0.06182036,0.1030888,0.05885141,0.3120643,0.19707
11/19/22 3:02,84,0.05638624,0.04885849,0.03941804,0.05936529,0.2135169,0.2255742,0.2197748,0.1856827,0.1222187,0.1427038,0.1795811,0.1499661,0.1034419,0.1422356,0.1025162,0.05454232,0.1172307,0.2501052,0.1411838,0.1323533,0.08172274,0.1091788,0.1128459,0.1360144,0.3531438,0.2788387,0.272429,0.3134371,0.0387119,0.03683522,0.07388435,0.07420195,0.5236758,0.4640074,1.010743,0.5960305,0.2551212,0.273881,0.211375,0.2540574,0.05259553,0.01709692,0.1317385,0.01691519,0.06532349,0.05866804,0.1864196,0.2134843
11/19/22 7:02,88,0.05601164,0.05813316,0.03861752,0.06904024,0.2196369,0.2976868,0.2241012,0.1870145,0.1524379,0.144383,0.212637,0.1554865,0.08087596,0.1362989,0.1193486,0.06140512,0.1061801,0.2654356,0.1481806,0.1428762,0.07684674,0.1135576,0.114272,0.1310017,0.39241,0.2836241,0.2769837,0.3143596,0.05594102,0.02764417,0.04121586,0.03662052,0.6817651,0.4342164,1.022545,0.6079387,0.2848231,0.252374,0.239635,0.2806738,0.05626133,0.02282247,0.07982717,0.0524886,0.05415813,0.08075955,0.1899897,0.2127357
11/19/22 11:02,92,0.0716489,0.07046604,0.05181685,0.07548395,0.2250817,0.3051011,0.2186832,0.1941724,0.1688445,0.1416253,0.1755145,0.1478568,0.1407533,0.1576435,0.1332311,0.07589494,0.1035681,0.2212514,0.1560439,0.1450074,0.08090081,0.09071054,0.1149784,0.1889089,0.369024,0.2745738,0.2994765,0.338656,0.06389696,0.03362686,0.01768059,0.06545744,0.8124362,0.462237,0.9427577,0.631874,0.3276028,0.2796394,0.2506424,0.2786435,0.05274533,0.04067438,0.05302977,0.03911928,0.05832474,0.04492857,0.1641786,0.1697955
11/19/22 15:02,96,0.08825187,0.08214718,0.06897924,0.07701406,0.2464041,0.3126819,0.2045923,0.2119845,0.1749318,0.1407997,0.2039706,0.1491591,0.05308351,0.1246278,0.1051216,0.06736325,0.1129063,0.2435544,0.163206,0.1476951,0.08220647,0.1178035,0.1194217,0.1775305,0.3869473,0.28853,0.299072,0.346826,0.062536,0.06255213,0.02304266,0.04309549,0.5763637,0.4851532,0.9934683,0.6279074,0.3224004,0.2902005,0.2999423,0.3098405,0.02065375,0.02065375,0.07980955,0.02876936,0.07092739,0.05730071,0.135609,0.1536142
11/19/22 19:02,100,0.09975791,0.0889514,0.07626054,0.0911497,0.2556919,0.3185339,0.1862682,0.2232947,0.1680774,0.1449452,0.1879738,0.1300288,0.08930428,0.1286358,0.1323318,0.0627516,0.1181588,0.2443444,0.16075,0.1520964,0.08066607,0.1064524,0.1207252,0.1841929,0.3877851,0.2775014,0.3078443,0.3351452,0.06539998,0.0842996,0.02245636,0.04292117,0.3400411,0.5067924,1.011791,0.6763902,0.3490992,0.3235413,0.296823,0.33102,0.009722678,0.02843938,0.07169443,0.02172721,0.06110796,0.05024411,0.1102229,0.1465643
11/19/22 23:02,104,0.1133412,0.0971185,0.08596656,0.09035119,0.2655145,0.3162932,0.1808838,0.2249933,0.1754977,0.1430013,0.1724349,0.1174268,0.0740426,0.125306,0.1299385,0.06506645,0.1150017,0.2563218,0.1675758,0.1612353,0.07342013,0.1078299,0.1159964,0.1682931,0.4001131,0.2824137,0.317551,0.3407915,0.06609742,0.08517051,0.01852858,0.05506525,0.3579167,0.5345293,0.9903848,0.642454,0.3575865,0.3587766,0.3126967,0.3404335,0.01007485,0.0447787,0.09445574,0.03438248,0.05546175,0.05794163,0.09498823,0.09468519
11/20/22 3:02,108,0.1286778,0.1055786,0.09961019,0.104334,0.2703287,0.3359649,0.1811231,0.2339649,0.1720404,0.1409505,0.144356,0.1229638,0.06973878,0.1172375,0.09770343,0.05701359,0.117764,0.2300986,0.1852321,0.1783593,0.07420974,0.1045273,0.1252908,0.1722376,0.4222431,0.3016959,0.3270895,0.3580281,0.07448886,0.08100764,0.01052516,0.05509559,0.3478285,0.5366045,1.01942,0.5747607,0.3442908,0.3619803,0.348325,0.349227,0.00884454,0.05819032,0.096862,0.01534845,0.05189613,0.0509972,0.08039835,0.1245487
11/20/22 7:02,112,0.1446134,0.1211448,0.1045479,0.1190399,0.2687462,0.3504457,0.177247,0.2322619,0.1628137,0.146179,0.1115789,0.122723,0.08300426,0.161596,0.111177,0.0559743,0.1137124,0.2210519,0.1842817,0.1697439,0.07910398,0.135461,0.1267797,0.1900657,0.4288915,0.2966047,0.3370628,0.3418133,0.05811306,0.1726167,0.02461642,0.05455293,0.404745,0.6450968,0.9717416,0.5786062,0.3786047,0.3721275,0.3904073,0.3634168,0.00971411,0.04617721,0.09479945,0.03682669,0.05343363,0.06900767,0.08248697,0.1368333
11/20/22 11:02,116,0.1656444,0.1409582,0.1244782,0.1309091,0.2896466,0.3650135,0.2005614,0.2358821,0.1522391,0.1616582,0.1235217,0.1250729,0.05083281,0.1194964,0.107341,0.06252094,0.1143786,0.2337482,0.1920898,0.1902914,0.07398938,0.1411252,0.132811,0.1648516,0.3955685,0.2994129,0.3446446,0.354986,0.04795842,0.09092708,0.008837822,0.0509415,0.3970886,0.6348934,0.9995783,0.5672747,0.2899947,0.3907427,0.3322601,0.3756493,0.04110923,0.04110923,0.1045844,0.03617221,0.05362409,0.06780585,0.08504072,0.1568969
11/20/22 15:02,120,0.1808477,0.1563469,0.1455423,0.1466382,0.3132082,0.3817629,0.2059351,0.2631122,0.1547067,0.148434,0.1403114,0.1295754,0.05157396,0.1098925,0.0807108,0.05710617,0.1126387,0.225219,0.2051065,0.2039543,0.07786497,0.1494952,0.1348179,0.1794988,0.4024505,0.3136333,0.3558762,0.3879961,0.05153492,0.2896988,0.01340545,0.05366611,0.4253075,0.6521025,1.165938,0.5787475,0.3091556,0.3883488,0.2714836,0.3977683,0.009083996,0.03798429,0.0550031,0.03003618,0.05461048,0.06157784,0.08383238,0.1585862
11/20/22 19:02,124,0.2044785,0.1735863,0.1569391,0.1627973,0.3104672,0.3749144,0.2048101,0.2394032,0.169656,0.1450002,0.1209491,0.1214046,0.05399879,0.173303,0.1439078,0.06558608,0.1171908,0.2439703,0.2030731,0.2200443,0.08217872,0.144004,0.135632,0.1876078,0.4137216,0.3276184,0.3551082,0.3803493,0.05505747,0.2727039,0.01132397,0.05804934,0.2921565,0.6330146,1.17429,0.576874,0.3208784,0.4018018,0.3078473,0.3834715,0.005220179,0.06447621,0.03981663,0.02220156,0.05199642,0.05517533,0.09053159,0.1858934
11/20/22 23:02,128,0.2182817,0.1778266,0.1689246,0.1740932,0.2730422,0.4084463,0.2260868,0.2169494,0.1620523,0.1363255,0.1295201,0.1109238,0.06084171,0.09988235,0.1222576,0.05933397,0.1145108,0.2339949,0.2012608,0.2226642,0.06402434,0.1558394,0.1451555,0.1822552,0.4113556,0.3454213,0.349949,0.3643666,0.0550235,0.2593072,0.01218825,0.05947234,0.2885804,0.6446424,1.393514,0.6038272,0.3248294,0.4334437,0.2591652,0.3834125,0.02735683,0.06771409,0.0901363,0.02914948,0.04139337,0.0697281,0.09664181,0.1895874
11/21/22 3:02,132,0.2246351,0.186235,0.178455,0.182898,0.281961,0.4100548,0.2656935,0.2476722,0.1791959,0.1417325,0.166367,0.1205224,0.07719827,0.1088718,0.0801798,0.05459068,0.1107552,0.2452966,0.229373,0.2169714,0.07781082,0.1565246,0.1512468,0.2005127,0.4261967,0.3765304,0.3503154,0.3763616,0.08010188,0.2625659,0.01171547,0.06403585,0.2943213,0.6309533,1.224673,0.6200079,0.3357061,0.4564558,0.270262,0.4043247,0.08828155,0.0543483,0.05225708,0.03415879,0.02936923,0.09037193,0.09352686,0.2002696
11/21/22 7:02,136,0.2341293,0.212522,0.188497,0.1902299,0.2773263,0.4160611,0.2247734,0.2585308,0.1833194,0.1509915,0.1334113,0.1303473,0.09261986,0.1202144,0.1427496,0.06875876,0.1150378,0.2547424,0.2120012,0.2362845,0.07404981,0.1671043,0.1588614,0.1964405,0.4194958,0.378461,0.3703228,0.3785844,0.05355678,0.2856191,0.01375157,0.04928393,0.2205087,0.6025404,1.064861,0.6209916,0.3412666,0.4468183,0.2573779,0.3859175,0.03761701,0.02026309,0.1262503,0.049155,0.02088252,0.05383262,0.09775917,0.209574
11/21/22 11:02,140,0.2669836,0.2191802,0.1989945,0.2036635,0.3421658,0.2989523,0.2304622,0.2226392,0.1993966,0.1296024,0.1427207,0.08938546,0.06372537,0.1085124,0.1214217,0.06964581,0.1210494,0.2615427,0.2103615,0.2379399,0.07528338,0.1369801,0.1716727,0.2049886,0.4460345,0.3751307,0.3594397,0.4184517,0.0602322,0.09780072,0.01437026,0.06131539,0.2209096,0.6062105,1.28714,0.6377084,0.3122399,0.4765039,0.2596456,0.4166972,0.08845261,0.0724014,0.1243671,0.0281563,0.03424594,0.06084023,0.1117523,0.2787781
11/21/22 15:02,144,0.2713069,0.2258925,0.2094208,0.1990647,0.2777596,0.3227551,0.2379476,0.2308377,0.2066572,0.1447353,0.1841871,0.1101574,0.03814555,0.09799935,0.08022685,0.07437871,0.1239362,0.2987688,0.1885842,0.223029,0.06734408,0.1335115,0.1657332,0.2091102,0.4488904,0.4169573,0.3655902,0.4000748,0.05087138,0.05438855,0.01447564,0.04056552,0.2475095,0.5599097,1.41803,0.6400329,0.2760349,0.4759032,0.2533578,0.3820978,0.07860187,0.04394181,0.09375498,0.03476162,0.0473931,0.04670814,0.1063679,0.2504328
11/21/22 19:02,148,0.299014,0.2212471,0.2167943,0.2053424,0.2316116,0.3883857,0.252363,0.2237998,0.1788064,0.1575872,0.1454053,0.1180086,0.0416264,0.09123065,0.07736764,0.0571783,0.1340674,0.2460604,0.2043904,0.2711242,0.07272874,0.1412562,0.2015188,0.2454405,0.5159901,0.4197099,0.3848517,0.4075298,0.04162441,0.04162441,0.01478659,0.05719663,0.2955027,0.5609138,1.596658,0.6782315,0.3009529,0.5573005,0.2836818,0.4006024,0.09303695,0.06740046,0.05930102,0.06590911,0.04590841,0.05929622,0.1002487,0.204227
11/21/22 23:02,152,0.3002092,0.2078294,0.2139269,0.209975,0.2188513,0.3198163,0.2582401,0.2166916,0.2750533,0.1376383,0.1758728,0.1069918,0.02840084,0.09719127,0.04622376,0.07691842,0.1146244,0.2575072,0.1973252,0.1786462,0.07466382,0.1303847,0.1896587,0.2274463,0.4911247,0.4435966,0.3776132,0.4214821,0.06681833,0.06681833,0.01413961,0.06549818,0.2377226,0.596375,1.432662,0.6962268,0.2940664,0.4641402,0.2118344,0.3793374,0.05375885,0.05810816,0.0819511,0.04881752,0.06658826,0.06161419,0.08520277,0.07660928
11/22/22 3:02,156,0.2999283,0.2161888,0.2225481,0.2107265,0.2255481,0.3490779,0.2619171,0.2075935,0.2419806,0.1528364,0.1801561,0.113725,0.04896763,0.1410648,0.06329147,0.07770541,0.1197198,0.2329532,0.1836923,0.1827591,0.07132848,0.1302242,0.1966958,0.234754,0.4723817,0.4387083,0.3973332,0.4338649,0.03990554,0.03990554,0.01587996,0.06006688,0.2674718,0.6710771,1.558063,0.7175164,0.305117,0.5309219,0.2083167,0.3757718,0.05628902,0.02211009,0.05429285,0.03801792,0.06154339,0.05174978,0.1000042,0.06774814
11/22/22 7:02,160,0.3075307,0.2149371,0.2197073,0.2066971,0.2066078,0.3907903,0.2626002,0.2002786,0.2558544,0.1774058,0.1777756,0.1151595,0.05973924,0.1197948,0.05359863,0.08975498,0.1135883,0.2264824,0.1485782,0.2010658,0.06030708,0.1580332,0.1844972,0.2504132,0.5325624,0.4041572,0.4088225,0.4066295,0.02666715,0.02666715,0.01417631,0.06761069,0.2407767,0.6190723,1.198077,0.6803582,0.3328757,0.3968737,0.222298,0.3727412,0.02703018,0.01775043,0.1230252,0.02422801,0.04282801,0.1208818,0.1314892,0.1023561
11/22/22 11:02,164,0.3069002,0.1996868,0.2225335,0.2100272,0.206666,0.4111015,0.2717119,0.1908985,0.2717822,0.1847705,0.1563931,0.1220787,0.04995495,0.1078263,0.05355622,0.069246,0.1078242,0.2187036,0.1515583,0.2186302,0.06299749,0.173354,0.1975513,0.2294977,0.5677686,0.4128732,0.4241968,0.4277912,0.0290089,0.05895413,0.04148034,0.05359364,0.2249422,0.7826535,1.175886,0.7306711,0.3349143,0.3657709,0.2131949,0.3846315,0.03316562,0.05598387,0.08826645,0.05204052,0.1198207,0.1002372,0.1247138,0.04270517
11/22/22 15:02,168,0.3203786,0.2011371,0.2242093,0.2014014,0.1915655,0.3726426,0.2760458,0.199525,0.2668928,0.1825721,0.1859199,0.1288049,0.04262218,0.07323702,0.03801555,0.06555549,0.1089597,0.2416724,0.1577789,0.2058668,0.08118869,0.1358042,0.2124108,0.2063388,0.4578387,0.3960318,0.4065829,0.4238872,0.03529875,0.08685685,0.01908686,0.04382427,0.2792135,0.7470706,1.475733,0.7193564,0.3181902,0.3147592,0.2310112,0.4156357,0.04064516,0.1552739,0.04958449,0.04827921,0.04888893,0.1156836,0.1289532,0.0756074
11/22/22 19:02,172,0.3178809,0.2243236,0.2470989,0.2269524,0.184435,0.3295228,0.2904505,0.1992006,0.233482,0.1881564,0.1715408,0.1304063,0.03846043,0.113883,0.0347433,0.07759266,0.0997869,0.2403414,0.1624542,0.2163851,0.08716553,0.1411765,0.2325382,0.1461707,0.536987,0.4324802,0.3940634,0.4264147,0.03622316,0.03622316,0.01702609,0.06854419,0.2966293,0.8301971,1.494723,0.6842754,0.3385068,0.3013268,0.2329826,0.4180221,0.03528826,0.1185715,0.05365583,0.02308289,0.02697991,0.108002,0.1909639,0.08117432
11/22/22 23:02,176,0.3230982,0.2515139,0.2396508,0.2048986,0.2109521,0.3260759,0.3002545,0.2415583,0.265283,0.1819017,0.1653533,0.1284689,0.044834,0.05022564,0.05782366,0.08414068,0.1081443,0.2074016,0.1565839,0.2055922,0.124931,0.1249941,0.2301437,0.1622608,0.5158111,0.4365933,0.3840802,0.4003925,0.07140806,0.03079047,0.02163907,0.03091283,0.2630257,0.6535245,1.35669,0.6133897,0.3513541,0.2908384,0.2921117,0.4316584,0.08878819,0.04995803,0.08922424,0.02827842,0.1733068,0.03724257,0.08861378,0.04857712
11/23/22 3:02,180,0.3266256,0.2529781,0.248527,0.2132298,0.2003967,0.3414537,0.3173807,0.2455104,0.2423356,0.1460377,0.160614,0.1136301,0.05628026,0.0707265,0.07109071,0.06128346,0.09380142,0.1990141,0.1650454,0.1835169,0.113806,0.1366832,0.2345122,0.1416417,0.5378692,0.4604317,0.3940628,0.426245,0.04606105,0.06155777,0.03932725,0.05684333,0.2752329,0.5993753,1.267962,0.5766921,0.3846856,0.2431615,0.236349,0.4166965,0.05415086,0.09357107,0.08554061,0.04095447,0.1350112,0.04479416,0.1166693,0.04967388
11/23/22 7:02,184,0.3178754,0.2609877,0.2436683,0.2125611,0.1845465,0.360144,0.3180472,0.2119767,0.2002995,0.1558199,0.1676436,0.1210321,0.05747812,0.1597931,0.06329528,0.05547323,0.09182174,0.1825891,0.1588446,0.1912092,0.1116579,0.1360245,0.2435846,0.1472562,0.5088128,0.4481131,0.3945537,0.4392514,0.04964404,0.05843425,0.04028719,0.04590097,0.2607713,0.616223,1.452523,0.5713937,0.3313945,0.2717759,0.2250918,0.3997202,0.1011322,0.06268219,0.09777387,0.036444,0.1729781,0.02034557,0.1652128,0.03777972
11/23/22 11:02,188,0.3466437,0.2620788,0.2427186,0.2107592,0.179523,0.4202644,0.31407,0.2220064,0.2618333,0.1774452,0.1994696,0.1476815,0.03119051,0.1809657,0.06389645,0.07607086,0.09784284,0.1974985,0.1774782,0.1879945,0.1134313,0.1544069,0.2396936,0.1305393,0.6786978,0.5149803,0.4321683,0.4566641,0.09053529,0.09053529,0.04644987,0.04315523,0.2534605,0.5960949,1.789645,0.609459,0.4050867,0.2843244,0.2154749,0.4409521,0.07433712,0.03827893,0.06294906,0.02518195,0.2225948,0.05331405,0.2144973,0.02880546
11/23/22 15:02,192,0.4607751,0.3841189,0.3790983,0.3137325,0.2448382,0.4834984,0.4694007,0.2375542,0.1378191,0.1727308,0.1959976,0.1722243,0.0432976,0.04215366,0.04215366,0.04215366,0.09332033,0.217573,0.150066,0.2313036,0.1152483,0.1990203,0.2813889,0.1359074,0.8168948,0.4998016,0.5155113,0.5672024,0.1141247,0.06454615,0.07693326,0.08564421,0.3752261,0.583963,2.184888,0.9515251,0.6081932,0.2096787,0.2757322,0.6450801,0.07937903,0.04132408,0.05062083,0.05062083,0.05062083,0.06934024,0.277799,0.6670797
11/23/22 19:02,196,0.490763,0.3983731,0.4062653,0.3445032,0.2296572,0.4611472,0.4518028,0.2436026,0.1316123,0.1656993,0.2091951,0.1603991,0.09371275,0.0716185,0.0716185,0.0716185,0.1073574,0.23834,0.1620431,0.2247072,0.1066875,0.2084996,0.2959895,0.1226433,0.7977784,0.4817846,0.4908704,0.5825573,0.06203188,0.06203188,0.08344292,0.0627616,0.4288746,0.5645896,2.16442,0.9318864,0.5891879,0.2027108,0.2537122,0.6567657,0.1047193,0.05313343,0.06238557,0.06238557,0.06238557,0.03718107,0.2018482,0.6177545
11/23/22 23:02,200,0.5100344,0.4114586,0.4312308,0.3419805,0.2071317,0.4616383,0.420122,0.2546691,0.1220848,0.1566953,0.2052164,0.1868691,0.06596147,0.03002403,0.06950807,0.06596147,0.1097607,0.2911086,0.1675512,0.230004,0.1220589,0.1987761,0.2841623,0.1212575,0.769663,0.47876,0.4911882,0.6338924,0.01202536,0.08277528,0.09063409,0.04752039,0.4288939,0.5526437,2.012707,0.9482103,0.3896675,0.2205544,0.2038744,0.6401695,0.06993195,0.05127527,0.02161718,0.02161718,0.02161718,0.02921423,0.2529685,0.4238422
11/24/22 3:02,204,0.4746172,0.4081959,0.4191789,0.3378738,0.2069378,0.4543633,0.4241875,0.2533474,0.1630557,0.169612,0.2111112,0.1874663,0.0876588,0.05112885,0.0715305,0.0876588,0.09553078,0.2183692,0.1295135,0.2403561,0.09056614,0.2062154,0.2659792,0.1269102,0.7653571,0.4783095,0.5008278,0.5974284,0.1172458,0.1172458,0.05485385,0.04825941,0.3813999,0.5294655,1.79614,0.8470247,0.3988017,0.1412597,0.245839,0.5093315,0.06297678,0.04999176,0.02285979,0.02285979,0.02285979,0.03844194,0.2387263,0.6262335
11/24/22 7:02,208,0.4599715,0.401716,0.3977507,0.3177246,0.2351744,0.4044135,0.4421434,0.2444008,0.1614728,0.1811289,0.1891357,0.1975861,0.1290878,0.005766707,0.04641477,0.1290878,0.08955219,0.2342789,0.1498653,0.2391904,0.1204313,0.1990014,0.2692652,0.1139749,0.7205819,0.4624092,0.5018286,0.6017084,0.0162647,0.107582,0.04968253,0.04553017,0.4249741,0.5009196,2.211366,0.800564,0.3611846,0.1402634,0.2345639,0.5012786,0.0598455,0.05036799,0.025081,0.025081,0.025081,0.07850931,0.2778621,0.6162046
11/24/22 11:02,212,0.4557082,0.3947676,0.3996103,0.3255382,0.1951962,0.4402244,0.4215971,0.2468306,0.1639953,0.2083341,0.1843358,0.2589163,0.06550365,0.01268266,0.03409879,0.06550365,0.09083484,0.2459468,0.1402032,0.2497602,0.1160342,0.1968564,0.2626092,0.1166443,0.7684495,0.3922343,0.4756594,0.5980392,0.09338837,0.09338837,0.04203659,0.04189776,0.3972113,0.4976761,1.887095,0.7044797,0.3498457,0.1269097,0.1733802,0.469171,0.07337833,0.05488349,0.009652019,0.02285964,0.02285964,0.03074254,0.2715425,0.6159208
11/24/22 15:02,216,0.4353272,0.3739303,0.3875239,0.3002301,0.1916138,0.4262051,0.4347058,0.2488045,0.164742,0.1985383,0.189782,0.2484679,0.05178303,0.009630573,0.007128807,0.09322979,0.08474876,0.2385601,0.1481918,0.2601363,0.111224,0.1872571,0.259219,0.1126317,0.7899036,0.4258988,0.4918548,0.5996306,0.1071654,0.1071654,0.05128807,0.04498667,0.3075423,0.4918379,1.881937,0.6318612,0.3431637,0.1107051,0.1445506,0.541693,0.08052252,0.02142515,0.01187618,0.01777674,0.01777674,0.01777674,0.278891,0.6198888
11/24/22 19:02,220,0.4269573,0.3732189,0.3562037,0.289909,0.1817406,0.4023109,0.4193069,0.2654637,0.1760719,0.2146433,0.2454278,0.2405271,0.102788,0.01775337,0.02268001,0.06682952,0.08388255,0.2340816,0.1480639,0.2291439,0.1072818,0.1834649,0.2756878,0.1112337,0.8204765,0.3858853,0.4636443,0.6161745,0.1109544,0.1109544,0.04702088,0.04542291,0.3370744,0.4737375,1.889755,0.6306988,0.3343521,0.1105071,0.1143986,0.5376012,0.08463475,0.02919439,0.01013269,0.01819175,0.01819175,0.01819175,0.2358483,0.6047733
11/24/22 23:02,224,0.4430997,0.3764255,0.3514263,0.279612,0.1818319,0.3368743,0.3939274,0.2703483,0.1439667,0.2114054,0.2311803,0.2554964,0.0430439,0.01162256,0.00926779,0.1073506,0.07884804,0.2402129,0.1297749,0.240416,0.1171795,0.1792706,0.2804462,0.1124615,0.6858637,0.3716648,0.4603699,0.6006389,0.08113319,0.08113319,0.05388315,0.0498899,0.3472334,0.535638,1.81222,0.6105921,0.3107563,0.1173663,0.1497068,0.5187742,0.1004819,0.05113132,0.01030435,0.01569247,0.01569247,0.004221511,0.2872006,0.6074359
11/25/22 3:02,228,0.4571671,0.3690231,0.3400044,0.256767,0.1736012,0.3062974,0.3793879,0.2931153,0.134944,0.2219778,0.2193157,0.2773906,0.08203699,0.06386262,0.009462555,0.102941,0.0689729,0.2589062,0.1340841,0.2291589,0.1329935,0.1610654,0.2832572,0.1047276,0.6669037,0.3668612,0.4456928,0.563576,0.08402303,0.08402303,0.05529978,0.04593326,0.2984728,0.5246235,2.080204,0.6014504,0.2966025,0.1087991,0.1287683,0.5220711,0.1138662,0.06575688,0.009067644,0.01836731,0.01836731,0.01836731,0.1870669,0.6020029
11/25/22 7:02,232,0.4261009,0.3522632,0.33538,0.2457803,0.1848653,0.3676727,0.3780791,0.1988188,0.1253793,0.220999,0.2181075,0.2827871,0.05135216,0.01897174,0.006103448,0.1056692,0.06169545,0.237713,0.1375612,0.2244778,0.09947899,0.1560195,0.2710414,0.09570345,0.637616,0.3899204,0.4800802,0.5940225,0.1142638,0.1142638,0.05743229,0.02787138,0.2189601,0.4653391,2.094094,0.6147692,0.2896121,0.1093464,0.137705,0.5181667,0.1138083,0.05446356,0.02235073,0.02232326,0.02232326,0.07757244,0.17974,0.596683
11/25/22 11:02,236,0.3906942,0.3519594,0.3373313,0.236498,0.1796327,0.3491323,0.347689,0.1968689,0.1158279,0.2749655,0.2011345,0.2845204,0.0205851,0.05088565,0.009429088,0.06821606,0.05951088,0.2498273,0.1315363,0.2177872,0.09921419,0.157267,0.2681693,0.09680285,0.5975665,0.3359872,0.4647216,0.5527734,0.08974423,0.08974423,0.009781781,0.044774,0.3518641,0.3685201,2.086467,0.5995262,0.3639624,0.09182774,0.1150894,0.5188652,0.07342271,0.01540597,0.01540597,0.04222594,0.04222594,0.04222594,0.1778805,0.5993885
11/25/22 15:02,240,0.3659562,0.3497245,0.3289791,0.2327481,0.1823004,0.3554631,0.3838614,0.1814905,0.1324662,0.3006386,0.190932,0.2803949,0.03617506,0.2296314,0.008059531,0.1247248,0.05325021,0.2072177,0.1247454,0.1790294,0.08906529,0.1547105,0.291519,0.09976018,0.6799374,0.3343139,0.4637164,0.5897339,0.08764973,0.08764973,0.01907553,0.04619999,0.3271079,0.3813567,2.171417,0.6211273,0.3739055,0.09641605,0.1336267,0.5027276,0.07380434,0.04688609,0.04688609,0.03903679,0.03903679,0.03903679,0.1907459,0.589369
11/25/22 19:02,244,0.3612095,0.3459162,0.3148055,0.2325835,0.1896676,0.3402702,0.3636848,0.2098458,0.1140211,0.3046884,0.2073298,0.2613942,0.03504508,0.2683453,0.007969581,0.09429224,0.05111227,0.1684287,0.1211253,0.2085055,0.09182388,0.1473261,0.2740299,0.1252941,0.6580853,0.3578611,0.43084,0.5484296,0.08802399,0.08802399,0.01187632,0.03703176,0.4316495,0.3828617,1.614577,0.6456577,0.3752411,0.08945066,0.1342455,0.474126,0.0851064,0.03013977,0.03013977,0.03022119,0.03022119,0.03022119,0.1996508,0.5920079
11/25/22 23:02,248,0.3729227,0.339037,0.2981236,0.2246545,0.1764473,0.3407543,0.3929698,0.196,0.1418486,0.3447115,0.2439001,0.2561114,0.03388518,0.005458042,0.004295731,0.1143449,0.04662664,0.1761737,0.115184,0.3573561,0.111358,0.1453234,0.2719105,0.1041384,0.6809017,0.3417937,0.455691,0.5329459,0.00397708,0.08226307,0.007766902,0.03595555,0.4300539,0.3965327,1.868459,0.6202542,0.3133386,0.09092467,0.1325099,0.4045312,0.0780858,0.03043082,0.03043082,0.0220204,0.0220204,0.0220204,0.1966101,0.5778146
11/26/22 3:02,252,0.3867296,0.3436492,0.2930388,0.232134,0.1711268,0.3182177,0.3993242,0.1893658,0.1683599,0.3144778,0.218442,0.238337,0.04404776,0.1732314,0.009876596,0.1420169,0.04163804,0.1531215,0.1194178,0.121648,0.1026329,0.1346277,0.2644892,0.1015931,0.6181577,0.3786128,0.4532991,0.5794558,0.01272651,0.07870671,0.009637555,0.0311875,0.3940717,0.3884231,1.671327,0.6498298,0.3002796,0.08744305,0.1029787,0.4001235,0.07143826,0.02455239,0.02455239,0.0297576,0.0297576,0.0297576,0.1963422,0.4051718
11/26/22 7:02,256,0.376343,0.3467485,0.2763516,0.2168095,0.1679738,0.2847757,0.3897191,0.220263,0.1912441,0.3419467,0.2215461,0.2026591,0.04036995,0.2103476,0.00912977,0.2103476,0.03808524,0.1458772,0.1028077,0.1002712,0.1038395,0.1281488,0.2648368,0.09931964,0.6019143,0.3715442,0.4285369,0.5743038,0.08767359,0.08767359,0.009248121,0.03465671,0.3336167,0.4071608,1.785155,0.6190196,0.3587737,0.09164245,0.1476331,0.3957572,0.04311068,0.01911769,0.01911769,0.07801168,0.07801168,0.07801168,0.1974364,0.4071579
11/26/22 11:02,260,0.3661215,0.3523698,0.2686555,0.2150965,0.1776332,0.283549,0.3642253,0.1930839,0.169808,0.2933464,0.2245639,0.2173948,0.04050424,0.2065378,0.00585647,0.2065378,0.03507498,0.1431401,0.10652,0.1088727,0.1134398,0.1302507,0.251875,0.1026333,0.6216517,0.3136651,0.4469553,0.5924645,0.08362275,0.08362275,0.009095541,0.03223912,0.4123454,0.4184476,1.928143,0.6459832,0.2942815,0.09251711,0.09483878,0.3832025,0.08124767,0.02833426,0.02833426,0.0245427,0.0245427,0.0245427,0.2196992,0.3911075
11/26/22 15:02,264,0.349021,0.3550812,0.2797886,0.2217164,0.2113322,0.2817934,0.3476568,0.1995449,0.1937689,0.2940207,0.2039395,0.2231057,0.03714,0.2134663,0.009491693,0.02289123,0.03524036,0.1353551,0.09453607,0.08286595,0.1057626,0.1315078,0.2662477,0.1113567,0.7007046,0.3216472,0.4358483,0.550046,0.005592391,0.005592391,0.005592391,0.02796268,0.3219899,0.4311563,1.477229,0.649737,0.2994533,0.09648468,0.1225119,0.3187713,0.08056127,0.02350247,0.02350247,0.02976486,0.02976486,0.02976486,0.1930911,0.5700451
11/26/22 19:02,268,0.3598641,0.3556169,0.2920927,0.2219025,0.1964921,0.290981,0.3047435,0.1757412,0.191924,0.3137448,0.2454276,0.2113806,0.06267154,0.005274999,0.007619139,0.007619139,0.02905212,0.16539,0.09163331,0.07666959,0.1162008,0.158225,0.2700568,0.109558,0.5860699,0.3317011,0.4487354,0.5787686,0.00371111,0.00371111,0.00371111,0.03221514,0.4256759,0.4445297,1.290618,0.6741383,0.3538907,0.0696129,0.1167693,0.3087863,0.05193664,0.01655524,0.01409846,0.02740957,0.02740957,0.02740957,0.2252005,0.5686777
11/26/22 23:02,272,0.3633536,0.3551686,0.2951224,0.2089187,0.1554732,0.2844993,0.2982511,0.1778994,0.2357758,0.4102333,0.2115979,0.1859577,0.03961292,0.008957346,0.009559961,0.009559961,0.02619006,0.1667486,0.09035246,0.07602944,0.1072608,0.1472221,0.2583513,0.116985,0.5638953,0.3357317,0.4689867,0.5960739,0.04565022,0.04565022,0.04565022,0.02361916,0.4134161,0.5156188,1.384434,0.6926392,0.3719292,0.07295979,0.0931584,0.3079459,0.05163941,0.01889766,0.01889766,0.02506854,0.02506854,0.02506854,0.225578,0.5609076
11/27/22 3:02,276,0.3641709,0.388988,0.3046446,0.2072093,0.1442429,0.2986436,0.2502927,0.1696399,0.2407126,0.3841028,0.2168117,0.127592,0.03266773,0.009079041,0.009840787,0.009840787,0.02290566,0.1845697,0.08625752,0.06789487,0.09404575,0.1432497,0.24121,0.1253918,0.5895694,0.3412024,0.4777475,0.5606211,0.03704042,0.03704042,0.03704042,0.03040602,0.4247125,0.4457653,1.436472,0.6923407,0.3685735,0.06960575,0.09168022,0.2941891,0.05402017,0.02232697,0.02232697,0.02494218,0.02494218,0.02494218,0.2340639,0.3811381
11/27/22 7:02,280,0.3665206,0.3776385,0.3135652,0.1983083,0.1388923,0.2812544,0.2650239,0.1625859,0.2562093,0.3567102,0.1990903,0.1239908,0.02933181,0.009545456,0.01216956,0.01216956,0.02100257,0.1419965,0.0840087,0.05810923,0.09889337,0.142702,0.2627726,0.1261199,0.5842624,0.3544852,0.4880806,0.5276846,0.008787076,0.008787076,0.008787076,0.02638291,0.4581774,0.4467791,1.295128,0.7158206,0.3836982,0.05732231,0.1237084,0.301732,0.06097004,0.01427853,0.01427853,0.01866925,0.01866925,0.01866925,0.1885436,0.6728458
11/27/22 11:02,284,0.3657751,0.3847334,0.3114859,0.1895592,0.08826016,0.2895954,0.2371935,0.1630411,0.3088506,0.3802254,0.1792822,0.1445105,0.04739894,0.04739894,0.01325218,0.04826393,0.01805623,0.168441,0.07994306,0.06582611,0.08911962,0.1453424,0.2584975,0.132868,0.5938969,0.4115091,0.5056421,0.5234331,0.00892141,0.00892141,0.00892141,0.02659239,0.3798344,0.5608127,1.515167,0.7174003,0.3776704,0.06132174,0.1193848,0.2877309,0.05272008,0.0159889,0.0159889,0.04506835,0.04506835,0.04506835,0.3131473,1.074795
11/27/22 15:02,288,0.393385,0.3882635,0.3111532,0.2032851,0.08961361,0.3001301,0.2383838,0.1539042,0.2965351,0.3406705,0.1924326,0.1343907,0.04395508,0.04395508,0.009958494,0.009958494,0.01931102,0.1774035,0.07945092,0.05796999,0.08457007,0.1393326,0.2867092,0.129245,0.652891,0.3735188,0.4880416,0.5072889,0.01622857,0.01622857,0.01622857,0.01622857,0.4796384,0.4555849,1.608011,0.7165243,0.3744647,0.06635604,0.09931628,0.2855469,0.05377399,0.01820614,0.01820614,0.03482892,0.03482892,0.03482892,0.2326757,0.007128009
11/27/22 19:02,292,0.3900898,0.3958184,0.2956822,0.2110527,0.08793154,0.2811752,0.2347201,0.1523054,0.2685906,0.3957332,0.1925363,0.1339034,0.03374098,0.03374098,0.01367826,0.01367826,0.0204033,0.1800189,0.07643557,0.05180649,0.08527239,0.1435139,0.2747922,0.1348866,0.6373189,0.4166462,0.4825512,0.4867297,0.01622857,0.01622857,0.04868182,0.0269076,0.3470836,0.4243587,1.622056,0.7066893,0.3732099,0.06098318,0.1311526,0.2947712,0.05546284,0.01633171,0.01633171,0.03086582,0.03086582,0.03086582,0.2291026,0.002832185
11/27/22 23:02,296,0.4041584,0.4022705,0.3092917,0.2196795,0.08705554,0.2378025,0.2311264,0.1765656,0.3101137,0.4500384,0.1868341,0.1274801,0.06932727,0.06932727,0.008327683,0.01465468,0.01880618,0.1510124,0.06981023,0.04818652,0.09866156,0.1460958,0.2783118,0.1401863,0.6042135,0.3840301,0.5375417,0.4898335,0.04868182,0.04868182,0.01859016,0.01859016,0.5286179,0.4940729,1.523798,0.6730697,0.5801046,0.06313656,0.0901987,0.3063552,0.06056934,0.01791802,0.004119617,0.03476298,0.03476298,0.03476298,0.1915884,0.001507267
11/28/22 3:02,300,0.4153954,0.4133372,0.3104717,0.2025337,0.07031658,0.2611206,0.216263,0.1580593,0.2908155,0.4635994,0.1942438,0.1512814,0.0233006,0.0233006,0.004824857,0.004824857,0.0176571,0.1456173,0.06714519,0.04537323,0.09192564,0.1469342,0.255436,0.143095,0.6310601,0.3992838,0.4895461,0.48704,0.1040433,0.1040433,0.0204496,0.0204496,0.5346329,0.4930241,1.593941,0.7404702,0.579618,0.06423268,0.0899635,0.3049701,0.06012832,0.01433618,0.01433618,0.03408431,0.03408431,0.03408431,0.1901344,0.000529846
11/28/22 7:02,304,0.4285682,0.4115422,0.2949092,0.1972276,0.06650254,0.2650805,0.2067844,0.1425059,0.2592373,0.4123921,0.1954785,0.1640872,0.03218903,0.03218903,0.009213235,0.009213235,0.01642952,0.1546144,0.06484816,0.04879707,0.08383398,0.1655301,0.2704737,0.1415513,0.6234677,0.4125282,0.5434046,0.5443355,0.08994961,0.08994961,0.01835275,0.01835275,0.5104249,0.4975856,1.649858,0.7267835,0.3874768,0.0670539,0.09764372,0.2914757,0.06410514,0.01456206,0.01456206,0.03884937,0.03884937,0.03884937,0.2655755,0.001571428
11/28/22 11:02,308,0.4254863,0.433193,0.3074083,0.1839934,0.05624079,0.2782711,0.2080932,0.1397797,0.2503357,0.4002251,0.1880628,0.1691208,0.03117325,0.03117325,0.001505422,0.001505422,0.0139368,0.1445549,0.06463803,0.04599506,0.07832569,0.1561609,0.2626387,0.1341195,0.653001,0.4495653,0.538505,0.5720537,0.05240129,0.05240129,0.01341317,0.01341317,0.5109196,0.527496,2.009372,0.7266066,0.3767704,0.05560981,0.1022967,0.2761448,0.06147637,0.01680761,0.01680761,0.02328403,0.02328403,0.02328403,0.2875665,0.02645471
11/28/22 15:02,312,0.4124626,0.4417061,0.2805755,0.179908,0.05577604,0.250002,0.2393159,0.185693,0.3704993,0.4404411,0.186301,0.1593819,0.0445019,0.0445019,0.006935543,0.006935543,0.01488347,0.1660492,0.06299712,0.03588973,0.1199863,0.1478459,0.2942339,0.1484894,0.6184157,0.4832099,0.5139831,0.531604,0.08818022,0.08818022,0.04140197,0.01285109,0.5237113,0.5651703,1.471836,0.7058548,0.3173848,0.06795488,0.1277599,0.3038562,0.1013744,0.02243214,0.02243214,0.01593926,0.01593926,0.01593926,0.09296908,0.03281091
11/28/22 19:02,316,0.4235031,0.4529024,0.2936093,0.1880533,0.06623043,0.2205769,0.2044315,0.1650309,0.3537138,0.3152887,0.1897838,0.2595736,0.02292201,0.009731061,0.008637376,0.008637376,0.01405944,0.1722293,0.05855236,0.04090568,0.1078485,0.153991,0.2739689,0.1700222,0.7621797,0.5541175,0.5416688,0.5285532,0.1066579,0.1066579,0.02568259,0.0189162,0.3020101,0.450749,1.455377,0.7102591,0.2850601,0.0630398,0.1357111,0.2613902,0.1044463,0.02549283,0.08650442,0.03079805,0.03079805,0.03079805,0.3291831,0.02567359
11/28/22 23:02,320,0.4118879,0.4596146,0.2908407,0.2066626,0.0648083,0.2390446,0.240697,0.1155135,0.4393192,0.4058211,0.1806963,0.2057737,0.01988201,0.009215829,0.007048487,0.007048487,0.01175752,0.1688891,0.05375408,0.0358096,0.1429356,0.1506964,0.299381,0.1685877,0.8154901,0.5116528,0.5157623,0.5270463,0.06788789,0.06788789,0.0158289,0.01976734,0.4075247,0.4721649,1.537576,0.7699058,0.2855583,0.06555945,0.1779858,0.2920782,0.1053769,0.03731177,0.03731177,0.0193681,0.0193681,0.04588613,0.1425155,0.03229952
11/29/22 3:02,324,0.4235888,0.4767104,0.2936781,0.2119232,0.06424441,0.2153036,0.2369109,0.1633691,0.4842997,0.3966875,0.168013,0.117551,0.01295447,0.009978343,0.01037179,0.07874346,0.009527458,0.1590555,0.05455362,0.02955043,0.1450756,0.1628195,0.3017817,0.1387065,0.7764833,0.5044172,0.4954717,0.5326822,0.07062035,0.07062035,0.01583323,0.01957846,0.4396024,0.4782818,1.594576,0.7521538,0.2984765,0.05768484,0.190464,0.288695,0.09453049,0.0460147,0.0460147,0.01951196,0.01951196,0.04626563,0.1662261,0.04042359
11/29/22 7:02,328,0.4379412,0.4883374,0.3022687,0.2187856,0.06247859,0.2630852,0.2386874,0.1494888,0.4764367,0.4989454,0.1692383,0.1273496,0.01359314,0.00380625,0.006713404,0.01568261,0.009592594,0.1778177,0.05035196,0.03521174,0.09627085,0.1551612,0.2965859,0.1543859,0.8442628,0.5015163,0.5384529,0.5336334,0.02416129,0.02416129,0.02663932,0.01938985,0.5232814,0.4807007,2.126923,0.7348049,0.2757989,0.05822148,0.1858668,0.2593089,0.1030655,0.03032898,0.03032898,0.02644718,0.02644718,0.0571611,0.3416736,0.02846417
11/29/22 11:02,332,0.4382767,0.4909976,0.2984138,0.2164201,0.06251342,0.2313417,0.2420508,0.1414061,0.4124555,0.4612119,0.18109,0.1262543,0.01667502,0.00923494,0.005197158,0.005197158,0.01006911,0.1974868,0.04691987,0.03450435,0.1052613,0.1643181,0.2831368,0.1407486,0.8396678,0.4990524,0.5470117,0.5251207,0.02687097,0.02687097,0.01962639,0.02691549,0.5780346,0.4490525,2.682601,0.7015026,0.2560512,0.05350728,0.172579,0.2439557,0.1631576,0.02764557,0.02764557,0.03672769,0.03672769,0.03672769,0.3507092,0.001352475
11/29/22 15:02,336,0.4584067,0.5229191,0.2921346,0.2335827,0.06445792,0.1645549,0.2519593,0.1793681,0.4771413,0.3327226,0.1824115,0.1002909,0.03462699,0.02372209,0.007105445,0.008661479,0.01066061,0.2044141,0.04294769,0.03327441,0.1069179,0.1592593,0.3161644,0.158669,0.7457472,0.5196124,0.5393845,0.5284164,0.03134445,0.03134445,0.006411765,0.02414672,0.4816345,0.4989093,1.957424,0.7689841,0.241862,0.06915373,0.1987999,0.2753051,0.03310934,0.03310934,0.03310934,0.05527589,0.05527589,0.05527589,0.170514,0.03694236
11/29/22 19:02,340,0.6147587,0.532879,0.3450343,0.2563481,0.06881895,0.2881403,0.1724089,0.1442439,0.3374633,0.4453228,0.1671509,0.05324411,0.1070412,0.04400731,0.04400731,0.05225714,0.01021152,0.06027197,0.0397693,0.03614562,0.0943632,0.1540134,0.2161804,0.151672,0.7332879,0.6122522,0.8214313,0.7070671,0.01970856,0.02270441,0.01304032,0.02343811,0.1789939,0.3288378,1.703273,0.7823516,0.2388493,0.06829687,0.09476408,0.2623951,0.01732456,0.01732456,0.01573782,0.0377938,0.0377938,0.03434342,0.2679851,0.04011073
11/29/22 23:02,344,0.5553845,0.5220018,0.3232421,0.2750877,0.06167238,0.2086113,0.1565511,0.1765218,0.3179427,0.4032884,0.179155,0.04821725,0.07099586,0.0401301,0.0401301,0.03037622,0.01291832,0.06440067,0.04473214,0.03491458,0.1290517,0.1487307,0.2198427,0.1245372,0.6168392,0.428722,0.658111,0.6383711,0.01286943,0.05758478,0.006642857,0.006642857,0.227947,0.3514483,1.712148,0.7541838,0.2446835,0.07971444,0.09290271,0.2857943,0.04189047,0.01351829,0.03140059,0.04451211,0.04451211,0.04451211,0.4587218,0.04113064
11/30/22 3:02,348,0.5722944,0.5278226,0.3237269,0.3376421,0.05991081,0.160822,0.1489593,0.1176686,0.2890206,0.3019675,0.212081,0.08662862,0.06014218,0.04371031,0.04371031,0.02045816,0.0140027,0.06909839,0.04648923,0.03707627,0.1346677,0.1807239,0.2314139,0.1256066,0.6138545,0.4550974,0.6642586,0.629049,0.02105155,0.03103066,0.009757821,0.009757821,0.2634208,0.3551097,1.735658,0.7618978,0.241565,0.0949074,0.09378669,0.2658761,0.04483101,0.04483101,0.02703873,0.08019283,0.08019283,0.02026266,0.2511049,0.03196394
11/30/22 7:02,352,0.6166951,0.51572,0.3384304,0.3733499,0.07046676,0.123701,0.1569904,0.1381047,0.2840355,0.2954303,0.1706808,0.06762251,0.1252393,0.04109899,0.05565,0.05371273,0.01918481,0.09182592,0.05367114,0.04855744,0.1341411,0.1759959,0.2043285,0.1219741,0.5284637,0.3963251,0.6376844,0.6478287,0.03130803,0.060486,0.009527091,0.009487843,0.3156461,0.2908479,1.665209,0.7876542,0.2314335,0.06918528,0.09406197,0.2731958,0.005009174,0.01763746,0.06850637,0.002677291,0.08216941,0.08216941,0.2681108,0.03696743
11/30/22 11:02,356,0.5476788,0.4982609,0.3228972,0.3792692,0.05985205,0.1444602,0.1491376,0.1249873,0.2567731,0.2695977,0.2554829,0.05965821,0.0798981,0.0443683,0.0443683,0.04811291,0.02277482,0.0731184,0.05682661,0.04373822,0.1125949,0.1722537,0.2050002,0.1322274,0.5591159,0.4501314,0.674168,0.6152553,0.01481296,0.04008186,0.003120313,0.003120313,0.1814428,0.2874228,1.744714,0.7628607,0.2367901,0.0978573,0.09956264,0.2607423,0.01281602,0.01281602,0.04099767,0.04099767,0.0436636,0.01677738,0.2051191,0.01272495
11/30/22 15:02,360,0.5744524,0.4613102,0.2822342,0.3531677,0.07929236,0.1866652,0.1521607,0.1240104,0.2619627,0.2791963,0.2296081,0.06194885,0.05452993,0.04652311,0.0535525,0.03764299,0.02291534,0.07062505,0.05635733,0.03951484,0.1087227,0.1640921,0.208119,0.1337398,0.4829442,0.3490736,0.5266498,0.5949131,0.01610942,0.04039343,0.004190024,0.004190024,0.2663851,0.3282782,1.896547,0.6982662,0.2940474,0.05334489,0.09455994,0.2859192,0.007497158,0.02122809,0.0294863,0.01200577,0.04129739,0.02380183,0.2102619,0.0191548
11/30/22 19:02,364,0.5519519,0.4410474,0.2873702,0.3221309,0.08917145,0.1445719,0.1399905,0.1363806,0.3272515,0.3448108,0.2498298,0.06542973,0.05734877,0.03305214,0.05636179,0.04028879,0.02438303,0.07302479,0.06597717,0.03942091,0.1306608,0.1691899,0.2174454,0.1284402,0.6386745,0.3495713,0.461482,0.5805202,0.02384493,0.03170239,0.003700782,0.003700782,0.2863526,0.2960365,1.750997,0.7202429,0.2937036,0.08669218,0.09435922,0.2648691,0.0046622,0.02934046,0.04562362,0.04562362,0.03901621,0.02831089,0.2437394,0.018636
11/30/22 23:02,368,0.5438935,0.4256651,0.287377,0.3103882,0.08909433,0.2776322,0.1398305,0.1956124,0.3076633,0.3512897,0.1976869,0.07550271,0.06252847,0.04067861,0.0423937,0.02708452,0.02627408,0.06890053,0.07014875,0.05256457,0.1114096,0.1732647,0.2059903,0.1301455,0.6634908,0.377688,0.4613617,0.6046597,0.01002868,0.03855825,0.002716949,0.002716949,0.2550863,0.3081786,1.849669,0.7322315,0.2504835,0.07331209,0.08632588,0.2805799,0.01927901,0.01287015,0.01995653,0.01995653,0.02123586,0.02948692,0.24359,0.01410579
12/1/22 3:02,372,0.6089699,0.4503493,0.2738284,0.2992051,0.09084078,0.05957018,0.1384854,0.1882483,0.2986442,0.3907337,0.3036878,0.07514047,0.05717711,0.04579681,0.04579681,0.03732281,0.02996243,0.07736911,0.07617936,0.05566102,0.112833,0.1750744,0.195763,0.1386432,0.6694829,0.3494876,0.4539012,0.5548515,0.03693011,0.03526563,0.008074425,0.007638527,0.2128196,0.2924389,1.549751,0.7101471,0.1947293,0.06841465,0.07937574,0.2638999,0.01992553,0.02452259,0.02452259,0.1330859,0.01839999,0.02106554,0.2209174,0.01439767
12/1/22 7:02,376,0.5731922,0.3913678,0.2844285,0.2734832,0.1098765,0.06968185,0.1716678,0.190375,0.2532559,0.2923077,0.284402,0.08227924,0.03417847,0.04528349,0.06704132,0.05183303,0.0348375,0.07963338,0.08186264,0.0558676,0.09862345,0.1846424,0.2042916,0.1394192,0.7005793,0.3436813,0.4617036,0.5457544,0.00961322,0.03697771,0.003029886,0.03735891,0.2376345,0.2998754,1.425818,0.7476614,0.2227918,0.08122998,0.06579573,0.2652889,0.02315687,0.0406099,0.02436386,0.02436386,0.03703698,0.02504659,0.2456625,0.01881549
12/1/22 11:02,380,0.5318377,0.333689,0.2800998,0.2484752,0.1014091,0.07406555,0.1737458,0.2018626,0.2327467,0.2910331,0.266577,0.08272216,0.04278083,0.04189456,0.05201578,0.04179957,0.03767515,0.07928527,0.08141179,0.05922499,0.09688107,0.1784226,0.2046115,0.1362344,0.6870577,0.3450822,0.4308957,0.567803,0.03663725,0.03663725,0.006605229,0.0606246,0.3127523,0.2936363,1.328942,0.7362109,0.2271179,0.06651641,0.06416053,0.2909527,0.02946417,0.02464304,0.02100164,0.1219927,0.04687804,0.02139131,0.2206975,0.01559958
12/1/22 15:02,384,0.4771908,0.283603,0.2417898,0.2205338,0.08947358,0.05571976,0.2049132,0.1848819,0.3222615,0.3085672,0.2298732,0.07895335,0.05032601,0.03675528,0.06083823,0.04933371,0.03903029,0.08655611,0.08145285,0.06552668,0.1196343,0.1737495,0.187174,0.1343523,0.7418137,0.3840984,0.4695009,0.5800536,0.02341945,0.02341945,0.008928597,0.06188904,0.2340518,0.3186845,1.300101,0.7918304,0.1797077,0.06031465,0.0833333,0.2597833,0.01233948,0.01570732,0.03847137,0.1380711,0.05640215,0.02409302,0.2312118,0.01538868
12/1/22 19:02,388,0.4418446,0.290174,0.241361,0.2134562,0.1092053,0.06186033,0.2113188,0.1564662,0.2901759,0.3159719,0.2470129,0.07477146,0.03711278,0.03797355,0.07103455,0.03071931,0.04013001,0.07404923,0.08640675,0.0707535,0.08362141,0.2063985,0.1785918,0.1382717,0.7182024,0.372857,0.4466928,0.5571361,0.04232111,0.04232111,0.005756381,0.1081439,0.2035816,0.367778,1.435671,0.7636486,0.1864051,0.06232608,0.07699595,0.2623852,0.0144351,0.02682059,0.02682059,0.1328598,0.036247,0.036247,0.2321067,0.004465419
12/1/22 23:02,392,0.3447366,0.2750641,0.2165768,0.2160543,0.1284803,0.05679406,0.2179756,0.1928953,0.4717122,0.2979786,0.2239603,0.06908356,0.01708996,0.05145406,0.02779466,0.0369561,0.04060744,0.06529947,0.0841317,0.06961725,0.08319154,0.1509786,0.1972532,0.1325534,0.7362,0.5456088,0.4355857,0.5367308,0.01904122,0.01904122,0.01198683,0.05776527,0.2755974,0.4099406,1.461823,0.7400896,0.1690153,0.08320761,0.08924975,0.2722515,0.01514403,0.01535537,0.01535537,0.06087931,0.03118277,0.02561104,0.250484,0.004601463
12/2/22 3:02,396,0.3590552,0.2633173,0.2176112,0.2198977,0.1136542,0.05817955,0.2050344,0.198351,0.3535239,0.3109313,0.2173957,0.08329722,0.03299231,0.04070203,0.07329208,0.04476702,0.04113687,0.067242,0.08999431,0.07670587,0.07180887,0.1771157,0.218074,0.1187344,0.7423547,0.3907107,0.4446813,0.54072,0.02319935,0.02319935,0.004477732,0.03268649,0.3298692,0.357448,1.400502,0.804207,0.1722205,0.06753148,0.1038834,0.2679215,0.01547683,0.01335109,0.01335109,0.152156,0.03599303,0.01741879,0.2444499,0.006881147
12/2/22 7:02,400,0.3291391,0.2346422,0.20017,0.2288883,0.09296498,0.06531865,0.2084043,0.1672582,0.423741,0.3126938,0.2363748,0.09870891,0.04552605,0.0649275,0.04081304,0.03504074,0.04175638,0.0688905,0.0954368,0.07205258,0.05470008,0.1596153,0.1892053,0.1319242,0.7557974,0.4042318,0.3984819,0.4989744,0.02998623,0.02998623,0.01261949,0.03385816,0.1983748,0.4259868,1.495229,0.7749813,0.1767416,0.08137962,0.1021298,0.2902934,0.01305847,0.02796197,0.02796197,0.1284223,0.0215816,0.0215816,0.2594503,0.01054199
12/2/22 11:02,404,0.2609558,0.2246902,0.1997501,0.2434493,0.09617982,0.05926052,0.2149454,0.1787936,0.6060702,0.2618857,0.2522206,0.1007153,0.02517072,0.04647916,0.02982283,0.04165618,0.04413565,0.07107192,0.09410448,0.07842498,0.05702159,0.1595028,0.195139,0.1153754,0.7598648,0.4141023,0.4564043,0.5059724,0.03620452,0.03620452,0.00755079,0.04928628,0.2402591,0.3948973,1.306669,0.7609733,0.157759,0.08444244,0.122016,0.2938319,0.01464036,0.02997372,0.02997372,0.09014815,0.01900326,0.01900326,0.2702995,0.01002816
12/2/22 15:02,408,0.2430979,0.2230812,0.1914633,0.267589,0.08865897,0.06488354,0.2422306,0.1744498,0.5108189,0.2745352,0.2625896,0.1148525,0.03355521,0.06890699,0.03806983,0.04892629,0.04317996,0.07052895,0.08948552,0.07888246,0.05467505,0.1370605,0.1750533,0.0989098,0.7289838,0.3878682,0.4481192,0.5176597,0.02371429,0.02371429,0.006826323,0.08539303,0.2378875,0.355173,1.364418,0.7679758,0.1497762,0.1159958,0.09358656,0.3012336,0.01179623,0.03136086,0.03136086,0.03136086,0.01929851,0.01929851,0.2393643,0.009169088
12/2/22 19:02,412,0.2304885,0.1802975,0.1789082,0.3054925,0.09799027,0.04086279,0.3142212,0.1406375,0.4143437,0.2604341,0.2460353,0.2122413,0.02183074,0.002968481,0.002968481,0.01784071,0.04549614,0.06207005,0.0836755,0.09467299,0.0693254,0.1403811,0.1432518,0.1092027,0.7614022,0.4142481,0.4793069,0.5406454,0.006321429,0.05012533,0.01115541,0.1522591,0.1635396,0.5001813,1.398432,0.5249507,0.1369025,0.2253525,0.102501,0.3114882,0.08827935,0.08827935,0.03225,0.009097642,0.009790522,0.0162362,0.2820633,0.02159908
12/2/22 23:02,416,0.2478045,0.218047,0.2207971,0.3783341,0.08264724,0.04466923,0.3193595,0.1529923,0.3184631,0.3042513,0.2696385,0.144515,0.04901624,0.04171081,0.04171081,0.01760584,0.05076839,0.05890015,0.07735568,0.09273385,0.07560445,0.1529135,0.1653523,0.1104523,0.8340862,0.3468668,0.3915832,0.496124,0.04581642,0.04581642,0.04581642,0.04581642,0.2230001,0.397717,1.511742,0.5016066,0.1376802,0.2212475,0.09322828,0.2599421,0.04110146,0.1554801,0.04302704,0.04302704,0.008417158,0.02455224,0.2935962,0.01049742
12/3/22 3:02,420,0.2699124,0.2449878,0.2346965,0.429364,0.08729575,0.04179582,0.372422,0.1669281,0.341518,0.2984792,0.2985597,0.1682634,0.0430232,0.02418344,0.02418344,0.03062081,0.05855161,0.06738022,0.1025443,0.1053371,0.08012201,0.1598623,0.1649681,0.1000185,0.6972424,0.3909676,0.3758695,0.5355779,0.008918122,0.03848482,0.01005213,0.01005213,0.1896836,0.431965,1.357807,0.4643895,0.1468548,0.1548391,0.06614836,0.2583818,0.004960458,0.03009793,0.03009793,0.01318481,0.01253731,0.01826848,0.3361893,0.01889764
12/3/22 7:02,424,0.2702225,0.2855588,0.2883204,0.4345615,0.07673336,0.04877855,0.4175009,0.161463,0.2392977,0.2797142,0.3319806,0.2236171,0.03248097,0.01378877,0.01378877,0.03131317,0.05718952,0.07682779,0.1095919,0.1107296,0.104315,0.1669065,0.1435103,0.07569888,0.7414197,0.3490847,0.3548453,0.5775087,0.005544181,0.03665806,0.01135326,0.01135326,0.2086825,0.4122314,1.217563,0.4532187,0.1600281,0.1035745,0.07099078,0.3682763,0.06381989,0.04193883,0.03936412,0.03717969,0.01030967,0.02396554,0.245437,0.0242496
12/3/22 11:02,428,0.2702719,0.2749646,0.2745357,0.4153193,0.1034159,0.08319642,0.3144286,0.1690798,0.2644376,0.3109626,0.2711487,0.1939188,0.04889407,0.01726898,0.01726898,0.03453555,0.05367866,0.07925633,0.1107155,0.1385724,0.0700234,0.1473566,0.1491148,0.07974252,0.9209602,0.3239109,0.2868997,0.4848711,0.008688864,0.04391592,0.009681016,0.009681016,0.1494281,0.4382792,1.08596,0.4229427,0.2073441,0.2134858,0.07926234,0.3167831,0.05411152,0.06204556,0.02304039,0.02304039,0.01110504,0.02471052,0.3090197,0.00135094
12/3/22 15:02,432,0.2669144,0.2775309,0.2596438,0.388711,0.1226176,0.07321122,0.2369245,0.1750006,0.2239276,0.2469411,0.2906383,0.2063021,0.05395212,0.007746952,0.007746952,0.01064522,0.0481903,0.0733783,0.1061321,0.1287179,0.07998929,0.1395716,0.1426678,0.08269809,1.187831,0.3283029,0.2635045,0.4227953,0.004827586,0.0404896,0.009092553,0.009092553,0.2168695,0.3417151,1.091316,0.4227816,0.2078286,0.1112786,0.06905416,0.2388383,0.05560839,0.05560839,0.03745019,0.03745019,0.03738753,0.0435622,0.2338539,0.00144375
12/3/22 19:02,436,0.2648878,0.2868492,0.2416178,0.3838998,0.09996685,0.06479044,0.1885378,0.1342104,0.2862967,0.2542612,0.2982469,0.2078196,0.05792618,0.01250765,0.01250765,0.03819117,0.04545481,0.07822663,0.1104484,0.1100382,0.07561276,0.1470117,0.1539671,0.1046337,1.063712,0.3099818,0.2636998,0.3971829,0.008468108,0.04911831,0.006840201,0.006840201,0.1649625,0.3590626,1.089496,0.4165697,0.2047236,0.1137171,0.09356266,0.2192817,0.1202108,0.02582711,0.02683123,0.02683123,0.1015173,0.1015173,0.2338992,0.001444989
12/3/22 23:02,440,0.2434164,0.2966111,0.2584802,0.4178475,0.1366694,0.1075522,0.1854307,0.1677559,0.3532884,0.2588193,0.3094943,0.2344261,0.0157171,0.0157171,0.0157171,0.04291194,0.05125532,0.08151247,0.11951,0.1042208,0.08000331,0.1363331,0.1643204,0.1115977,0.7731774,0.3189165,0.2453911,0.4542837,0.04382962,0.04382962,0.01208251,0.01208251,0.1635166,0.3653137,1.039405,0.436163,0.1418088,0.09180073,0.07731872,0.2133846,0.1009965,0.02355826,0.02355826,0.02355826,0.009819889,0.009819889,0.2146583,0.000820566
12/4/22 3:02,444,0.1906003,0.260236,0.2433178,0.3860629,0.1072526,0.08361375,0.1934138,0.1546215,0.3356226,0.2620476,0.3747459,0.2212423,0.008122197,0.01755886,0.01755886,0.02125455,0.04168938,0.09088947,0.1216258,0.1277758,0.07910421,0.1365221,0.1464331,0.1126733,0.8879983,0.3203478,0.2350105,0.3812924,0.04401961,0.04401961,0.01054033,0.003700541,0.2101984,0.4311187,0.9785727,0.4157242,0.1394033,0.09045561,0.07570785,0.20186,0.009611441,0.030041,0.007713461,0.007713461,0.01584939,0.01584939,0.2025297,0.002551873
12/4/22 7:02,448,0.1814466,0.2174708,0.2323844,0.3487892,0.05353109,0.04191623,0.1756,0.1333258,0.310666,0.2572086,0.1590999,0.1890593,0.1890593,0.02102158,0.03022648,0.007210084,0.03209549,0.08971094,0.1127809,0.08710209,0.06352818,0.1332328,0.1517192,0.08777779,0.7571615,0.2591547,0.237084,0.3426731,0.04065631,0.04065631,0.01015966,0.009911246,0.1818729,0.4675104,0.927901,0.4128532,0.1532729,0.115886,0.0639753,0.1960062,0.008566078,0.02430457,0.004203753,0.02028992,0.0506467,0.0506467,0.3582934,0.001579102
12/4/22 11:02,452,0.1623896,0.1877849,0.1907055,0.3313545,0.05659919,0.1021833,0.2037945,0.1440953,0.2074291,0.2488966,0.2963683,0.174915,0.174915,0.002950769,0.002950769,0.01670511,0.02756505,0.08863072,0.1107884,0.07789639,0.05801934,0.1257572,0.1563501,0.08460917,0.8485623,0.2393538,0.2708884,0.3403895,0.05179336,0.05179336,0.009566928,0.007256293,0.2927898,0.3528901,0.9513446,0.3953756,0.1394228,0.1277372,0.0611049,0.1983103,0.008720931,0.007828401,0.007828401,0.007828401,0.06246745,0.06246745,0.2717978,0.00060483
12/4/22 15:02,456,0.1472293,0.1731359,0.1753803,0.3254807,0.06722236,0.07233466,0.1784685,0.1126399,0.2271802,0.2280227,0.2874432,0.1893566,0.05671292,0.007653807,0.007653807,0.01991986,0.02538544,0.08364595,0.1061209,0.08308668,0.09057914,0.1134108,0.1576078,0.05454052,0.6805994,0.2207226,0.2594532,0.3341804,0.03923317,0.03923317,0.009034325,0.009034325,0.2906194,0.4415568,0.8614914,0.394202,0.1295043,0.1624812,0.07434479,0.2443087,0.008720931,0.01096154,0.01096154,0.01096154,0.04100735,0.04100735,0.2392956,0.001622516
12/4/22 19:02,460,0.1386816,0.173561,0.1572584,0.3515821,0.09564656,0.09015336,0.1348454,0.08823612,0.2164608,0.2275663,0.2503028,0.2826109,0.09468117,0.004792531,0.004792531,0.01083871,0.02767956,0.07903425,0.1091508,0.08490186,0.06015601,0.1045392,0.1366757,0.04817946,0.5635843,0.2576117,0.2390382,0.3202024,0.04042,0.04042,0.01315,0.01002549,0.1271607,0.4912352,0.9510268,0.3942019,0.2478539,0.06950086,0.04583173,0.2579203,0.08518392,0.01074852,0.01074852,0.01074852,0.03530412,0.03530412,0.18341,0.01865221
12/4/22 23:02,464,0.1211957,0.1797682,0.151002,0.3851014,0.06332757,0.09386726,0.145463,0.08484198,0.2468024,0.1885024,0.2409725,0.2148234,0.04005258,0.007850466,0.007850466,0.01618909,0.02630823,0.0886933,0.1089163,0.09442882,0.04997817,0.1061382,0.127944,0.05090227,0.5698874,0.2754746,0.2251794,0.3285747,0.05146221,0.05146221,0.01352934,0.009781145,0.1532826,0.3501738,1.096755,0.3868629,0.1988563,0.07730512,0.07556608,0.221048,0.01221818,0.003538546,0.003538546,0.003538546,0.05200265,0.05200265,0.1895257,0.000895594
12/5/22 3:02,468,0.1171651,0.1889316,0.1454797,0.4195983,0.08776928,0.1305593,0.1168222,0.08495951,0.2185648,0.1844451,0.2632833,0.1633181,0.05190644,0.05190644,0.05190644,0.01429733,0.02696072,0.08417195,0.1229645,0.09045136,0.04516974,0.06856567,0.1333364,0.04710236,0.8644669,0.3051733,0.2320466,0.3576128,0.02620056,0.02620056,0.01430241,0.005780488,0.1685002,0.3739804,0.9841322,0.4111311,0.1694401,0.06543466,0.05867833,0.2242529,0.1047691,0.003053471,0.003053471,0.003053471,0.01244982,0.03750617,0.4612085,0.001545202
12/5/22 7:02,472,0.1143681,0.197884,0.136897,0.4381208,0.1429104,0.09404347,0.119624,0.08515806,0.2398396,0.2234194,0.1807122,0.1871876,0.0389064,0.01260657,0.0389064,0.02001035,0.02716512,0.08049347,0.128038,0.08803251,0.04686006,0.06613059,0.1297704,0.04306173,0.854611,0.2609415,0.237677,0.4154896,0.03714757,0.03714757,0.00385,0.00385,0.1353001,0.3805854,0.9957348,0.4078608,0.09129023,0.06697903,0.07134006,0.2252251,0.01310156,0.00465114,0.00465114,0.00465114,0.01519324,0.04257772,0.1412592,0.001423071
12/5/22 11:02,476,0.1106009,0.2103821,0.1379712,0.4532371,0.102623,0.07174283,0.1385987,0.08094703,0.1975166,0.2476256,0.2548656,0.1868441,0.04124004,0.04124004,0.007016204,0.01824757,0.02915927,0.07853999,0.1282893,0.08824678,0.03373096,0.05884947,0.1369902,0.04813006,0.6168372,0.2119056,0.2197137,0.3435226,0.06154044,0.06154044,0.01005087,0.01052786,0.1025842,0.3628899,0.9986985,0.4071729,0.08436971,0.06236311,0.07643238,0.1917772,0.07039607,0.01070504,0.01070504,0.01070504,0.002966066,0.03643062,0.1280209,0.00093909
12/5/22 15:02,480,0.1225889,0.2251029,0.1499594,0.4565108,0.067941,0.1219452,0.150597,0.07652443,0.2648622,0.1849055,0.2186928,0.1770123,0.03536332,0.03536332,0.008496301,0.009249998,0.03187498,0.07397863,0.1224429,0.08781885,0.03474491,0.05310235,0.1408406,0.04269056,0.2747399,0.2181295,0.2378582,0.3488869,0.06540354,0.06540354,0.009750877,0.009750877,0.1379936,0.3669774,1.031824,0.3908302,0.1104437,0.03788965,0.07099374,0.1861181,0.06330606,0.05515217,0.05515217,0.05515217,0.000735091,0.03132597,0.1202771,0.001173234
12/5/22 19:02,484,0.1334266,0.2422997,0.1535894,0.4627948,0.05779935,0.08259781,0.1203276,0.06548508,0.2601312,0.1920972,0.2836611,0.1622017,0.042511,0.042511,0.0110569,0.0233168,0.0342708,0.0711864,0.1243163,0.08593027,0.03599288,0.04708859,0.1304016,0.04299311,0.8352519,0.1992055,0.2215332,0.3721873,0.0610909,0.0610909,0.007051627,0.007051627,0.1588819,0.4639778,0.9419613,0.42803,0.09830729,0.1234819,0.07551546,0.2445704,0.003351791,0.04086596,0.04086596,0.04086596,0.04363079,0.04363079,0.1412478,0.001396864
12/5/22 23:02,488,0.1475824,0.2585524,0.1662071,0.4728253,0.06173009,0.05670774,0.09130958,0.05800107,0.2590121,0.184794,0.2636573,0.1713205,0.03658475,0.03658475,0.03658475,0.009511628,0.03634724,0.07157372,0.131825,0.08498001,0.03410808,0.04826246,0.1391507,0.04711779,0.4919765,0.2053048,0.2253173,0.3238029,0.06490209,0.06490209,0.002922807,0.01009568,0.1372366,0.5391853,1.037747,0.4963931,0.09517754,0.1023029,0.04825982,0.1921548,0.007799335,0.03420547,0.03420547,0.03420547,0.000256277,0.04525737,0.1650669,0.001566879
12/6/22 3:02,492,0.1627323,0.2690521,0.1733434,0.4729013,0.0760118,0.05325044,0.09524228,0.053065,0.2381525,0.1750735,0.2359133,0.16596,0.06278351,0.06278351,0.06278351,0.06278351,0.03911744,0.07359792,0.129462,0.08814523,0.0314372,0.04623854,0.1396231,0.04145195,0.5900434,0.1870162,0.2017744,0.295792,0.0626962,0.0626962,0.02149718,0.01063666,0.1475194,0.5821998,1.404849,0.3956276,0.1228984,0.1771682,0.05658634,0.2005206,0.0187982,0.0338102,0.0338102,0.0338102,0.000136389,0.04850725,0.2087936,0.001518072
12/6/22 7:02,496,0.1787924,0.2805823,0.1816289,0.4634205,0.07842699,0.04596626,0.1037116,0.04795724,0.1996149,0.1629449,0.1669033,0.1752832,0.03789597,0.03789597,0.03789597,0.03789597,0.03962191,0.07342565,0.1306089,0.09035189,0.03616599,0.03928976,0.143591,0.03447742,0.509966,0.1832788,0.2073272,0.3241996,0.06589305,0.06589305,0.01658827,0.009775862,0.1086527,0.5209118,0.8392985,0.3911679,0.1164055,0.0769499,0.05876792,0.1761945,0.1254943,0.04190019,0.04190019,0.04190019,0.003986587,0.0315806,0.3670424,0.3670424
12/6/22 11:02,500,0.1988217,0.2866032,0.1946883,0.462481,0.0853437,0.04980095,0.09917448,0.03250928,0.185588,0.1680052,0.1730257,0.1583041,0.05854261,0.05854261,0.05854261,0.03724261,0.04168118,0.07746828,0.1322261,0.09892115,0.03673681,0.04062503,0.1262288,0.04728831,0.3612724,0.1702726,0.1853323,0.295461,0.04601563,0.04601563,0.01680963,0.01202384,0.1557565,0.3768456,0.8015181,0.4280157,0.1289946,0.08246887,0.07268361,0.142777,0.09308068,0.09308068,0.09308068,0.09308068,0.000316712,0.04060099,0.3830485,0.006634009
12/6/22 14:40,503.6333333,0.2062982,0.2950892,0.199938,0.4713532,0.09326762,0.104236,0.08937962,0.03438663,0.10727,0.1680267,0.2090175,0.151374,0.04507933,0.04507933,0.04507933,0.04507933,0.04192665,0.07774387,0.133943,0.09591655,0.03058078,0.03942381,0.1413511,0.05926065,0.3223528,0.1773856,0.1782543,0.2828179,0.03466886,0.03466886,0.01144086,0.008276951,0.0995072,0.260478,0.8042375,0.4085327,0.1243849,0.07720547,0.1007712,0.1456221,0.003801916,0.003801916,0.003801916,0.003801916,0.000113773,0.02965592,0.1686432,0.002857654
12/6/22 18:40,507.6333333,0.1779115,0.2740547,0.1877947,0.4349586,0.0260264,0.08407024,0.09230272,0.06457385,0.06741495,0.1560482,0.15076,0.1810928,0.00941291,0.05637693,0.04112802,0.04112802,0.04036166,0.1200531,0.134478,0.1164828,0.02697838,0.03702134,0.09567836,0.06891925,0.2244702,0.1433132,0.1771806,0.2685154,0.003677966,0.003677966,0.06322002,0.06322002,0.03968257,0.2655139,0.7310354,0.6671804,0.2577832,0.07445608,0.05534685,0.1607578,0.003801916,0.003801916,0.003801916,0.003801916,0.5634322,0.5634322,0.5634322,0.002669196
12/6/22 22:40,511.6333333,0.2192468,0.3125346,0.2418406,0.5213956,0.03313909,0.04771318,0.1141552,0.04658814,0.1091927,0.1807934,0.1800022,0.1804371,0.004416666,0.03479385,0.04975684,0.04975684,0.04568358,0.1291865,0.1480704,0.1442027,0.03435544,0.05414528,0.1245468,0.1003477,0.3130635,0.1831364,0.2063362,0.3019342,0.003863779,0.003863779,0.005363077,0.03509827,0.05157291,0.2526915,0.7911392,0.6851022,0.06308822,0.09484699,0.07214289,0.1456043,0.03996428,0.03996428,0.03996428,0.03996428,0.2651251,0.2651251,0.2651251,0.00158214
12/7/22 2:40,515.6333333,0.2628065,0.3842089,0.3008816,0.5732812,0.03344204,0.05534818,0.1019482,0.0493192,0.1274046,0.1830061,0.1448454,0.2017239,0.008979636,0.06562832,0.04687516,0.03144453,0.05077928,0.1419622,0.1744417,0.1631532,0.04423825,0.05580331,0.1408916,0.1091272,0.2920963,0.218169,0.19768,0.3701299,0.006803446,0.006803446,0.01647106,0.08122372,0.08170366,0.3035771,0.9637091,0.7197034,0.1767743,0.0685581,0.06643347,0.1427555,0.07294878,0.03636087,0.04121967,0.04121967,0.2854849,0.2854849,0.2854849,0.03238248
12/7/22 6:40,519.6333333,0.2903916,0.4084005,0.3325952,0.5986428,0.03564937,0.05873149,0.1127886,0.1503789,0.1024118,0.178244,0.2319405,0.1845413,0.1845413,0.1845413,0.07675914,0.03786674,0.05174088,0.1457083,0.1745604,0.1840721,0.04231716,0.05646756,0.1415917,0.1073153,0.4354238,0.1685207,0.1844901,0.2753945,0.002481758,0.002481758,0.006563668,0.06567982,0.06688847,0.3037331,0.8752189,0.7505739,0.1451119,0.06963367,0.05962172,0.1235047,0.03645825,0.03645825,0.05882571,0.05882571,0.2985187,0.2985187,0.2985187,0.005918759
12/7/22 10:40,523.6333333,0.2892333,0.4122342,0.3290187,0.6138132,0.0365654,0.05854676,0.1188015,0.1188015,0.1450639,0.1620695,0.244952,0.1946105,0.1946105,0.1946105,0.04878962,0.06259429,0.05414475,0.1398791,0.179569,0.172571,0.0392623,0.0523691,0.1372157,0.1126132,0.3012413,0.1788368,0.1866944,0.3575045,0.007802584,0.007802584,0.06111621,0.06111621,0.02474678,0.2716988,0.9056336,0.7010062,0.1703596,0.06522232,0.0716671,0.1205829,0.1577491,0.04389903,0.04389903,0.04389903,0.2557556,0.2557556,0.2557556,0.02732474
12/7/22 14:40,527.6333333,0.2883791,0.4027676,0.3445422,0.621659,0.04080371,0.04440403,0.1257974,0.0693088,0.1322411,0.1744381,0.2414825,0.1924327,0.1924327,0.1924327,0.04795347,0.05441871,0.05504474,0.1228543,0.1815189,0.1546785,0.04473009,0.05171192,0.1335277,0.08841433,0.2261814,0.2345032,0.1691207,0.2927177,0.001198945,0.001198945,0.002646233,0.07725956,0.1193909,0.2843814,0.8901899,0.7083538,0.4731031,0.05557977,0.08498909,0.1572776,0.1044497,0.02430106,0.04446296,0.04446296,0.3363271,0.3363271,0.3363271,0.02506735
12/7/22 18:40,531.6333333,0.3058398,0.4027426,0.3530965,0.6622648,0.03888211,0.05295613,0.1139694,0.05896177,0.1525774,0.1698574,0.217181,0.1763736,0.1763736,0.1763736,0.05815239,0.07325662,0.05641986,0.1264193,0.1737527,0.156491,0.04784784,0.05131949,0.1255215,0.07846887,0.2259109,0.2157679,0.175868,0.2806517,0.01419558,0.01419558,0.01419558,0.07034401,0.1232866,0.2319552,0.6823962,0.8966465,0.2554588,0.06015456,0.0949678,0.1477437,0.03140088,0.02828089,0.02828089,0.02828089,0.3612457,0.3612457,0.3612457,0.03373079
12/7/22 22:40,535.6333333,0.2993736,0.4094341,0.3445052,0.6820602,0.03691478,0.07176248,0.1041183,0.05594179,0.1254053,0.201711,0.2270487,0.1216693,0.1216693,0.1216693,0.05822105,0.07421511,0.05659962,0.1317886,0.2166012,0.178768,0.04355412,0.04934318,0.1261027,0.08428413,0.240815,0.1926698,0.1570144,0.2699628,0.0554369,0.0554369,0.006243242,0.04558986,0.1268194,0.3632284,0.7376515,0.643417,0.122645,0.05109524,0.09940681,0.1853772,0.02969775,0.04035601,0.0458819,0.04035601,0.3171711,0.3171711,0.3171711,0.00139577
12/8/22 2:40,539.6333333,0.282802,0.4032203,0.3279594,0.6530394,0.03764508,0.05458157,0.1150212,0.0510282,0.1165581,0.1828564,0.2313116,0.1783607,0.1783607,0.1783607,0.05904683,0.08020603,0.0557651,0.1008368,0.1702974,0.1357822,0.03774362,0.0403157,0.1071202,0.08342071,0.1986169,0.199861,0.1906354,0.2562797,0.07776728,0.07776728,0.07776728,0.03883626,0.1813108,0.242334,0.8260218,0.5296077,0.16648,0.05122824,0.1608553,0.1978624,0.03375376,0.03664389,0.03664389,0.03664389,0.4711726,0.4711726,0.4711726,0.001220399
12/8/22 6:40,543.6333333,0.275321,0.4005612,0.3296964,0.6375046,0.03580915,0.05010498,0.09933657,0.04420818,0.06966364,0.1523295,0.2569499,0.1727489,0.1727489,0.1727489,0.05064467,0.05778548,0.05617556,0.08557487,0.1285284,0.1020143,0.03111378,0.03607168,0.109536,0.07268252,0.1926654,0.1943035,0.1759002,0.2357425,0.08513453,0.08513453,0.007063554,0.0781534,0.1432884,0.2681778,0.7649897,0.5480242,0.2332465,0.05429688,0.1864737,0.1559261,0.05146145,0.03333458,0.042735,0.03333458,0.409082,0.409082,0.409082,0.00286704
12/8/22 10:55,547.8833333,0.2926899,0.4149013,0.3434556,0.6355739,0.03369569,0.05349041,0.1109152,0.04485597,0.07864329,0.1357684,0.2421922,0.1684449,0.1684449,0.000627694,0.0372524,0.05368091,0.06100712,0.0756113,0.1149179,0.08342404,0.02923451,0.03264392,0.1059091,0.08013358,0.1720034,0.1934907,0.1934536,0.217227,0.00721954,0.00721954,0.00721954,0.00721954,0.1069779,0.2948525,0.7800953,0.4826931,0.2227585,0.04533469,0.1317152,0.2016592,0.05425514,0.0735599,0.0735599,0.0735599,0.3011796,0.3011796,0.3011796,0.000902234
12/8/22 14:54,551.8666667,0.2896776,0.4084241,0.3395747,0.616881,0.06696671,0.04606494,0.09274172,0.03719558,0.09570144,0.1141097,0.2232185,0.1615094,0.1615094,0.02334709,0.03355795,0.04676936,0.05835339,0.07315236,0.1085382,0.07503229,0.02628679,0.03253047,0.1169632,0.0678817,0.1671348,0.1890752,0.1570818,0.243367,0.000715216,0.00911842,0.00911842,0.00911842,0.09845508,0.360054,0.7969754,0.520673,0.2151287,0.02921723,0.05341975,0.1393631,0.06062509,0.05863284,0.03621321,0.03621321,0.1418806,0.1418806,0.1418806,0.00129663
12/8/22 18:54,555.8666667,0.3007048,0.4159966,0.3497322,0.6084135,0.04453734,0.05877143,0.07494934,0.03675843,0.09465019,0.1202981,0.1859468,0.1498608,0.1498608,0.02896049,0.03793762,0.04302485,0.05978153,0.07953345,0.1216602,0.07395928,0.02770986,0.03451042,0.09882521,0.05369528,0.1455421,0.1544255,0.1529546,0.2191765,0.00631085,0.00631085,0.00631085,0.00631085,0.121726,0.3816248,0.7515261,0.4494258,0.123897,0.03017577,0.06495766,0.1359526,0.05902274,0.09476596,0.03994941,0.03994941,0.1260729,0.1260729,0.1260729,0.001606096
12/8/22 22:54,559.8666667,0.324367,0.4241491,0.3586477,0.5944255,0.0553346,0.04958653,0.07936539,0.03331292,0.1155745,0.1016606,0.1970471,0.1391505,0.1391505,0.0274431,0.03926279,0.05377445,0.06105786,0.07179993,0.1208693,0.07559495,0.03211626,0.03844384,0.0787688,0.0519079,0.1372477,0.1099378,0.1384931,0.1863045,0.02494452,0.009219512,0.009219512,0.009219512,0.09107362,0.5787814,0.7164693,0.5475523,0.1140966,0.0296343,0.1075488,0.1284116,0.06909475,0.07470403,0.07470403,0.07470403,0.1207892,0.1207892,0.1207892,0.003040378
12/9/22 2:54,563.8666667,0.3324454,0.4327595,0.362648,0.5769161,0.08886075,0.04622813,0.07593367,0.02409289,0.06786615,0.07981341,0.1921714,0.1651939,0.1651939,0.02467861,0.0427389,0.05037434,0.06176316,0.0653693,0.1088561,0.06488591,0.03419971,0.04222888,0.07519995,0.05291983,0.1396993,0.1252131,0.1352203,0.1865069,0.003221591,0.003221591,0.003221591,0.003221591,0.04972323,0.3347097,0.6888083,0.4091322,0.1082917,0.03152658,0.0700089,0.08311816,0.06983373,0.0616622,0.0616622,0.0616622,0.1203466,0.1203466,0.1203466,0.002576302
12/9/22 6:54,567.8666667,0.3459102,0.4292866,0.3640766,0.5630279,0.05304363,0.04140135,0.08934008,0.02507666,0.05272207,0.06837203,0.1891424,0.06033577,0.06033577,0.02343253,0.03653667,0.0828365,0.06318633,0.06572542,0.1088827,0.06535895,0.04091221,0.04845733,0.0696587,0.051521,0.1204886,0.1131545,0.1315964,0.1695051,0.04816709,0.0096633,0.0096633,0.0096633,0.04224456,0.3502468,0.6586601,0.3190121,0.09668333,0.02415307,0.05168715,0.07805888,0.08084386,0.06382439,0.06382439,0.06382439,0.1199832,0.1199832,0.1199832,0.001513513
12/9/22 10:55,571.8833333,0.3474045,0.4288642,0.3656411,0.538182,0.06053357,0.04424381,0.08552299,0.03015744,0.1285335,0.06833839,0.2259762,0.07172329,0.07172329,0.02758575,0.03303601,0.04472501,0.06700402,0.0721386,0.1156306,0.07104716,0.0461405,0.05523541,0.07589504,0.04395743,0.1052335,0.06358429,0.1522346,0.12084,0.04590288,0.01349275,0.01349275,0.01349275,0.1224741,0.2202121,0.5113613,0.4223434,0.09758108,0.03178565,0.04293508,0.1500637,0.06434908,0.03210552,0.03210552,0.03210552,0.1182427,0.1182427,0.1182427,0.00056467
12/9/22 14:54,575.8666667,0.3520038,0.421063,0.3722037,0.5160578,0.05410196,0.04845915,0.07056204,0.03356351,0.04879392,0.06377611,0.2336992,0.0680059,0.0680059,0.02682213,0.02615293,0.0804074,0.0656437,0.07582821,0.1186086,0.07431255,0.05344254,0.06724864,0.08149363,0.03800118,0.1375716,0.07123382,0.1455059,0.1124801,0.04575094,0.01091697,0.01091697,0.01091697,0.04367019,0.2029931,0.6496199,0.6144157,0.1455797,0.03568586,0.05097657,0.1143289,0.04497996,0.0319824,0.05019902,0.05019902,0.1242142,0.1242142,0.1242142,0.000618479
12/9/22 18:54,579.8666667,0.2978542,0.3820451,0.3412965,0.4545256,0.07245019,0.04816427,0.06742352,0.03299014,0.02719773,0.05788295,0.1709099,0.06183167,0.09723075,0.01714262,0.06670862,0.07915223,0.06061796,0.0804817,0.1179912,0.07915235,0.04279216,0.06961154,0.0619184,0.03623698,0.06677001,0.1249825,0.1143759,0.1037802,0.04375593,0.04375593,0.1129074,0.04432983,0.04305805,0.1053039,0.4628645,0.3239392,0.141486,0.06986915,0.1245241,0.06615882,0.00798637,0.00798637,0.00798637,0.5199983,0.000867117,0.000867117,0.000867117,0.000955155
12/9/22 22:54,583.8666667,0.3751198,0.4307099,0.3939441,0.5779521,0.06338102,0.04990046,0.07351866,0.02938615,0.02932398,0.06297675,0.1412258,0.05496987,0.149838,0.1786064,0.102562,0.09859118,0.06825589,0.1055309,0.136404,0.09306376,0.05424285,0.09012892,0.07858038,0.04607919,0.06839147,0.09473585,0.1139036,0.1016108,0.07984868,0.07984868,0.06975134,0.06201359,0.06992111,0.09880452,0.3910882,0.3267906,0.2650125,0.1831035,0.3873425,0.2114004,0.01482988,0.02487717,0.02214164,0.02214164,0.000201564,0.000124168,0.000124168,0.000124168
12/10/22 2:54,587.8666667,0.465209,0.4923142,0.4597919,0.6398305,0.09142937,0.07140207,0.08615614,0.03949836,0.0258221,0.05954304,0.130992,0.06379116,0.2422201,0.01406009,0.09762728,0.09376235,0.07965951,0.1440617,0.1881357,0.1379949,0.08013205,0.1327566,0.1066514,0.06903478,0.07017715,0.1003832,0.09924135,0.1276566,0.1474793,0.1474793,0.1201493,0.04980342,0.07841342,0.1324133,0.3457932,0.3868863,0.6224535,0.3956267,0.5367718,0.4932248,0.008720132,0.01406013,0.01637601,0.01637601,0.000124168,0.000124168,0.000124168,0.000124168
12/10/22 6:54,591.8666667,0.4833196,0.5144296,0.4806499,0.6380991,0.1090634,0.06476283,0.1014019,0.04433808,0.0256501,0.04505104,0.1239047,0.07295332,0.1848444,0.02863081,0.077429,0.1213883,0.08460931,0.1592215,0.2141641,0.1546199,0.09766097,0.1555588,0.1113607,0.07677361,0.05866442,0.1093897,0.1059347,0.09825519,0.0514758,0.0514758,0.1178323,0.04758781,0.09022448,0.1214585,0.4426643,0.3897015,0.5600978,0.4633225,0.6240304,0.4634157,0.01217753,0.006654256,0.02990994,0.02990994,0.001077352,0.001077352,0.001077352,0.001077352
12/10/22 10:55,595.8833333,0.4958598,0.4975976,0.4712849,0.6372822,0.1045798,0.06279659,0.1005387,0.04490115,0.02436604,0.04649387,0.1141182,0.07134621,0.1496067,0.0354926,0.08581141,0.1153577,0.08928606,0.1533156,0.2130203,0.1560198,0.1027791,0.1538154,0.109214,0.07380578,0.05988962,0.09873427,0.0890628,0.09794297,0.1766205,0.1766205,0.1124646,0.04512667,0.1006416,0.1482742,0.4282092,0.5062568,0.5208637,0.4033979,0.4920587,0.4117163,0.004743772,0.01199971,0.02301374,0.02301374,0.000586063,0.000586063,0.000586063,0.000586063
12/10/22 14:54,599.8666667,0.4918407,0.4859878,0.4674065,0.6438446,0.1039389,0.06105082,0.09630434,0.04488886,0.02636468,0.05011117,0.1180035,0.0551924,0.217307,0.05130651,0.04360685,0.1163024,0.08839523,0.1570138,0.2123943,0.1661131,0.1046796,0.1597972,0.1125002,0.07157188,0.0558394,0.1013134,0.1020332,0.1030611,0.03383831,0.03383831,0.03383831,0.04875706,0.1655449,0.179723,0.5380782,0.5570542,0.6068425,0.3224794,0.5659094,0.3900183,0.006879404,0.00654198,0.02352684,0.02352684,0.007019727,0.007019727,0.007019727,0.007019727
12/10/22 18:54,603.8666667,0.5047396,0.4981227,0.4766941,0.6706487,0.09375402,0.06116163,0.08419119,0.04299774,0.02401921,0.05207535,0.1137767,0.07823475,0.03602912,0.03602912,0.03768012,0.137219,0.08942695,0.1652218,0.2219438,0.1783592,0.1135445,0.1723546,0.1189848,0.07712281,0.05178818,0.09527393,0.1030038,0.09938835,0.003703226,0.1802913,0.02256754,0.05124222,0.1174665,0.2703928,0.4959696,0.4858632,0.4066771,0.3383451,0.5466745,0.359237,0.006526297,0.01762474,0.01955019,0.01955019,0.004407692,0.004407692,0.004407692,0.004407692
12/10/22 22:54,607.8666667,0.516844,0.5114735,0.4833972,0.685686,0.08673002,0.0652211,0.08299921,0.03889149,0.02101061,0.05171516,0.08463233,0.06130666,0.02886649,0.0287484,0.02266214,0.1165682,0.08994775,0.1728414,0.2407959,0.1864494,0.1191683,0.1738578,0.1117061,0.07743646,0.05222159,0.0877194,0.09188493,0.09238399,0.007209738,0.1109628,0.0375185,0.04870534,0.1082895,0.334034,0.2876859,0.4786195,0.5359867,0.3118166,0.4377369,0.347584,0.006858736,0.02116659,0.02781028,0.02781028,0.003797155,0.003797155,0.003797155,0.003797155
12/11/22 2:54,611.8666667,0.5286967,0.5214332,0.4927485,0.6955669,0.07729591,0.05590455,0.07515381,0.03390144,0.02637068,0.04263755,0.06376989,0.07105599,0.164264,0.02266214,0.021,0.0595564,0.09096312,0.1777442,0.2455743,0.1864744,0.1213262,0.1751687,0.09888788,0.07236175,0.05276568,0.08938108,0.07050451,0.08232433,0.006350699,0.03898983,0.03898983,0.07636733,0.2186092,0.2065709,0.2375838,0.521193,0.3538099,0.3132037,0.417508,0.3455721,0.007215925,0.01534507,0.01644924,0.01644924,0.002018589,0.002018589,0.002018589,0.002018589
12/11/22 6:54,615.8666667,0.5403171,0.5275676,0.4969085,0.679912,0.07019438,0.05562203,0.0741032,0.0279125,0.02308437,0.03691703,0.06631054,0.07954557,0.05670765,0.021,0.09058432,0.1075771,0.09283931,0.1761639,0.2414356,0.1922076,0.1197021,0.1743249,0.08516335,0.06810577,0.04610813,0.08089137,0.07283296,0.08354552,0.01937608,0.01937608,0.01937608,0.06992202,0.1296357,0.1860584,0.1917254,0.4703343,0.3797855,0.3120524,0.4279826,0.3328496,0.007566806,0.003234142,0.01333522,0.01333522,0.002885979,0.002885979,0.002885979,0.002885979
12/11/22 10:55,619.8833333,0.5511956,0.5435524,0.5097042,0.6587245,0.07822929,0.05342482,0.07034241,0.02836572,0.0230879,0.03835922,0.05439128,0.08209895,0.1459393,0.09058432,0.05878528,0.07011889,0.09412374,0.1786838,0.2347577,0.1939526,0.1256272,0.1871351,0.08572297,0.07309517,0.04274631,0.07685029,0.06958771,0.07661534,0.02170571,0.02170571,0.02170571,0.06325353,0.1097062,0.2020678,0.1853254,0.4180036,0.3797469,0.3392538,0.4572656,0.3306448,0.005046733,0.01021607,0.02659057,0.02659057,0.003107147,0.003107147,0.003107147,0.003107147
12/11/22 14:54,623.8666667,0.5599906,0.5471253,0.5081961,0.6358756,0.08611566,0.05499204,0.07451553,0.02806807,0.02422442,0.0452837,0.06385196,0.05026012,0.298265,0.05878528,0.1055688,0.05440813,0.09371632,0.1786583,0.2315888,0.1974644,0.127483,0.1961928,0.09407569,0.08454075,0.0440262,0.06846539,0.07617835,0.07129014,0.02370214,0.02370214,0.02370214,0.06205188,0.1149892,0.1708422,0.1757774,0.3366939,0.475349,0.3513005,0.4423923,0.3262698,0.007750936,0.01431679,0.02271772,0.02271772,0.005856433,0.005856433,0.005856433,0.005856433
12/11/22 18:54,627.8666667,0.5820635,0.5458575,0.5049239,0.6132424,0.07681143,0.0624885,0.0791351,0.03283511,0.02440691,0.04445959,0.04387246,0.05020604,0.00327523,0.1055688,0.06686345,0.06857755,0.09584676,0.1893614,0.2391688,0.2028304,0.1336066,0.2113775,0.109895,0.1034383,0.05681123,0.06057825,0.09729618,0.06855162,0.02285722,0.02285722,0.02285722,0.05790274,0.08841119,0.1563483,0.1733231,0.2875543,0.4851167,0.3012395,0.4303009,0.3133477,0.01039854,0.00570004,0.01753299,0.01753299,0.00288565,0.00288565,0.00288565,0.00288565
12/11/22 22:54,631.8666667,0.5901519,0.5516093,0.5078393,0.5904216,0.07463503,0.07467294,0.09245665,0.03858228,0.01986152,0.04280735,0.03346693,0.05774586,0.02317563,0.06686345,0.06193551,0.06718438,0.09861872,0.1929765,0.2473683,0.2104852,0.1400194,0.2225345,0.123099,0.1229145,0.04499248,0.06166468,0.09323452,0.06128903,0.02268296,0.02268296,0.02268296,0.06115035,0.08231822,0.1284612,0.1550818,0.258457,0.3710231,0.3281494,0.394825,0.3105452,0.008570977,0.01668802,0.01890367,0.01890367,0.001864188,0.001864188,0.001864188,0.001864188
12/12/22 2:54,635.8666667,0.6148011,0.552897,0.51926,0.5641551,0.07624784,0.08491488,0.1081711,0.04695695,0.01974167,0.03971699,0.02920308,0.04825142,0.009950192,0.06193551,0.07281412,0.05300676,0.09857281,0.2011233,0.2541485,0.2175901,0.1469731,0.2378489,0.1374185,0.1367094,0.04639746,0.06873527,0.07834237,0.05530135,0.04223514,0.04223514,0.04223514,0.04495211,0.0793699,0.1184353,0.1680221,0.1974293,0.34039,0.3090621,0.5071993,0.3237621,0.007009575,0.003822658,0.02093526,0.02093526,0.003511139,0.003511139,0.003511139,0.003511139
12/12/22 6:54,639.8666667,0.6078399,0.5508813,0.5242749,0.540372,0.07563782,0.09209168,0.1235073,0.05433895,0.01810313,0.03352471,0.03114314,0.05442756,0.07281412,0.07281412,0.06700075,0.05031958,0.09772927,0.2078966,0.2553041,0.2211592,0.1560258,0.2456722,0.1577052,0.1466506,0.05583391,0.06081013,0.07703932,0.04961708,0.03093697,0.03093697,0.03050855,0.05249654,0.08922197,0.1112805,0.1587022,0.1908691,0.3642411,0.2979894,0.6440411,0.3106828,0.005670586,0.003876171,0.01422308,0.01422308,0.002254239,0.002254239,0.002254239,0.002254239
12/12/22 10:55,643.8833333,0.6057385,0.5413215,0.5174743,0.5184084,0.07938656,0.1009574,0.140809,0.06205508,0.01523933,0.03504753,0.03078975,0.05860101,0.04743846,0.06700075,0.0598257,0.04701724,0.09739605,0.2133199,0.2578259,0.2215608,0.1606078,0.2538044,0.1677513,0.1617588,0.04762824,0.06205012,0.08205108,0.0415232,0.03103434,0.03103434,0.03103434,0.04823623,0.06676711,0.1149835,0.183025,0.1825894,0.3404439,0.3053726,0.6089167,0.3060278,0.008498512,0.009336721,0.01666304,0.01666304,0.003555689,0.003555689,0.003555689,0.003555689
12/12/22 14:54,647.8666667,0.5918992,0.520882,0.5035279,0.4863341,0.08989912,0.1081109,0.1547035,0.06897693,0.01933298,0.03395654,0.02496874,0.04496991,0.0598257,0.0598257,0.05723175,0.06678802,0.09496075,0.2107772,0.2514372,0.2209566,0.1645312,0.2530917,0.173757,0.16464,0.05237511,0.05647923,0.07748941,0.05066317,0.01877922,0.01877922,0.0405212,0.05424902,0.0480356,0.116349,0.1841427,0.1696289,0.3017559,0.3094966,0.5406604,0.3059777,0.02419941,0.006390238,0.02344867,0.02344867,0.00246541,0.00246541,0.00246541,0.00246541
12/12/22 18:54,651.8666667,0.5962325,0.510858,0.4924798,0.4731147,0.09864423,0.1158394,0.1732138,0.07987787,0.02046387,0.03488944,0.02291224,0.03343151,0.009621622,0.05723175,0.06009988,0.06432695,0.09330824,0.2123241,0.2539834,0.2248231,0.1698239,0.2564988,0.1863013,0.1724879,0.05347865,0.05897422,0.08606427,0.03639066,0.01146538,0.01298929,0.01298929,0.04836054,0.04111636,0.1064797,0.1873182,0.1910737,0.3265385,0.3047808,0.5081419,0.3077596,0.01645709,0.008002858,0.02431628,0.02431628,0.001955286,0.001955286,0.001955286,0.001955286
12/12/22 22:54,655.8666667,0.5895941,0.4944894,0.4761232,0.4532183,0.1154274,0.1200641,0.1857789,0.08575504,0.02303948,0.03367119,0.02329513,0.03097388,0.04659448,0.06009988,0.06404199,0.09065552,0.09065552,0.2096532,0.2512836,0.2239394,0.173985,0.2601052,0.1914787,0.1801746,0.05361665,0.05817358,0.07709172,0.03767657,0.02649919,0.02649919,0.02649919,0.04756103,0.05159523,0.1272968,0.1949065,0.1796002,0.3267784,0.2890139,0.476333,0.3111145,0.01603772,0.0110618,0.02649256,0.02649256,0.003863107,0.003863107,0.003863107,0.003863107
12/13/22 2:54,659.8666667,0.6085091,0.4849593,0.4634081,0.4401619,0.1206385,0.1248818,0.1971213,0.0926632,0.02650078,0.03313522,0.01985215,0.03289029,0.06404199,0.06404199,0.06375746,0.04157048,0.08784916,0.206836,0.2509755,0.2236404,0.1792029,0.2624495,0.2007572,0.1861102,0.0596512,0.0573847,0.06304274,0.03489621,0.05173096,0.05173096,0.05173096,0.05173096,0.05322501,0.1326496,0.1506402,0.1803582,0.3381939,0.3103003,0.508121,0.3066303,0.03021525,0.008920891,0.01320128,0.01320128,0.002515391,0.002515391,0.002515391,0.002515391
12/13/22 6:54,663.8666667,0.6327829,0.475708,0.4524589,0.4264591,0.1376467,0.1297739,0.2062045,0.09845495,0.02828451,0.03091088,0.01768899,0.02238145,0.04416604,0.06375746,0.05219996,0.06427072,0.08249189,0.2006411,0.2468895,0.2213838,0.1804007,0.2499447,0.2087664,0.1945927,0.0834358,0.06013883,0.06175694,0.03451953,0.05176356,0.05176356,0.01413289,0.05176356,0.07139653,0.1613055,0.1601904,0.1767182,0.3041106,0.2931742,0.4876119,0.3036007,0.01910639,0.01190397,0.03051501,0.03051501,0.002659222,0.002659222,0.002659222,0.002659222
12/13/22 10:55,667.8833333,0.674578,0.4684019,0.4402621,0.4162282,0.1514908,0.1358791,0.2122813,0.1036137,0.03099607,0.02991247,0.02170829,0.02065563,0.0253343,0.05219996,0.1019767,0.1019767,0.07936724,0.1918191,0.2442182,0.217158,0.1841348,0.2486075,0.2158719,0.2005112,0.09103163,0.05790759,0.06274053,0.04023169,0.0446534,0.0446534,0.05108053,0.0446534,0.06311484,0.1560351,0.1375821,0.1727411,0.3238174,0.300849,0.4754534,0.311974,0.01832958,0.007445595,0.01245825,0.01245825,0.003885721,0.003885721,0.003885721,0.003885721