Date Time,Elapsed,ECR,ECR,ECR,EXR,EXR,EXR,EXR,EDR,EDR,EDR,EDR,ETR,ETR,ETR,ETC,ETC,ETC,ETC,ETD,ETD,ETX,ETX,ETX
1/10/23 17:31,0,0.1424242,0.08031972,0.07177969,0.08008585,0.07879437,0.09201591,0.1176501,0.1086807,0.07817896,0.1363377,0.1144732,0.1050352,0.07961432,0.1268585,0.11067,0.08174727,0.06895392,0.08615394,0.1364452,0.1142602,0.07961631,0.09816905,0.1178175
1/10/23 21:31,4,0.1201435,0.07089425,0.08082134,0.08512614,0.06924716,0.07600477,0.1135947,0.09227707,0.07800482,0.1250301,0.104398,0.09849728,0.07693964,0.1035828,0.09029316,0.1149945,0.06112565,0.0733472,0.08526003,0.1077784,0.0880646,0.08584243,0.120243
1/11/23 1:31,8,0.09429994,0.07287221,0.06393766,0.05384022,0.05295949,0.06991835,0.08745188,0.08446699,0.07250638,0.114071,0.09137043,0.06366567,0.06859019,0.07421289,0.08190899,0.08612671,0.04987637,0.06067077,0.07679064,0.08045682,0.06932431,0.06980322,0.08666669
1/11/23 5:31,12,0.07834415,0.06316449,0.05546401,0.05121367,0.04501529,0.05667054,0.06022091,0.08120292,0.06080604,0.1083825,0.07797827,0.0607211,0.05478523,0.06766626,0.06819056,0.06552748,0.03928351,0.05512455,0.06293952,0.07102875,0.05491621,0.05783882,0.072977
1/11/23 9:31,16,0.06705917,0.05721374,0.05096215,0.05403053,0.0446348,0.05969664,0.06629556,0.07527065,0.0542092,0.08000036,0.07440627,0.068876,0.05973706,0.0698559,0.05567826,0.05470343,0.0312227,0.04485014,0.07143675,0.07385347,0.04580684,0.05402049,0.06723854
1/11/23 13:31,20,0.05783724,0.05006992,0.04987763,0.05911296,0.03964183,0.05229352,0.06606366,0.08950269,0.04736144,0.06264831,0.06777625,0.08685478,0.06807413,0.06887177,0.05130688,0.04828928,0.03156332,0.04100861,0.08379883,0.06678147,0.04244632,0.04779827,0.06031252
1/11/23 17:31,24,0.05023629,0.04645873,0.04962061,0.06213726,0.03551789,0.05862052,0.06545869,0.06189814,0.03666183,0.05133363,0.06049579,0.1043775,0.07082842,0.06142419,0.04489303,0.03959989,0.02619472,0.03212954,0.06803659,0.06985291,0.04557334,0.04486734,0.05448513
1/11/23 21:31,28,0.04681323,0.04839454,0.04714391,0.05875873,0.03935491,0.06411546,0.06890894,0.05842271,0.03305773,0.03742804,0.05255208,0.1295134,0.0900295,0.07672657,0.0306348,0.03751256,0.01881321,0.02538294,0.04989628,0.0577638,0.04986253,0.04808526,0.06445066
1/12/23 1:31,32,0.04675427,0.03967122,0.0438776,0.06139931,0.04163424,0.07170829,0.07514105,0.04699622,0.0247675,0.02606904,0.04355008,0.1607868,0.1068229,0.09293552,0.03330163,0.03783994,0.02013765,0.0266162,0.03962607,0.04020987,0.04732271,0.05257362,0.06186767
1/12/23 5:31,36,0.05334979,0.03823252,0.03925746,0.05055206,0.05052324,0.07452546,0.07852452,0.02743458,0.01598764,0.02880859,0.03968117,0.1886338,0.1235701,0.1139955,0.0386538,0.04475766,0.02177699,0.03002636,0.02112208,0.02820551,0.05435219,0.06428187,0.07225556
1/12/23 9:31,40,0.05702226,0.0446316,0.03665851,0.04567393,0.05546612,0.07883742,0.0857387,0.03489913,0.007125986,0.022695,0.03115332,0.2172321,0.1491108,0.1410966,0.03039295,0.04956907,0.02506961,0.03702197,0.01638812,0.01939069,0.05409413,0.06418015,0.07564382
1/12/23 13:31,44,0.06628902,0.0449166,0.0509921,0.05173107,0.05882488,0.07485672,0.09460905,0.03321129,0.004024545,0.01332369,0.02773686,0.2566415,0.1690639,0.1689466,0.03575133,0.05752713,0.03318124,0.03811327,0.009532975,0.01420926,0.06404703,0.06736923,0.08391926
1/12/23 17:31,48,0.07651799,0.0549421,0.0548512,0.05211434,0.05495515,0.0648382,0.1004195,0.02278661,0.002148007,0.008525102,0.02102126,0.2849499,0.1894919,0.1898002,0.04483624,0.05638777,0.03658749,0.04344653,0.006000805,0.01347196,0.05498978,0.06962392,0.08844885
1/12/23 21:31,52,0.08785538,0.06296079,0.06437109,0.0512878,0.05283269,0.06867947,0.0948133,0.01106835,0.001339194,0.006676341,0.01433772,0.3130147,0.217338,0.2100527,0.04327024,0.05937434,0.04666495,0.04656272,0.005488633,0.01677283,0.05346218,0.06848435,0.08042116
1/13/23 1:31,56,0.08653311,0.07943757,0.07221317,0.04229423,0.04500832,0.06104054,0.09235156,0.008355852,0.001406579,0.005301083,0.007854909,0.3505505,0.240561,0.2479503,0.04170825,0.07053211,0.05191338,0.05091705,0.004216576,0.008644583,0.05078542,0.05413115,0.0720044
1/13/23 5:31,60,0.1098257,0.0882653,0.08956049,0.04392714,0.03384899,0.06372352,0.09457172,0.008812925,0.000980775,0.006670678,0.007824454,0.3744581,0.2492357,0.2652039,0.05730687,0.07041769,0.05936529,0.05373128,0.003330296,0.002373859,0.04640796,0.04957268,0.06190785
1/13/23 9:31,64,0.1131898,0.08411413,0.08804378,0.04823115,0.03328815,0.05618656,0.08195941,0.007421419,0.001001194,0.002537064,0.005020635,0.3885688,0.2667608,0.2839502,0.06580672,0.07246485,0.06433049,0.04959042,0.003604685,0.002599679,0.03828455,0.03281498,0.04573842
1/13/23 13:31,68,0.1374979,0.07448418,0.1008494,0.06541135,0.02941884,0.04580524,0.08388534,0.00690748,0.000858164,0.003485598,0.003846046,0.4055031,0.2654581,0.3063105,0.07620391,0.06539992,0.04531427,0.05437668,0.003501211,0.002157807,0.03415008,0.02125782,0.03411041
1/13/23 17:31,72,0.1660906,0.1132641,0.1178612,0.05665287,0.06934967,0.06145653,0.1789963,0.01048393,0.00535574,0.006279639,0.01004365,0.4508879,0.3479569,0.3053713,0.06137632,0.106435,0.06997086,0.09908605,0.01324452,0.01705991,0.08657718,0.05478937,0.08025453
1/13/23 21:31,76,0.1859932,0.1239033,0.1312091,0.05611214,0.05609474,0.07398192,0.1608623,0.007740214,0.07074632,0.02527431,0.01066983,0.4486447,0.3581632,0.2925543,0.06194534,0.1190439,0.07361545,0.1025058,0.006703876,0.01553499,0.07483827,0.06699216,0.1030173
1/14/23 1:31,80,0.1745842,0.1124345,0.1272658,0.06464251,0.05081622,0.06675762,0.1470636,0.01295243,0.007351292,0.01552896,0.01275315,0.4469448,0.3164755,0.2933948,0.06535263,0.1206211,0.066924,0.1166814,0.007985055,0.0130611,0.06992516,0.07761662,0.09969787
1/14/23 5:31,84,0.207634,0.1200038,0.1418746,0.0736354,0.04680679,0.06518228,0.1540741,0.01326408,0.03787941,0.01435808,0.01460212,0.4357417,0.3365848,0.2935502,0.06777172,0.1246446,0.07782533,0.1310131,0.005139204,0.005210822,0.06767189,0.06826924,0.09529939
1/14/23 9:31,88,0.2018393,0.1145196,0.1401702,0.07289944,0.04709726,0.07143359,0.1501989,0.01311767,0.05013057,0.01462753,0.01070687,0.4449764,0.3312445,0.2929708,0.07400516,0.1261202,0.07464338,0.1240906,0.008684409,0.005301545,0.07193164,0.06122159,0.09410706
1/14/23 13:31,92,0.2159099,0.122455,0.1385921,0.07727439,0.050703,0.07039487,0.1337123,0.01848183,0.0596174,0.01578278,0.005352415,0.4256173,0.3267897,0.2834314,0.07813897,0.1401942,0.07511825,0.124655,0.006411252,0.005103215,0.06747369,0.05259701,0.0560289
1/14/23 17:31,96,0.2181898,0.1274035,0.1261898,0.07499579,0.04113669,0.07538282,0.1273075,0.0159044,0.07779288,0.01556283,0.00558793,0.4388146,0.3482347,0.2796553,0.08088625,0.1412457,0.07623469,0.1269192,0.008384181,0.005454644,0.05221806,0.03947709,0.04830837
1/14/23 21:31,100,0.2162335,0.1341334,0.1393864,0.08004294,0.03858808,0.06267586,0.1244855,0.00918907,0.03999231,0.01288419,0.004098688,0.4411395,0.3275017,0.3059564,0.08441419,0.1420084,0.06931984,0.117287,0.006685865,0.00520224,0.06725578,0.06144984,0.04014588
1/15/23 1:31,104,0.2232831,0.1322052,0.116498,0.08510708,0.03452851,0.07632417,0.1121726,0.01269769,0.03643403,0.0165244,0.01272039,0.4724576,0.3184497,0.2934715,0.08917622,0.1239047,0.07170544,0.1142581,0.00537438,0.005040377,0.05533283,0.0438318,0.02153848
1/15/23 5:31,108,0.2409756,0.1325944,0.1454676,0.08608496,0.03499948,0.07786579,0.1100782,0.01301056,0.02698146,0.0128459,0.01110325,0.4474804,0.3235273,0.2775517,0.07764627,0.1216081,0.06324515,0.1025744,0.004741756,0.005648817,0.07051414,0.06624608,0.02066335
1/15/23 9:31,112,0.2446429,0.1416615,0.1519502,0.09819344,0.02440313,0.07565129,0.1043185,0.01315508,0.02989231,0.01549762,0.017489,0.4261205,0.3252516,0.2708184,0.0851025,0.1266841,0.05969697,0.09523986,0.006669955,0.004497992,0.06830525,0.06460705,0.01213863
1/15/23 13:31,116,0.2659166,0.1163787,0.1506281,0.09686169,0.0232106,0.07461733,0.1106833,0.01015214,0.02692343,0.0147239,0.01423792,0.4349679,0.3037358,0.2411999,0.08487854,0.1393425,0.06313597,0.08872166,0.004692546,0.0051662,0.06582118,0.08337989,0.01342762
1/15/23 17:31,120,0.2564935,0.1026351,0.1467437,0.09923543,0.016611,0.06817129,0.119057,0.01520475,0.05590978,0.01445061,0.01333831,0.4389534,0.3027944,0.2348022,0.07915236,0.1300152,0.04724064,0.09561666,0.003857776,0.003963346,0.06612346,0.07572382,0.01089128
1/15/23 21:31,124,0.2819871,0.09354494,0.1081723,0.08820274,0.01575969,0.06703781,0.1020303,0.01169826,0.04786205,0.01430469,0.01410408,0.4621954,0.2930925,0.2626569,0.09275154,0.1270849,0.03513236,0.09318456,0.007103217,0.003880223,0.05550784,0.05775532,0.01171436
1/16/23 1:31,128,0.269476,0.1036943,0.1150062,0.08580104,0.01789633,0.07334492,0.09919444,0.009525943,0.02948044,0.01210186,0.01176909,0.4559066,0.2818543,0.2212401,0.09620755,0.1340938,0.02854864,0.08613817,0.00371913,0.004502313,0.06276266,0.06220398,0.01160477
1/16/23 5:31,132,0.2913837,0.1130745,0.1344474,0.09988008,0.01737086,0.07636051,0.09654889,0.00881745,0.0333128,0.01092945,0.01447032,0.4563236,0.2649853,0.2073953,0.09335399,0.1266099,0.03405983,0.08412769,0.00275,0.004213873,0.0614569,0.06599423,0.01011698
1/16/23 9:31,136,0.2625342,0.0926171,0.1654314,0.09431611,0.01899467,0.08267608,0.1134577,0.007854061,0.02846864,0.009796753,0.01846172,0.4399258,0.2565927,0.1917386,0.09585205,0.1313217,0.03429146,0.08636553,0.005503577,0.004948069,0.06080147,0.06780385,0.01119883
1/16/23 13:31,140,0.2364579,0.1004984,0.167931,0.08930608,0.02017805,0.0792655,0.09348745,0.008870035,0.01820349,0.008286671,0.01549833,0.4062213,0.2415909,0.1932795,0.1109308,0.1337257,0.03210011,0.0838821,0.005970268,0.003914851,0.07011882,0.0681824,0.01135277
1/16/23 17:31,144,0.2381004,0.116531,0.1767519,0.08444002,0.02029223,0.0833071,0.1069678,0.0042293,0.01979037,0.009482929,0.009385191,0.4246196,0.2260777,0.1779163,0.111654,0.1448239,0.0324572,0.07951922,0.005282149,0.003179114,0.05909555,0.06246443,0.01069235
1/16/23 21:31,148,0.2296225,0.1072628,0.1840623,0.08549892,0.02052583,0.0718853,0.1058773,0.007276254,0.0328714,0.009630817,0.01900151,0.4000908,0.2255308,0.1868344,0.1206446,0.1400517,0.03234759,0.08856069,0.005372852,0.003345632,0.05610349,0.05641543,0.01340002
1/17/23 1:31,152,0.2360158,0.1389765,0.162137,0.1016207,0.02193592,0.08107785,0.1124702,0.007890789,0.02054483,0.01054761,0.01483847,0.4213,0.2356983,0.2182937,0.1171614,0.1286848,0.03315125,0.08048008,0.005208873,0.003647892,0.0608328,0.06194671,0.0104997
1/17/23 5:31,156,0.2449487,0.1481879,0.1735095,0.09316591,0.02101343,0.0858185,0.133328,0.008570973,0.01854517,0.009676033,0.01059773,0.4381876,0.2278507,0.1786175,0.1255178,0.1209448,0.03035138,0.08320966,0.004511201,0.003500738,0.05948732,0.05787161,0.01149894
1/17/23 9:31,160,0.2316344,0.1223382,0.183016,0.09264593,0.02219985,0.09016971,0.110923,0.006720407,0.02179353,0.01203101,0.01377349,0.4157796,0.2086276,0.1743561,0.127905,0.1209875,0.03763865,0.08463125,0.004918654,0.003040144,0.06447591,0.04641401,0.01057342
1/17/23 13:31,164,0.227897,0.1274518,0.1971028,0.08478937,0.02355266,0.09828846,0.1176278,0.008752796,0.01999481,0.01020996,0.008657726,0.4313667,0.2292749,0.1827339,0.1209721,0.117642,0.03769189,0.09349357,0.002746284,0.003214915,0.0582168,0.05650693,0.01132197
1/17/23 17:31,168,0.2458646,0.132445,0.1703375,0.08466481,0.02264345,0.08285356,0.1312915,0.009548818,0.01860424,0.01100257,0.008047019,0.4337526,0.2139558,0.173332,0.1310887,0.1065163,0.04057898,0.09210248,0.004342836,0.002526708,0.05683856,0.05328596,0.01188891
1/17/23 21:31,172,0.2424662,0.1145355,0.1906323,0.09155076,0.02222273,0.09963714,0.1401352,0.006711908,0.02139011,0.009356179,0.00950697,0.4412451,0.2215862,0.1702396,0.1194113,0.1155207,0.04038913,0.09994052,0.002615358,0.003048681,0.06735767,0.04704649,0.01026298
1/18/23 1:31,176,0.2537109,0.1135671,0.1980246,0.0897692,0.0202204,0.08960734,0.1321093,0.01012402,0.01703837,0.01010094,0.01086276,0.4740492,0.2282702,0.169917,0.1299581,0.110717,0.03744229,0.09931738,0.003651906,0.002940371,0.06233207,0.05213301,0.01430327
1/18/23 5:31,180,0.2520794,0.1233812,0.2002445,0.09668621,0.02209555,0.09819494,0.1350137,0.00770481,0.01572118,0.01051037,0.01045936,0.4771111,0.2281948,0.1872157,0.1266339,0.09395508,0.0320901,0.1103118,0.006102362,0.002971631,0.06391735,0.05891886,0.01066426
1/18/23 9:31,184,0.2349204,0.1332542,0.1943355,0.09801133,0.02208984,0.09623028,0.121842,0.006627236,0.02299982,0.008181029,0.01019904,0.496836,0.2247248,0.2043895,0.1233006,0.1057886,0.02576424,0.1018233,0.00238011,0.002866056,0.06985611,0.05357618,0.008675242
1/18/23 13:31,188,0.2025813,0.1191563,0.1958027,0.1047949,0.02112724,0.09193868,0.1123962,0.009424187,0.02038996,0.007536782,0.008732771,0.5078757,0.2181663,0.1776951,0.1415234,0.0926266,0.03606176,0.1089557,0.006629308,0.002775886,0.06417635,0.05352413,0.01155255
1/18/23 17:31,192,0.1959113,0.1262521,0.2044556,0.1014601,0.02239944,0.08795022,0.1360099,0.008609205,0.02354745,0.008601199,0.01150944,0.5172879,0.2306965,0.1645471,0.1448064,0.100569,0.03542421,0.1144469,0.002171831,0.003312927,0.06848469,0.05073461,0.01088002
1/18/23 21:31,196,0.1390654,0.05597001,0.1602408,0.1179612,0.05168904,0.1515021,0.1464579,0.01560707,0.01368116,0.009310415,0.03878426,0.6444862,0.2871879,0.3417077,0.1674952,0.2064075,0.09982446,0.1913058,0.01100375,0.003721914,0.0552616,0.1928747,0.02687155
1/19/23 1:31,200,0.1253726,0.04597845,0.1673651,0.1359805,0.03818777,0.1420223,0.1417475,0.02345524,0.01391144,0.01683907,0.02622492,0.6051423,0.2678426,0.3445977,0.1703083,0.1984279,0.1042939,0.1814766,0.01032179,0.003921249,0.06953134,0.1182907,0.02657206
1/19/23 5:31,204,0.123104,0.03594254,0.1542338,0.1162015,0.03970373,0.1258903,0.1161706,0.01104101,0.01018818,0.01057807,0.02343052,0.5956576,0.2803988,0.3438527,0.1609566,0.2291941,0.08837964,0.185451,0.009875011,0.003806829,0.05623879,0.1501603,0.02411027
1/19/23 9:31,208,0.1177101,0.03417905,0.1687834,0.1152804,0.04515084,0.1168506,0.1156782,0.01535017,0.0186553,0.01027219,0.01925502,0.6456136,0.2753969,0.349145,0.160037,0.1842289,0.08488147,0.156862,0.005971675,0.003274193,0.05071888,0.1873259,0.02536758
1/19/23 13:31,212,0.112775,0.02981482,0.1341739,0.1068591,0.01838792,0.1150569,0.1251507,0.01972316,0.01379382,0.01599901,0.0172547,0.6275397,0.2518955,0.3371019,0.1507935,0.2016987,0.08681197,0.1542233,0.00938668,0.004787727,0.05234482,0.1131769,0.02341712
1/19/23 17:31,216,0.1080984,0.02712027,0.1586142,0.08611555,0.02042435,0.1057956,0.1138373,0.01524842,0.01087318,0.01766932,0.02056507,0.6165544,0.2363485,0.3688164,0.1559148,0.2012875,0.07315013,0.1576201,0.006050119,0.003919135,0.04238428,0.138103,0.01523886
1/19/23 21:31,220,0.09646624,0.02994975,0.1553806,0.09901204,0.01656651,0.1057902,0.1078978,0.01600343,0.01181417,0.0125589,0.01563826,0.6753457,0.1945395,0.353629,0.1823495,0.189671,0.07056306,0.1625887,0.008238336,0.003771113,0.04031556,0.1027083,0.02094663
1/20/23 1:31,224,0.09028311,0.02698133,0.1656316,0.09105652,0.01440765,0.1136624,0.1112947,0.01940827,0.01135934,0.01135227,0.01803227,0.7303791,0.1993159,0.3487867,0.1658021,0.1639437,0.07476667,0.154802,0.01144971,0.004771059,0.03936892,0.1025496,0.01552371
1/20/23 5:31,228,0.09319451,0.02441391,0.1654754,0.1014775,0.0133389,0.09960973,0.1046029,0.01473263,0.009896586,0.01190887,0.01670144,0.774624,0.2000633,0.356991,0.1685644,0.1645945,0.07438178,0.1553179,0.008069,0.007450662,0.03425702,0.07717812,0.02146727
1/20/23 9:31,232,0.07919204,0.02134355,0.1307725,0.09158808,0.01722846,0.1124603,0.09860095,0.01288644,0.01021839,0.01786831,0.01700957,0.714888,0.2316976,0.3211173,0.1654973,0.1779557,0.06569763,0.09553483,0.008629603,0.005470193,0.04049121,0.08404765,0.03019228
1/20/23 13:31,236,0.07523614,0.02011976,0.1329858,0.09349566,0.01488261,0.1147641,0.1041545,0.0165877,0.01127154,0.01666962,0.01428136,0.7285906,0.1868314,0.3302899,0.1776282,0.1611606,0.06305549,0.1592444,0.006924124,0.006428173,0.03470368,0.1346659,0.02212347
1/20/23 17:31,240,0.07877482,0.02237873,0.116415,0.09156037,0.01557451,0.09885024,0.09606387,0.00962142,0.01291736,0.02127537,0.01384438,0.7887953,0.1961748,0.3478725,0.1674397,0.1611721,0.05974191,0.09114581,0.007465099,0.005565975,0.04221672,0.1667279,0.03413277
1/20/23 21:31,244,0.06744128,0.01964435,0.1421153,0.09556566,0.01580807,0.1089788,0.09786257,0.01506194,0.01031636,0.01959291,0.01516789,0.8859197,0.2029638,0.367424,0.175624,0.1701014,0.05653062,0.1564868,0.007856102,0.00607842,0.03446698,0.2082805,0.02632004
1/21/23 1:31,248,0.06878952,0.01818939,0.133074,0.09543193,0.01572789,0.08798247,0.08606084,0.01803057,0.0124586,0.01684553,0.01546347,0.8898646,0.1902457,0.325172,0.1805856,0.1561243,0.06169225,0.1516871,0.009294048,0.00596385,0.04068624,0.1296897,0.02645876
1/21/23 5:31,252,0.06522777,0.02111349,0.1256725,0.09469455,0.0165425,0.1017155,0.09216551,0.0133992,0.01152649,0.02499388,0.01591898,0.8925354,0.2097902,0.331704,0.1768955,0.1516655,0.05341855,0.1527943,0.007035786,0.0052567,0.04357288,0.1750339,0.01645435
1/21/23 9:31,256,0.06724922,0.01931722,0.1387972,0.09710465,0.01368804,0.09639877,0.09501971,0.02089783,0.0179279,0.02203097,0.01436829,0.9092873,0.1959135,0.3183235,0.1795402,0.1345875,0.06450645,0.1419761,0.006695306,0.006099485,0.03684265,0.1690489,0.02391231
1/21/23 13:31,260,0.0700409,0.01881237,0.1376634,0.09637721,0.01424643,0.1103502,0.08794345,0.01640386,0.0151397,0.01685446,0.01456579,0.9203442,0.1888638,0.3443753,0.1833578,0.125288,0.06002069,0.1364235,0.01342389,0.005394107,0.03754208,0.2710318,0.01592519
1/21/23 17:31,264,0.06994592,0.01410396,0.1365615,0.1021313,0.01618789,0.1028535,0.09442657,0.0190349,0.02606807,0.02138167,0.01476587,0.9883354,0.1954543,0.3158851,0.1815663,0.1200264,0.06323902,0.1385436,0.006174087,0.00583702,0.03818645,0.166234,0.02194933
1/21/23 21:31,268,0.07012802,0.01354752,0.1490389,0.111851,0.01361904,0.1137873,0.09530919,0.0170061,0.01396872,0.02404366,0.01291637,1.056226,0.1792303,0.3617097,0.1769986,0.1208225,0.06284118,0.1396238,0.007344956,0.007174585,0.03170281,0.2421089,0.01515526
1/22/23 1:31,272,0.07483394,0.01607725,0.1252425,0.1076348,0.01461177,0.07232754,0.08858163,0.01657826,0.02571632,0.02512603,0.01636633,1.081634,0.1854532,0.3113644,0.1815242,0.1184192,0.05833384,0.1432752,0.007455463,0.006976964,0.03221604,0.1554759,0.01954589
1/22/23 5:31,276,0.07756107,0.01579061,0.1450981,0.1026277,0.01428858,0.09836344,0.09813383,0.01646906,0.02751392,0.01803063,0.015478,1.039651,0.1872898,0.307615,0.1581113,0.1136074,0.05726266,0.155212,0.008909061,0.006652709,0.03285298,0.1905702,0.01982554
1/22/23 9:31,280,0.05687856,0.01377707,0.1245145,0.09891181,0.01523949,0.08022235,0.1041326,0.02306284,0.0230325,0.02322762,0.01594195,1.087572,0.1682907,0.3479874,0.1707049,0.1196585,0.05120181,0.1397503,0.01187526,0.006786143,0.04002208,0.1954297,0.01255127
1/22/23 13:31,284,0.06149775,0.01133606,0.1258354,0.103372,0.0135899,0.1129355,0.1071465,0.01406417,0.0237244,0.02507244,0.01467927,0.9995043,0.1805517,0.2925273,0.1763593,0.1165152,0.05638168,0.139254,0.01220747,0.006864198,0.02285767,0.1741196,0.02391834
1/22/23 17:31,288,0.05448256,0.01179066,0.1166733,0.103186,0.01285886,0.09510895,0.1038834,0.0162889,0.02919615,0.02244272,0.01706201,1.019123,0.187727,0.3021701,0.1612569,0.1118111,0.06303197,0.1135686,0.006104262,0.008675763,0.0219999,0.1822425,0.01922115
1/22/23 21:31,292,0.05145897,0.01455954,0.1090491,0.1029296,0.01305644,0.1035319,0.1068676,0.01514039,0.03212778,0.02442952,0.01658118,1.014728,0.1941283,0.3343872,0.167463,0.1093543,0.06326859,0.1121868,0.01400958,0.008363232,0.01800631,0.1698825,0.02460725
1/23/23 1:31,296,0.05369349,0.0156711,0.1039742,0.1085053,0.01401954,0.1197087,0.1091444,0.03075507,0.0210734,0.02957742,0.0176103,1.018017,0.1939858,0.3297655,0.1816364,0.111903,0.05299773,0.1273713,0.007402309,0.007342796,0.01604799,0.2092032,0.01326498
1/23/23 5:31,300,0.05523535,0.01189739,0.1118017,0.1021361,0.01484033,0.06140898,0.1129065,0.01929325,0.02468465,0.02884806,0.01809887,1.035722,0.1872482,0.3107962,0.1715521,0.1331731,0.06400021,0.1243894,0.01104508,0.008636616,0.01519783,0.1969764,0.02030257
1/23/23 9:31,304,0.05600102,0.01156511,0.09826793,0.1236184,0.01578671,0.07798389,0.1130702,0.02940843,0.03101881,0.02369025,0.0178252,0.9638889,0.1834271,0.2885612,0.1844995,0.1201347,0.0590462,0.1067658,0.01047888,0.01018291,0.01542391,0.2911368,0.02214812
1/23/23 13:31,308,0.05751666,0.01132405,0.1031595,0.1220768,0.01306199,0.1146456,0.1130872,0.01883202,0.03416872,0.03421053,0.0186069,1.082724,0.1902964,0.3165384,0.1807384,0.1248307,0.05452151,0.115398,0.01088092,0.007678118,0.01571791,0.1760182,0.01269946
1/23/23 17:31,312,0.05585892,0.01479716,0.1074151,0.1081563,0.01487543,0.1156633,0.1217787,0.01719232,0.02906447,0.02580588,0.01899945,1.078468,0.1831332,0.299872,0.1794132,0.121147,0.04469318,0.11775,0.007778612,0.01008365,0.01495927,0.2457587,0.0254344
1/23/23 21:31,316,0.05870396,0.01324611,0.1056913,0.1167562,0.01511479,0.1067222,0.1138001,0.0119228,0.02884647,0.02713086,0.01766202,1.086371,0.177786,0.318767,0.1871825,0.115241,0.04261307,0.1179176,0.0104505,0.008693775,0.01503,0.2894218,0.03208155
1/24/23 1:31,320,0.05648909,0.01265285,0.1002222,0.1122977,0.01451629,0.09731846,0.1128984,0.02099509,0.03086236,0.02610853,0.01714067,1.014614,0.196741,0.3159344,0.1940358,0.1256552,0.05110116,0.1156386,0.009545758,0.01007845,0.01369334,0.2245056,0.03082076
1/24/23 5:31,324,0.05153848,0.01124575,0.1061416,0.1183944,0.0179767,0.1242066,0.1313308,0.02059464,0.02296035,0.02583094,0.0159405,1.004726,0.187674,0.3674714,0.1948388,0.1021278,0.05491292,0.113213,0.009463096,0.01029015,0.01374915,0.2298544,0.02093844
1/24/23 9:31,328,0.04316876,0.01133233,0.0957983,0.1179931,0.01533802,0.1185536,0.1282879,0.01821929,0.02920885,0.02904963,0.01353599,0.9589421,0.1906435,0.3126191,0.1970322,0.1184926,0.05185972,0.1190144,0.007995787,0.008187619,0.01360634,0.3096755,0.02669886
1/24/23 13:31,332,0.04533447,0.01241371,0.09497069,0.1186521,0.01732083,0.1240414,0.1340937,0.01615559,0.03249024,0.02589662,0.01901588,0.9924433,0.2203089,0.3004361,0.1908855,0.1237506,0.05093817,0.09384353,0.00998467,0.009283174,0.01508873,0.2847699,0.03458726
1/24/23 17:31,336,0.04845281,0.01478878,0.08245545,0.1189127,0.01649511,0.1368952,0.1891501,0.03243593,0.02444146,0.02444146,0.04427453,1.1925,0.5440899,0.8396401,0.26802,0.3510108,0.1097344,0.1462297,0.02807648,0.01033604,0.02381639,0.2193064,0.0574331
1/24/23 21:31,340,0.04076667,0.01606189,0.07884883,0.1601336,0.02462873,0.1159317,0.2321555,0.02417017,0.02130133,0.02130133,0.042667,0.7318335,0.476849,0.7042914,0.2472093,0.3851786,0.1074003,0.1281385,0.0236535,0.02778813,0.01654854,0.2191975,0.05620276
1/25/23 1:31,344,0.03742065,0.01813261,0.08845062,0.1532972,0.02789047,0.1454282,0.2122987,0.02902966,0.0184535,0.0184535,0.043021,0.7357979,0.4506957,0.631144,0.2696438,0.2830392,0.108606,0.1179377,0.02654608,0.02778813,0.02161805,0.2302476,0.05441701
1/25/23 5:31,348,0.04235314,0.01493109,0.08666321,0.1389847,0.03630599,0.1733511,0.2051083,0.02436218,0.02365061,0.02365061,0.0480806,0.7030845,0.4455141,0.5259886,0.244388,0.3067086,0.1029952,0.1267275,0.02374734,0.01804589,0.02242761,0.1700325,0.05529664
1/25/23 9:31,352,0.04664207,0.0216224,0.1012489,0.1477684,0.02805378,0.1657689,0.216239,0.02329777,0.02573958,0.04437698,0.0354116,0.6767663,0.4607102,0.5597239,0.2240665,0.3065734,0.1105343,0.1070925,0.03994094,0.01087457,0.02029137,0.1395508,0.04538552
1/25/23 13:31,356,0.04796418,0.02373102,0.08943114,0.1355973,0.02207411,0.1685159,0.2121248,0.02190787,0.04229243,0.06714474,0.06331181,0.6608303,0.4495471,0.5097041,0.1986581,0.2786628,0.08962521,0.1056561,0.02568778,0.01110372,0.01987769,0.1259932,0.05441952
1/25/23 17:31,360,0.04772394,0.02316039,0.09649637,0.1312701,0.03837923,0.1708126,0.2417248,0.01491345,0.02287189,0.03412863,0.06973087,0.595031,0.4281504,0.5246812,0.201073,0.2453372,0.08367395,0.08582285,0.07343519,0.005701586,0.02284198,0.1333463,0.03731199
1/25/23 21:31,364,0.08157399,0.04301535,0.1130707,0.1354725,0.0167083,0.1891796,0.2343759,0.009933408,0.01993963,0.05695946,0.06022147,0.6871486,0.5237323,0.5538133,0.2435623,0.2289219,0.09926821,0.1394592,0.05684853,0.01631125,0.02253806,0.2078348,0.07351525
1/26/23 1:31,368,0.0556254,0.04035731,0.1269425,0.1202443,0.0175247,0.2074239,0.285327,0.02355186,0.02120245,0.01770014,0.09042738,0.6910509,0.477025,0.5950261,0.2016027,0.2310971,0.08334053,0.1202844,0.09156697,0.009673382,0.0207599,0.193628,0.05351188
1/26/23 5:31,372,0.05781133,0.03425788,0.150934,0.1258084,0.01464812,0.2042403,0.2219234,0.008273959,0.03345291,0.02882398,0.03797887,0.6557743,0.537226,0.6745792,0.2115703,0.2293501,0.07436717,0.1005644,0.03101094,0.01980652,0.03371823,0.1693629,0.05838141
1/26/23 9:31,376,0.05379383,0.04025716,0.1632177,0.1299071,0.02238745,0.2062555,0.2197455,0.009279069,0.03438522,0.03438522,0.03827888,0.6422338,0.4853711,0.679731,0.2231456,0.2314225,0.09415863,0.09117496,0.03985152,0.03138369,0.02316856,0.2317245,0.07734719
1/26/23 13:31,380,0.06147242,0.04525947,0.1360968,0.1552591,0.008214366,0.1744217,0.1910784,0.007897533,0.03407506,0.03407506,0.04584999,0.6184359,0.4544949,0.6500169,0.2984535,0.2823032,0.1367281,0.1088639,0.05939231,0.02174427,0.02976873,0.2071922,0.02071848
1/26/23 17:31,384,0.05879538,0.04752534,0.1262109,0.121793,0.01345715,0.1744626,0.1786838,0.01231147,0.0310649,0.0148723,0.06137299,0.5964099,0.4800081,0.7298073,0.2009873,0.3268914,0.06964802,0.1087096,0.04758118,0.006749133,0.02179178,0.2407457,0.01788094
1/26/23 21:31,388,0.05665928,0.04546257,0.1320612,0.4946815,0.008608233,0.1328683,0.1858836,0.01416653,0.03350015,0.01201807,0.0955147,0.5601581,0.5100757,0.5157142,0.1574261,0.1432927,0.06331734,0.1007157,0.06853758,0.004522032,0.03521732,0.1871808,0.01465662
1/27/23 1:31,392,0.06012372,0.06054334,0.1526619,0.1561802,0.0106013,0.1377505,0.1908326,0.01223684,0.03227859,0.007882698,0.07308415,0.5693856,0.4321617,0.6081145,0.1415582,0.1414853,0.07565676,0.114493,0.02976461,0.0144689,0.02625352,0.1936032,0.0180017
1/27/23 5:31,396,0.06487145,0.06292368,0.1598079,0.1152046,0.008395014,0.1337098,0.1568493,0.00757377,0.0262143,0.01318094,0.0776988,0.5776901,0.4598035,0.5661664,0.1666291,0.1488049,0.07034548,0.09468461,0.04957871,0.01504827,0.02178377,0.1624445,0.01872385
1/27/23 9:31,400,0.06870315,0.07996628,0.175125,0.1068998,0.005244153,0.1384446,0.1688506,0.02483062,0.02969334,0.02969334,0.04101052,0.5666878,0.4182746,0.6324618,0.1314081,0.1736478,0.07081577,0.09396618,0.0480025,0.005434169,0.02625789,0.1715507,0.01701428
1/27/23 13:31,404,0.07008515,0.08049738,0.1539984,0.1034239,0.007977506,0.165544,0.1543772,0.02094876,0.02094876,0.02094876,0.0421188,0.5660692,0.4236074,0.5531371,0.1461091,0.1450465,0.07522053,0.09579556,0.05994336,0.038925,0.02842872,0.1642301,0.01436766
1/27/23 17:31,408,0.1701494,0.08208635,0.1876415,0.09045262,0.01445215,0.1089187,0.2025217,0.06624228,0.02914958,0.04376658,0.04376658,0.6373311,0.3973508,0.6206126,0.1437585,0.1842003,0.1001032,0.1866213,0.08484169,0.07363152,0.06671797,0.2152524,0.01291242
1/27/23 21:31,412,0.08257117,0.08600058,0.1551896,0.4314458,0.009598657,0.1220627,0.1836123,0.05310882,0.03756045,0.01770014,0.01770014,0.5664161,0.4940507,0.564417,0.1788051,0.1127326,0.1225914,0.2303083,0.1104016,0.02930687,0.08954994,0.2373295,0.01994826
1/28/23 1:31,416,0.08551612,0.1049807,0.1698595,0.08089869,0.02446838,0.07125814,0.1229161,0.08741047,0.03906974,0.02882398,0.02882398,0.3579899,0.4059302,0.5605888,0.09815546,0.07942936,0.06303066,0.1643596,0.1581631,0.05506751,0.06687967,0.2703153,0.03047969
1/28/23 5:31,420,0.108094,0.1135404,0.177179,0.06081017,0.008000216,0.05489006,0.07854732,0.04643366,0.01081705,0.03438522,0.02684371,0.3257219,0.3034778,0.4516627,0.1053776,0.08170134,0.04266552,0.08224361,0.1227417,0.0430956,0.0605777,0.09263957,0.01646217
1/28/23 9:31,424,0.1210608,0.09562981,0.2114184,0.04182168,0.01070117,0.03178084,0.07596333,0.04572105,0.02652427,0.03407506,0.01468293,0.2882599,0.2248504,0.4427119,0.05135499,0.05739781,0.06386281,0.06649435,0.07757729,0.07303959,0.05968643,0.07014094,0.01090051
1/28/23 13:31,428,0.1303355,0.1119491,0.2546315,0.03650129,0.01028607,0.02965583,0.06085957,0.03641469,0.02587427,0.0148723,0.0148723,0.2826629,0.2124575,0.435755,0.05613049,0.05766,0.04026284,0.06421698,0.06052146,0.1106637,0.03754392,0.03370073,0.01390783
1/28/23 17:31,432,0.1387489,0.1125737,0.2533768,0.04276289,0.01255138,0.04768347,0.05910691,0.03539301,0.02608072,0.01201807,0.01201807,0.2603931,0.2082005,0.3738057,0.07891341,0.1037765,0.0453936,0.04501079,0.0566873,0.02413047,0.08793837,0.03651996,0.008591727
1/28/23 21:31,436,0.1570861,0.1178682,0.2555017,0.03477889,0.01637287,0.02996561,0.06437729,0.04480159,0.05537395,0.007882698,0.007882698,0.2837732,0.2207165,0.4587482,0.04912312,0.09630591,0.02211763,0.04783924,0.0598967,0.03029277,0.04855507,0.02620886,0.02394636
1/29/23 1:31,440,0.1514874,0.1022034,0.2548113,0.04178405,0.01654702,0.02766029,0.02819177,0.04778723,0.03251234,0.01318094,0.01318094,0.2712609,0.2012257,0.4767198,0.06383792,0.08427766,0.03491449,0.04297781,0.06547448,0.04443577,0.03184927,0.02831465,0.02171772
1/29/23 5:31,444,0.1801016,0.1027279,0.2804973,0.02999226,0.01455931,0.03483717,0.02963369,0.06386785,0.04778144,0.02969334,0.02969334,0.1889442,0.2079693,0.4445635,0.05249182,0.0638057,0.02763451,0.04013792,0.03903486,0.02712917,0.02886696,0.02458794,0.0130007
1/29/23 9:31,448,0.1453886,0.1097697,0.2439301,0.03332528,0.01079324,0.02782168,0.02906783,0.05690035,0.04992937,0.02094876,0.02094876,0.1355652,0.192492,0.3992607,0.0496969,0.04179704,0.03085702,0.0343807,0.04437567,0.02854795,0.02219012,0.02400136,0.0136197
1/29/23 13:31,452,0.1538141,0.1187905,0.2092215,0.03190209,0.0121584,0.06819148,0.02989419,0.04258177,0.034197,0.04376658,0.04376658,0.1378399,0.1908465,0.3493297,0.05162409,0.04618587,0.02687715,0.03373624,0.03461644,0.01681428,0.0544988,0.02460784,0.01346118
1/29/23 17:31,456,0.1550426,0.1435988,0.2239441,0.04438524,0.01119547,0.05973029,0.02748253,0.04263004,0.05108008,0.01318094,0.01318094,0.1392437,0.1941433,0.4131138,0.05200617,0.03725457,0.03197812,0.03070844,0.0367937,0.01316358,0.04827817,0.02590287,0.01345982
1/29/23 21:31,460,0.1360353,0.1438023,0.2268681,0.03173689,0.01233782,0.06868879,0.02668639,0.05102528,0.04790837,0.02969334,0.02969334,0.1370395,0.2054079,0.4841918,0.05601701,0.03891854,0.02641107,0.02860296,0.03762274,0.01434848,0.02217926,0.02022092,0.0125901
1/30/23 1:31,464,0.1570456,0.1742684,0.2119562,0.05133381,0.01272209,0.06353819,0.0237125,0.04497414,0.0346051,0.02094876,0.02094876,0.1394268,0.1251631,0.3910492,0.0650601,0.04622582,0.02381788,0.0279062,0.0420917,0.01127926,0.02635043,0.02118715,0.01337174
1/30/23 5:31,468,0.1176947,0.1883691,0.2362661,0.04453068,0.01448679,0.01046525,0.02189996,0.06485552,0.03163906,0.01318094,0.01318094,0.1312079,0.1300328,0.2707149,0.05369906,0.0433329,0.02369963,0.02639254,0.04285081,0.01461203,0.01935594,0.02503429,0.009359253
1/30/23 9:31,472,0.122854,0.2199496,0.2066564,0.05524321,0.01508682,0.06274713,0.08444516,0.03969888,0.02630492,0.02969334,0.02969334,0.1193147,0.1164969,0.2468742,0.05434491,0.03053889,0.0244376,0.02480119,0.03174686,0.01347142,0.04576581,0.02443152,0.009818336
1/30/23 13:31,476,0.2348246,0.2873956,0.1737803,0.06287106,0.01295521,0.07745757,0.02882628,0.02225959,0.0323256,0.02094876,0.02094876,0.1225992,0.1051538,0.2725319,0.03687987,0.037583,0.01818156,0.02861224,0.02204989,0.01288963,0.01320991,0.02488323,0.00540804
1/30/23 17:31,480,0.2962679,0.1982552,0.1905928,0.03046166,0.0123446,0.02221149,0.01376203,0.007988982,0.02921687,0.02900383,0.02900383,0.04336545,0.03048939,0.247176,0.0330469,0.01901587,0.02373479,0.02542837,0.02071919,0.03051175,0.02962408,0.006202124,0.03796897
1/30/23 21:31,484,0.1970168,0.1596937,0.1419085,0.01113662,0.01532634,0.01854942,0.01511179,0.007839459,0.03484047,0.03093592,0.03093592,0.05345012,0.02233235,0.2154287,0.03659058,0.03368539,0.0301542,0.02418498,0.02127786,0.02523225,0.01973876,0.0100461,0.0341125
1/31/23 1:31,488,0.1256933,0.1556584,0.1508694,0.0194628,0.01741979,0.01833153,0.01755387,0.02344666,0.03228709,0.02757368,0.02757368,0.04723948,0.05419942,0.2265939,0.02649496,0.02380411,0.0262188,0.02752474,0.02462992,0.03042618,0.02043986,0.01070393,0.04370755
1/31/23 5:31,492,0.1109892,0.1501794,0.09343091,0.01231211,0.01531623,0.01243191,0.01605107,0.02419429,0.02029483,0.0368417,0.0368417,0.03081813,0.03982831,0.177788,0.03537808,0.04589905,0.02250051,0.03667558,0.01587315,0.0194693,0.01868455,0.003775023,0.02523973
1/31/23 9:31,496,0.08787309,0.1247197,0.09770367,0.01144543,0.01327333,0.01385061,0.008627295,0.01833266,0.03398269,0.0145187,0.0145187,0.03554159,0.04109595,0.1794767,0.04312399,0.06393521,0.02116559,0.02680138,0.009252049,0.02293242,0.01461614,0.01113208,0.0157888
1/31/23 13:31,500,0.07481247,0.1095057,0.06652252,0.01331427,0.01800858,0.0144015,0.005685699,0.01323676,0.02096442,0.03249057,0.03249057,0.03088391,0.04333167,0.1944647,0.04275545,0.03903092,0.01629517,0.01992058,0.01107137,0.02659498,0.0178071,0.00494528,0.01049015
1/31/23 17:31,504,0.08095661,0.1131787,0.05983841,0.01114869,0.01752012,0.01156601,0.01162138,0.03378518,0.03176504,0.02678218,0.01642458,0.03406104,0.06983728,0.1731689,0.04139729,0.04775785,0.0123468,0.02763972,0.01292157,0.01946139,0.01745446,0.01004869,0.02744125
1/31/23 21:31,508,0.07145092,0.106195,0.05661651,0.01086135,0.01500556,0.009864347,0.01357337,0.01834063,0.01834063,0.02295908,0.02295908,0.03406128,0.05536834,0.1821582,0.04840365,0.03659897,0.01660596,0.0312588,0.02730855,0.02786524,0.02174126,0.008969495,0.0369029
2/1/23 1:31,512,0.06645302,0.1053431,0.03466671,0.01919483,0.01453541,0.01035633,0.007588081,0.03127715,0.01561076,0.0223078,0.0223078,0.03168075,0.05926221,0.1926574,0.03689221,0.04508749,0.0138224,0.01545552,0.02555778,0.02143646,0.01880278,0.004506199,0.03929962
2/1/23 5:31,516,0.05753482,0.09392196,0.0484624,0.007351878,0.0157819,0.0105789,0.00910348,0.03755383,0.02721929,0.0107627,0.0107627,0.0335745,0.06004719,0.2268808,0.03626862,0.0281343,0.01525435,0.01428754,0.01966384,0.02390994,0.02619201,0.009709734,0.0504575
2/1/23 9:31,520,0.05946809,0.07526743,0.04728057,0.0211284,0.01418329,0.009093209,0.0066322,0.0189437,0.0395888,0.01206637,0.01206637,0.03085064,0.06241018,0.1936917,0.02225282,0.02185531,0.01573645,0.01430061,0.02300814,0.03433048,0.03014349,0.02069871,0.02888848
2/1/23 13:31,524,0.05616283,0.07127118,0.05069973,0.01679049,0.01785526,0.00812763,0.01386254,0.03426711,0.03426711,0.01323235,0.01323235,0.03210892,0.05286413,0.1722034,0.04179643,0.02497766,0.01861484,0.01573316,0.02816023,0.01661708,0.02562088,0.007523417,0.01637904
2/1/23 17:31,528,0.05681055,0.0721437,0.08092135,0.01333624,0.01871122,0.007496458,0.01347515,0.03806915,0.03806915,0.01545717,0.01545717,0.03120163,0.03069565,0.1554065,0.04315484,0.02409768,0.02045799,0.03835621,0.02132541,0.01939539,0.02690175,0.01694226,0.0253687
2/1/23 21:31,532,0.04775309,0.06497242,0.06713698,0.01411422,0.01719296,0.01182759,0.01428947,0.03043401,0.01604975,0.01838128,0.01510619,0.0349428,0.02508876,0.1820518,0.04991455,0.02202846,0.02238514,0.01655837,0.02605516,0.01817085,0.02480867,0.008989804,0.02070441
2/2/23 1:31,536,0.05325448,0.08182707,0.06308915,0.009717144,0.02095996,0.00913882,0.01292492,0.02155718,0.02155718,0.02330957,0.007862195,0.03567747,0.03689284,0.1565775,0.04728903,0.01588962,0.02100046,0.01740658,0.0243884,0.01131932,0.02229908,0.005340043,0.02100709
2/2/23 5:31,540,0.03613184,0.07145109,0.05474842,0.0157775,0.02038432,0.008376567,0.01229159,0.00897152,0.01994854,0.02523275,0.013125,0.0350211,0.02621298,0.1871454,0.04054803,0.01979843,0.02113544,0.01991649,0.02416783,0.01190046,0.02480323,0.004855984,0.03220231
2/2/23 9:31,544,0.0324831,0.07789066,0.04018997,0.02109651,0.01835844,0.01074478,0.01270171,0.03215028,0.03215028,0.02078827,0.008093198,0.03620956,0.02444398,0.1559079,0.04222162,0.02211117,0.02708449,0.02442482,0.02114863,0.0149615,0.01840221,0.004988572,0.03626407
2/2/23 13:31,548,0.03167488,0.09160636,0.04015497,0.0205739,0.01901399,0.01093615,0.01424102,0.01869719,0.01869719,0.01586247,0.01646154,0.03157352,0.02564071,0.1379192,0.02645534,0.01850755,0.02319301,0.01771967,0.01475255,0.02341133,0.03598087,0.007471965,0.01234661
2/2/23 17:31,552,0.03217812,0.08954656,0.03663975,0.009505695,0.01786721,0.007988439,0.0125536,0.02094183,0.02094183,0.01204132,0.01717949,0.03160387,0.02668375,0.1349431,0.02216591,0.01631397,0.02221469,0.01625428,0.02184157,0.02186826,0.01578948,0.004706305,0.03332483
2/2/23 21:31,556,0.03305248,0.07948335,0.06399658,0.0110035,0.0184537,0.00793652,0.01116665,0.02633532,0.02633532,0.01463111,0.0151414,0.03128646,0.02496672,0.1160306,0.01981855,0.01378594,0.02092661,0.01906315,0.00841457,0.01629976,0.01589567,0.00665415,0.01304534
2/3/23 1:31,560,0.03468745,0.07099063,0.05722038,0.01159863,0.01860876,0.008180522,0.01260319,0.01497388,0.01497388,0.02743699,0.01057572,0.03243057,0.02485029,0.1243688,0.01490528,0.01499203,0.02163785,0.01787463,0.009344454,0.02296545,0.02179252,0.007388805,0.006140588
2/3/23 5:31,564,0.03318896,0.07682874,0.05242677,0.01772483,0.01849584,0.008563309,0.01220141,0.01488867,0.01488867,0.02311553,0.01580303,0.03245111,0.02453601,0.1346115,0.01619602,0.01665222,0.01902089,0.01691799,0.008075438,0.01544956,0.02145715,0.009580886,0.01593457
2/3/23 9:31,568,0.03114768,0.07854588,0.04586767,0.01127574,0.01711361,0.007584175,0.0145426,0.02411586,0.02411586,0.02173696,0.01492647,0.02591389,0.02374468,0.1365399,0.01877017,0.01224091,0.015589,0.01971686,0.02174528,0.009973049,0.02192941,0.004086366,0.01772761
2/3/23 13:31,572,0.02877999,0.07929701,0.01541212,0.02158131,0.0170414,0.008389455,0.01458652,0.01367943,0.01367943,0.01342972,0.01486634,0.01186547,0.02201641,0.142886,0.01314292,0.01190639,0.01961404,0.0195378,0.008275057,0.0174793,0.01480875,0.005537982,0.01014411
2/3/23 17:31,576,0.02217642,0.06109014,0.01620039,0.006153401,0.01061965,0.01125791,0.01794106,0.05722612,0.01839711,0.01839711,0.01590501,0.008675192,0.03620562,0.167605,0.03106427,0.03798427,0.06261393,0.01835616,0.01518693,0.02346762,0.01133404,0.008870122,0.01333324
2/3/23 21:31,580,0.02324041,0.05286819,0.01235089,0.01155837,0.01762019,0.01587526,0.01322367,0.06327771,0.02844211,0.02844211,0.06200299,0.03233397,0.05236796,0.1651129,0.01986943,0.0411386,0.05372159,0.01383861,0.004629545,0.02346762,0.01400626,0.02256374,0.02430657
2/4/23 1:31,584,0.02481039,0.0551257,0.02313338,0.006108933,0.03983994,0.0168372,0.01287552,0.0767677,0.02492388,0.02492388,0.01836183,0.04472114,0.03912167,0.1691048,0.02148986,0.04975456,0.04593769,0.02498604,0.02290086,0.01438509,0.01482988,0.02487717,0.02214164
2/4/23 5:31,588,0.02569954,0.04782269,0.01120964,0.004880991,0.03921029,0.01539314,0.0153192,0.02375652,0.02510545,0.02510545,0.008958582,0.04889995,0.03855525,0.1487576,0.01795149,0.06795984,0.04917061,0.01972776,0.01630778,0.01710385,0.008720132,0.01406013,0.01637601
2/4/23 9:31,592,0.02754865,0.04732894,0.0126239,0.003798481,0.04570761,0.0151212,0.01593876,0.006191354,0.01056739,0.01056739,0.02750359,0.02539147,0.04303348,0.08376408,0.01523758,0.05800071,0.03075534,0.01896088,0.02973244,0.009629985,0.01217753,0.006654256,0.02990994
2/4/23 13:31,596,0.02623272,0.03893866,0.01111666,0.007099878,0.0420185,0.01689656,0.01534691,0.01160161,0.01651049,0.01651049,0.009904889,0.03136894,0.04493083,0.1000252,0.02688788,0.06021668,0.02430251,0.01420094,0.01755297,0.01376495,0.004743772,0.01199971,0.02301374
2/4/23 17:31,600,0.02672604,0.04246811,0.01141247,0.01044858,0.03500457,0.01768777,0.01214484,0.009990291,0.01791607,0.01791607,0.006654322,0.03441587,0.04922699,0.1080234,0.01522047,0.05851594,0.03865018,0.02086663,0.01409556,0.01175919,0.006879404,0.00654198,0.02352684
2/4/23 21:31,604,0.02699943,0.03796327,0.009000584,0.008497694,0.03874473,0.02181591,0.01393365,0.005738271,0.01946462,0.01946462,0.03110914,0.02798143,0.04162493,0.1213027,0.01041455,0.06529482,0.03227714,0.01122245,0.01625114,0.01428194,0.006526297,0.01762474,0.01955019
2/5/23 1:31,608,0.02645588,0.03411691,0.008618433,0.005082111,0.02782308,0.01370307,0.01416235,0.004707159,0.01713764,0.01713764,0.0343,0.0196624,0.0402432,0.1307804,0.02933305,0.05798018,0.03580475,0.009026094,0.01413039,0.0084,0.006858736,0.02116659,0.02781028
2/5/23 5:31,612,0.01971333,0.02228045,0.007266112,0.007397923,0.03757381,0.01724209,0.01096812,0.004730932,0.02722689,0.02722689,0.01732051,0.03314564,0.04963617,0.1039648,0.01571108,0.04436313,0.03434825,0.0079706,0.01485519,0.02419082,0.007215925,0.01534507,0.01644924
2/5/23 9:31,616,0.02263912,0.02212616,0.008216892,0.002876838,0.04252805,0.01234615,0.01030251,0.0120625,0.02889061,0.02889061,0.02598232,0.01036588,0.04417406,0.09697349,0.02236722,0.04487957,0.02940103,0.01170687,0.01633602,0.02573982,0.007566806,0.003234142,0.01333522
2/5/23 13:31,620,0.02518984,0.0192165,0.008401641,0.003020887,0.037483,0.01031415,0.0117132,0.02394737,0.01147097,0.01147097,0.02850354,0.014045,0.04479926,0.08929378,0.01166681,0.04281817,0.02929072,0.006719335,0.009465115,0.01591237,0.005046733,0.01021607,0.02659057
2/5/23 17:31,624,0.01911652,0.02493868,0.007173147,0.004885917,0.03839187,0.01196237,0.01195673,0.01960452,0.02893841,0.02893841,0.01200222,0.01533805,0.03561716,0.07266852,0.02193524,0.04664801,0.03940987,0.00380744,0.01370997,0.01492308,0.007750936,0.01431679,0.02271772
2/5/23 21:31,628,0.01649177,0.0181474,0.006557333,0.004165572,0.04089653,0.01100504,0.01112107,0.01636668,0.02831348,0.02831348,0.02230493,0.01441486,0.04212934,0.06437991,0.02876999,0.05254532,0.03493007,0.01225432,0.01007018,0.0184799,0.01039854,0.00570004,0.01753299
2/6/23 1:31,632,0.0170775,0.01534434,0.01029409,0.005821128,0.04216084,0.009569477,0.01106424,0.02245032,0.02394737,0.02394737,0.01845513,0.01321312,0.03180294,0.06436991,0.03467648,0.04644389,0.02777985,0.004540445,0.007446118,0.01438804,0.008570977,0.01668802,0.01890367
2/6/23 5:31,636,0.01856452,0.01533024,0.005631118,0.004857827,0.04206405,0.01004139,0.008595836,0.01960452,0.01960452,0.01960452,0.01794381,0.01590931,0.03615818,0.06310392,0.02415477,0.04084156,0.01813366,0.005343757,0.01398387,0.01438804,0.007009575,0.003822658,0.02093526
2/6/23 9:31,640,0.01664909,0.01405854,0.005516091,0.005531951,0.03238844,0.01208257,0.008090402,0.01636668,0.01636668,0.01636668,0.01636668,0.03042405,0.04350698,0.0615716,0.03240732,0.05932808,0.02322317,0.01141148,0.006403913,0.009305882,0.005670586,0.003876171,0.01422308
2/6/23 13:31,644,0.01697324,0.01521164,0.006402308,0.002913591,0.03687027,0.01337527,0.00876636,0.02245032,0.02245032,0.02245032,0.01419839,0.02274536,0.04795604,0.06905062,0.0244843,0.05689116,0.02787545,0.008881363,0.01440785,0.009305882,0.008498512,0.009336721,0.01666304
2/6/23 17:31,648,0.01552398,0.01774268,0.008316256,0.005402049,0.03479362,0.008799785,0.00946567,0.01114055,0.01114055,0.01114055,0.01636668,0.0148038,0.05206541,0.06545039,0.03037368,0.01770289,0.02610793,0.003633744,0.01435,0.01753203,0.02419941,0.006390238,0.02344867
2/6/23 21:31,652,0.01156185,0.01712316,0.01161618,0.01113548,0.02785348,0.01073004,0.01060895,0.01704173,0.01704173,0.01704173,0.01382489,0.01193823,0.03849577,0.06459543,0.01954333,0.03060968,0.01723211,0.006956987,0.007382042,0.03348136,0.01645709,0.008002858,0.02431628
2/7/23 1:31,656,0.01192679,0.0321004,0.01159407,0.002261526,0.02381963,0.01066477,0.01084439,0.01755,0.01755,0.01755,0.02729331,0.01281743,0.02632855,0.06272216,0.07881413,0.03031231,0.01421096,0.00462742,0.01338692,0.0159912,0.01603772,0.0110618,0.02649256
2/7/23 5:31,660,0.01475374,0.03829053,0.01263547,0.01091663,0.02944206,0.008076755,0.01124879,0.03219512,0.03219512,0.03219512,0.03219512,0.0134159,0.02742653,0.05675287,0.07394048,0.04174282,0.01278252,0.005727392,0.01427514,0.01251562,0.03021525,0.008920891,0.01320128
2/7/23 9:31,664,0.01344203,0.01031352,0.01031352,0.02137113,0.02683783,0.008236364,0.009070063,0.03297032,0.03297032,0.03297032,0.03297032,0.01378843,0.02645064,0.05232562,0.08728004,0.04199104,0.02755514,0.004625305,0.014,0.01785003,0.01910639,0.01190397,0.03051501
2/7/23 13:31,668,0.01347458,0.009373226,0.009373226,0.007582938,0.02016824,0.00789638,0.008996238,0.0178236,0.0178236,0.0178236,0.0178236,0.01666277,0.03071544,0.04361193,0.01927847,0.04354439,0.01392511,0.007288503,0.006555184,0.01692641,0.01832958,0.007445595,0.01245825
2/7/23 17:31,672,0.01470589,0.006620133,0.006620133,0.005680967,0.0244839,0.007860095,0.00945164,0.01750764,0.01750764,0.01750764,0.01750764,0.01263265,0.02737189,0.04042948,0.04533487,0.04156346,0.01433947,0.005161093,0.006555184,0.005501729,0.01342958,0.00976303,0.02530744
2/7/23 21:31,676,0.01066056,0.008072262,0.008072262,0.01024288,0.0239638,0.008854116,0.009967367,0.01265962,0.01265962,0.01265962,0.01265962,0.01439125,0.02605482,0.04048337,0.008772262,0.0360983,0.01233527,0.008279149,0.006555184,0.01553351,0.01185281,0.007316619,0.01784361
2/8/23 1:31,680,0.01148702,0.008040923,0.008040923,0.002486004,0.02820563,0.007609543,0.01132003,0.00935229,0.00935229,0.00935229,0.00935229,0.01342703,0.02183126,0.04234711,0.04432492,0.03893727,0.01559607,0.007484109,0.006555184,0.01042125,0.01710122,0.01612452,0.01429337
2/8/23 5:31,684,0.01294918,0.005992915,0.005992915,0.01137973,0.0208954,0.008762022,0.007960157,0.01267665,0.01267665,0.01267665,0.01267665,0.01415996,0.02386514,0.04497605,0.01513123,0.03340245,0.008697789,0.008478122,0.006555184,0.01287055,0.01314346,0.01429312,0.02151482
2/8/23 9:31,688,0.01025261,0.00679986,0.00679986,0.01027011,0.01909831,0.00766057,0.009969254,0.01908501,0.01908501,0.01908501,0.01908501,0.02430846,0.02440522,0.03999493,0.006274914,0.03605486,0.01549124,0.01027639,0.006555184,0.01236645,0.02361618,0.006487619,0.01664017
2/8/23 13:31,692,0.01017759,0.007857175,0.007857175,0.007757196,0.01896149,0.008151579,0.006217,0.002217846,0.002217846,0.002217846,0.002217846,0.02389571,0.02435015,0.04056466,0.01018131,0.03777999,0.01541733,0.009207483,0.006555184,0.005072108,0.01387544,0.01027089,0.02139092
2/8/23 17:31,696,0.009204852,0.006720065,0.006720065,0.004641629,0.01723246,0.007887543,0.00728003,0.007517674,0.007517674,0.007517674,0.007517674,0.02619394,0.05693204,0.03973659,0.007519257,0.04015817,0.0163924,0.006730474,0.006555184,0.01288667,0.01878518,0.004371425,0.01601691
2/8/23 21:31,700,0.01144115,0.007231949,0.007231949,0.01035545,0.02059331,0.007050385,0.01003108,0.007481589,0.007481589,0.007481589,0.007481589,0.021785,0.04871285,0.03511842,0.005588477,0.03628264,0.01519625,0.007958155,0.006555184,0.006963978,0.01176189,0.00527214,0.02152791
2/9/23 1:31,704,0.01133794,0.007243184,0.007243184,0.005117682,0.02094305,0.006070065,0.006065065,0.004795159,0.004795159,0.004795159,0.004795159,0.02442425,0.03661972,0.03588826,0.008195175,0.03967424,0.01458355,0.01261461,0.006555184,0.008256451,0.01393298,0.007241197,0.01893947
2/9/23 5:31,708,0.01037123,0.006758888,0.006758888,0.009266683,0.01916547,0.006925065,0.008087276,0.006772173,0.006772173,0.006772173,0.006772173,0.02286279,0.04805681,0.02924741,0.005479433,0.0357318,0.01306633,0.005731516,0.006555184,0.009211866,0.01535292,0.01402555,0.01546172
2/9/23 9:31,712,0.008310716,0.006696328,0.006696328,0.006964924,0.01847525,0.006335716,0.006782664,0.01031669,0.01031669,0.01031669,0.01031669,0.01614705,0.05017725,0.03280276,0.01127072,0.04121783,0.01943693,0.005657251,0.01444757,0.008942628,0.01375096,0.007509605,0.02033543