Date Time,Elapsed,UT,UT,UT,UT,E,E,E,E,R,R,R,R,C,C,C,C,X,X,X,X,T,T,T,T,D,D,D,D,ER,ER,ER,ER,EC,EC,EC,EC,EX,EX,EX,EX,ET,ET,ET,ET,ED,ED,ED,ED
11/15/22 14:00,0,0.1267935,0.05385406,0.1588788,0.1400042,0.1379154,0.1385278,0.1888892,0.1434731,0.146773,0.1575399,0.004106943,0.1876192,0.1021372,0.1921825,0.164089,0.1207156,0.1520797,0.1323075,0.1415451,0.1694216,0.1584195,0.09558238,0.2070709,0.146131,0.0997518,0.2263003,0.142305,0.1685559,0.1598264,0.1848255,0.1258153,0.1575388,0.1303673,0.1775747,0.1825708,0.1603545,0.1294742,0.1273884,0.1328652,0.1323675,0.1300745,0.1574246,0.0976045,0.2513747,0.1815966,0.1126489,0.256953,0.1633776
11/15/22 18:00,4,0.1274329,0.06647367,0.1135144,0.1299104,0.1180503,0.1216953,0.1706735,0.1105697,0.1524951,0.1540451,0.003648702,0.1522793,0.06568065,0.1574312,0.1477174,0.1108135,0.1342728,0.1274515,0.1249282,0.1374735,0.1372084,0.08728367,0.1862537,0.1039428,0.114996,0.2303719,0.1358964,0.1321764,0.1429363,0.1578133,0.1142971,0.1276295,0.1025871,0.1916309,0.1546506,0.1301972,0.1245146,0.1038868,0.1174513,0.1313118,0.1173871,0.1462287,0.08998354,0.2132134,0.1435628,0.09600986,0.2693992,0.1145253
11/15/22 22:00,8,0.1248604,0.03110506,0.1496358,0.1420583,0.120973,0.1143439,0.1804315,0.08872011,0.1619734,0.1589349,0.00365964,0.165019,0.07939818,0.1578502,0.1293253,0.1064838,0.1223635,0.1228365,0.1091162,0.1455646,0.1194245,0.0725802,0.1365434,0.1066803,0.1070795,0.2042815,0.1275042,0.1335553,0.1225512,0.1519271,0.08404709,0.1151755,0.09516913,0.1616168,0.1307767,0.1215901,0.113062,0.1028253,0.1073103,0.1066917,0.08996741,0.1292711,0.08827224,0.2002721,0.1268455,0.1026449,0.1978284,0.1200817
11/16/22 2:00,12,0.1322111,0.03656233,0.152648,0.1623059,0.1254232,0.1232013,0.1642928,0.08746774,0.2011016,0.1837176,0.00349019,0.1725046,0.06444257,0.1461395,0.1105865,0.08526611,0.1022012,0.1073956,0.1099242,0.1351177,0.1203195,0.07758956,0.1456206,0.109515,0.09026441,0.1626805,0.1165215,0.09801927,0.1238163,0.145342,0.08976296,0.1281725,0.09841266,0.1364775,0.1244116,0.1216734,0.1124776,0.09317951,0.1137615,0.08406012,0.0849095,0.1322335,0.08826132,0.2028249,0.1090418,0.09727363,0.1580082,0.05530189
11/16/22 6:00,16,0.1176161,0.009631719,0.1213992,0.1207945,0.1304878,0.1391883,0.1615377,0.1027113,0.1484281,0.1630581,0.004565107,0.1656104,0.05912033,0.1372451,0.1190553,0.08122334,0.08892938,0.09024841,0.1016898,0.1262796,0.1458847,0.0790064,0.1598141,0.1001234,0.08613063,0.1391822,0.1117333,0.112484,0.1390047,0.140707,0.1124292,0.1802819,0.08734237,0.1631401,0.133415,0.09795536,0.1287452,0.09336665,0.1008879,0.09013521,0.1080636,0.1554767,0.09955747,0.2132121,0.0791693,0.1056545,0.2057176,0.06476245
11/16/22 10:00,20,0.1088434,0.04808618,0.09292457,0.1131994,0.132352,0.1346143,0.1574603,0.1054709,0.1794563,0.1434022,0.005010538,0.14774,0.08791922,0.1382719,0.09526493,0.07885309,0.08442413,0.07883593,0.088649,0.1091537,0.1514218,0.07609477,0.1610768,0.09975466,0.06135507,0.1278251,0.106887,0.1075094,0.1389837,0.1549176,0.119785,0.1625119,0.07811492,0.1704881,0.114692,0.09184128,0.1121883,0.08949658,0.08862755,0.07615469,0.1157517,0.1543466,0.1049113,0.2008948,0.08990142,0.08402473,0.114159,0.05257519
11/16/22 14:00,24,0.1039803,0.02134773,0.09610038,0.1209118,0.1199161,0.1351177,0.1442496,0.1093092,0.2005519,0.1439005,0.003995285,0.112447,0.07502116,0.1174208,0.08370386,0.07097057,0.06725346,0.07824123,0.06497628,0.1007596,0.1468334,0.08402853,0.1547847,0.1003989,0.07215257,0.123599,0.09808904,0.1171537,0.144833,0.1690679,0.1258424,0.143587,0.0699228,0.1566523,0.1055433,0.09154113,0.1027082,0.08197825,0.07911708,0.07693303,0.1157734,0.1671618,0.1069686,0.1902266,0.04769254,0.06686404,0.08619794,0.04718236
11/16/22 18:00,28,0.08786793,0.03969457,0.06441268,0.09331387,0.1055584,0.1459025,0.1550806,0.1191894,0.1647498,0.1360434,0.005480385,0.124097,0.03862659,0.08848041,0.07902297,0.06136788,0.08573496,0.06103159,0.05923126,0.09144609,0.1588832,0.07792382,0.1524123,0.1065963,0.04569336,0.1220512,0.09852573,0.1138387,0.1623319,0.1658579,0.1379567,0.1587028,0.06535198,0.1265366,0.1198728,0.1059373,0.07533732,0.08249283,0.08435208,0.07435446,0.1249602,0.1686334,0.1204316,0.2182234,0.04504657,0.05055557,0.07224958,0.05025619
11/16/22 22:00,32,0.07259443,0.04759567,0.05555562,0.09575701,0.1085326,0.1549615,0.1533054,0.1199003,0.1557192,0.1195382,0.00515859,0.1067014,0.0449411,0.08635455,0.06598161,0.05344721,0.06528169,0.0583175,0.05080174,0.0851284,0.1436689,0.07033896,0.1527199,0.1171864,0.06525271,0.1031355,0.0891377,0.09566802,0.1692827,0.1557415,0.1581569,0.1913237,0.06573977,0.1243016,0.1233391,0.1079143,0.06771739,0.09006368,0.08150284,0.07960822,0.1497738,0.1916539,0.131106,0.2224916,0.02414857,0.03295174,0.05564633,0.04542128
11/17/22 2:00,36,0.06867934,0.02364744,0.05522789,0.07898108,0.1251209,0.1503047,0.1593598,0.1281452,0.09548156,0.1035961,0.005800651,0.1077994,0.04304399,0.09887317,0.06997921,0.04124418,0.047844,0.05134215,0.04124333,0.08257125,0.1340444,0.07701321,0.146204,0.1103995,0.05749014,0.1092069,0.09177433,0.07544641,0.1899057,0.1678403,0.1790978,0.2062155,0.06488139,0.1231713,0.1243914,0.1140468,0.06361772,0.09130833,0.07604258,0.06833997,0.1635941,0.1945225,0.1394714,0.26198,0.02501692,0.02327245,0.08389904,0.04604229
11/17/22 6:00,40,0.06556529,0.05497994,0.04860236,0.07472881,0.1413692,0.1600548,0.1373485,0.1178588,0.09162103,0.09807224,0.006927407,0.08784425,0.04385865,0.07308104,0.05548047,0.03836672,0.04431519,0.0443344,0.03594472,0.07020801,0.1644062,0.07803518,0.1492471,0.1299339,0.05473477,0.0900558,0.09270623,0.06897013,0.2037966,0.1855991,0.1927887,0.2130508,0.06874658,0.1383698,0.1343655,0.117919,0.08829056,0.08402668,0.07921301,0.07942455,0.1779326,0.2205684,0.1520215,0.284674,0.02546282,0.02248791,0.0657308,0.03663958
11/17/22 10:00,44,0.07173251,0.05656787,0.0430984,0.07007664,0.152451,0.1535385,0.1264626,0.1190686,0.110709,0.1013437,0.006975333,0.08506741,0.02507727,0.07217782,0.05462212,0.04389101,0.04341318,0.03854547,0.02680906,0.06875917,0.1892584,0.09372877,0.146371,0.1215266,0.05291412,0.08362301,0.07995034,0.07329334,0.2303264,0.2120341,0.2103041,0.2449361,0.07596917,0.1439379,0.1143588,0.1175461,0.07793026,0.07697011,0.09187061,0.07827365,0.2016097,0.237532,0.1674672,0.2469326,0.03097834,0.02204479,0.04569017,0.03335559
11/17/22 14:00,48,0.07058685,0.03487543,0.0557599,0.06676979,0.1621396,0.1540051,0.1345566,0.1388193,0.1327462,0.1038463,0.007063503,0.0910456,0.03074282,0.05667086,0.05453766,0.03834303,0.03719124,0.03330001,0.02976125,0.06317361,0.1905945,0.09302313,0.1376999,0.1290235,0.03594713,0.07250398,0.06256512,0.08638972,0.2545712,0.2101361,0.2139106,0.2529974,0.08060692,0.1343931,0.1124455,0.1377904,0.05970113,0.0745394,0.09394008,0.06598692,0.2292411,0.2635218,0.1658284,0.2963443,0.0395378,0.02506831,0.03661152,0.02525002
11/17/22 18:00,52,0.0642345,0.02471944,0.04877856,0.07059418,0.1666353,0.156558,0.1466728,0.1390008,0.1068368,0.09588143,0.007799784,0.08281612,0.0343492,0.05765716,0.04938431,0.03353591,0.03813596,0.03207526,0.0229556,0.05156922,0.2125372,0.08517528,0.1592907,0.1440496,0.03242228,0.05577389,0.06801319,0.07652266,0.2883679,0.2451757,0.2459813,0.2718808,0.08693408,0.1605831,0.1292479,0.1382625,0.05564261,0.07129617,0.09164906,0.06618746,0.2555704,0.3099066,0.1737263,0.3200796,0.04099937,0.02132649,0.0361122,0.02525716
11/17/22 22:00,56,0.05750143,0.02670911,0.04777408,0.05745466,0.1757353,0.1679325,0.1593171,0.1503992,0.1237087,0.07785477,0.008239427,0.0774193,0.03731615,0.0665926,0.04300778,0.0372582,0.03200418,0.0291353,0.0245521,0.04571627,0.217705,0.09895176,0.1540476,0.1635022,0.0305436,0.0638427,0.06580441,0.04730748,0.294946,0.2490847,0.2432827,0.2931458,0.08049367,0.1596562,0.120675,0.1516744,0.06564542,0.07822936,0.1009006,0.06382658,0.2800222,0.3217357,0.1908418,0.3542122,0.04224171,0.02706332,0.03819296,0.02162716
11/18/22 2:00,60,0.06789796,0.03484828,0.05690256,0.05955674,0.1830061,0.1759112,0.1774489,0.1628918,0.1383595,0.07669967,0.009366862,0.0699824,0.04048339,0.05298911,0.03574518,0.03158549,0.03140044,0.02411711,0.01918537,0.04923488,0.2453051,0.1028746,0.163122,0.1644329,0.02372416,0.05724175,0.05706437,0.04052239,0.3406394,0.2618181,0.2725149,0.3084376,0.08739343,0.155902,0.126862,0.16789,0.06570283,0.0808465,0.1027278,0.06412756,0.3200811,0.3732667,0.1898495,0.3788821,0.04952289,0.04391151,0.03728327,0.01385781
11/18/22 6:00,64,0.06175806,0.02317939,0.04831806,0.06112301,0.2011451,0.1862275,0.177106,0.1626144,0.1064019,0.08018013,0.009274441,0.06541685,0.0336034,0.04632273,0.0390698,0.02792571,0.02491965,0.02469819,0.01381758,0.04674905,0.2540218,0.1212555,0.1814733,0.1641304,0.01413728,0.05005456,0.04458991,0.04376539,0.3318926,0.2655252,0.2964343,0.3500882,0.09224945,0.1830665,0.1311918,0.1645458,0.08826584,0.08351579,0.1024625,0.06507348,0.361042,0.3911494,0.2156622,0.4059556,0.05385981,0.02400631,0.06261832,0.0134414
11/18/22 10:00,68,0.06489383,0.02476828,0.05570036,0.06337889,0.2194003,0.1992614,0.192268,0.1630492,0.1106721,0.07373565,0.008893398,0.05954447,0.02718843,0.04421589,0.03205857,0.02741946,0.02128497,0.02140432,0.01700831,0.04324327,0.3031685,0.1140997,0.1821086,0.1747861,0.01897103,0.04357582,0.04312008,0.04349782,0.3284495,0.2857804,0.3215877,0.3589969,0.1052676,0.1701142,0.1504705,0.1897959,0.08377552,0.08446697,0.1112674,0.07397383,0.3948443,0.4403501,0.2184613,0.3849064,0.0452983,0.02393731,0.04354962,0.01380606
11/18/22 14:00,72,0.05713537,0.04537696,0.04707632,0.063596,0.2315025,0.1999621,0.2060645,0.176165,0.1011429,0.07287034,0.0105151,0.05309888,0.03440031,0.04176879,0.02836595,0.02444988,0.02172281,0.02242507,0.01383367,0.03628227,0.2900025,0.1281364,0.1792851,0.1778526,0.02775731,0.03994749,0.04305226,0.03900896,0.3938257,0.3083482,0.3342388,0.3768729,0.1415707,0.18214,0.1390803,0.2042482,0.08155464,0.08535847,0.1179975,0.07917524,0.3865378,0.4614574,0.224886,0.3769871,0.04234475,0.02404009,0.06012707,0.01352229
11/18/22 18:00,76,0.06195186,0.0404107,0.02995477,0.05602653,0.2400025,0.2315006,0.181978,0.1836251,0.08521714,0.07530414,0.01007788,0.06060702,0.03725513,0.0409707,0.02922473,0.02064596,0.01928571,0.0220679,0.01826134,0.02321541,0.250981,0.1252611,0.1775938,0.1942658,0.01310851,0.04293158,0.04491252,0.04724546,0.4191054,0.3137758,0.3518683,0.3943489,0.1366426,0.2172644,0.1407501,0.1996132,0.07790887,0.09072933,0.1252719,0.1026492,0.4129145,0.5356331,0.2997001,0.404,0.02922513,0.03178255,0.04853925,0.0174137
11/18/22 22:00,80,0.05556999,0.04071189,0.0311818,0.05675507,0.2353737,0.2105669,0.1968175,0.1770319,0.1033482,0.06825546,0.01575192,0.06230376,0.02118075,0.03726259,0.02594268,0.02119995,0.02081177,0.02001441,0.01632176,0.02512878,0.2279163,0.1373949,0.1714432,0.205106,0.009684493,0.03813057,0.0315147,0.03652137,0.3732109,0.3152112,0.3142344,0.3911666,0.1137458,0.2206367,0.1585296,0.2045126,0.08025481,0.09204429,0.1334927,0.1106963,0.398954,0.561044,0.2511949,0.4318378,0.02734925,0.02656943,0.04073518,0.03085267
11/19/22 2:00,84,0.06096477,0.03609353,0.03446524,0.05800382,0.2242408,0.2250714,0.1914345,0.1837034,0.1074533,0.07520028,0.02200568,0.06940909,0.03178681,0.03817767,0.03221453,0.02171754,0.02027237,0.02175978,0.01086773,0.02232484,0.2359941,0.1515962,0.1976346,0.2251275,0.04083671,0.0430246,0.0453239,0.08630417,0.4088857,0.335006,0.3788251,0.4548006,0.1317104,0.1747837,0.1670055,0.2251998,0.06891694,0.1017729,0.1385364,0.100935,0.3999503,0.5698782,0.287597,0.4659517,0.0150421,0.04630763,0.02712326,0.01974221
11/19/22 6:00,88,0.06803438,0.04273731,0.04340186,0.06401163,0.2471993,0.2255698,0.2047317,0.19716,0.1081575,0.07606135,0.02053572,0.06980478,0.04103754,0.03779432,0.02905213,0.02057705,0.02222945,0.02008997,0.01252951,0.02158053,0.2551533,0.1497192,0.1985921,0.2196282,0.01171343,0.05541807,0.05192034,0.07478034,0.41601,0.3302343,0.3951934,0.4276452,0.1327094,0.2117071,0.1761425,0.2252072,0.07254058,0.1171744,0.131264,0.1099216,0.4359576,0.569986,0.280782,0.4692294,0.01672996,0.04794438,0.04362086,0.02275409
11/19/22 10:00,92,0.06795152,0.04396636,0.04323956,0.05848358,0.2422968,0.2346114,0.213858,0.2108708,0.1100432,0.08660115,0.02717951,0.06465006,0.03335752,0.03194112,0.0251009,0.01657512,0.01998369,0.01799821,0.01366744,0.02049792,0.2461353,0.1544632,0.2011248,0.2269084,0.04198053,0.04576013,0.0439227,0.05629662,0.3852154,0.3338125,0.3611907,0.4204046,0.1104746,0.2022171,0.1602362,0.2342276,0.0804521,0.1198595,0.160005,0.1207146,0.4751923,0.5679333,0.2556551,0.5262358,0.01610727,0.03785105,0.05228325,0.02038064
11/19/22 14:00,96,0.069912,0.04118358,0.03717497,0.05917742,0.2665026,0.219197,0.2265224,0.2175283,0.08815072,0.0863197,0.02759957,0.06412238,0.0262628,0.02897699,0.02346469,0.01633917,0.01568986,0.01428907,0.01224776,0.02133451,0.2646566,0.1540939,0.2068578,0.243442,0.01848874,0.04355683,0.052551,0.06162666,0.4381623,0.3634703,0.421287,0.4775952,0.1219382,0.1918496,0.1570264,0.2376678,0.0729095,0.1246856,0.1524597,0.1289706,0.482504,0.6028267,0.2484486,0.4922394,0.04119918,0.05750164,0.08962345,0.02040186
11/19/22 18:00,100,0.0724134,0.04127887,0.03322681,0.06268504,0.2638679,0.2161641,0.227239,0.2222736,0.08818544,0.07430386,0.02812569,0.06076636,0.01996354,0.02682851,0.02251679,0.01704584,0.01689612,0.01467082,0.01191642,0.02185425,0.2280139,0.1693528,0.2061744,0.2512032,0.01573037,0.06016836,0.05049423,0.05339039,0.4528314,0.3521922,0.4341596,0.4494306,0.1276679,0.1827991,0.1862128,0.2627628,0.1087201,0.124281,0.1477453,0.1361974,0.4999371,0.6283338,0.2635059,0.4930525,0.03405941,0.03877335,0.05837216,0.02124299
11/19/22 22:00,104,0.06624907,0.03782003,0.03154648,0.0627459,0.2597273,0.2201124,0.2332875,0.2222265,0.09499561,0.06539446,0.03227307,0.05963664,0.02278327,0.02512563,0.02062642,0.01578145,0.01370781,0.01664207,0.00993507,0.02217544,0.2300248,0.1624018,0.1915283,0.2570309,0.04744363,0.05258409,0.04404412,0.04435948,0.4893995,0.3597856,0.4343481,0.4676321,0.1336218,0.1613628,0.1707118,0.2591797,0.1110685,0.1306475,0.1445759,0.1401839,0.4963568,0.6079056,0.2861538,0.4886062,0.03388372,0.04938657,0.07848457,0.02209383
11/20/22 2:00,108,0.06419111,0.0352294,0.02735998,0.05491127,0.2513589,0.2297172,0.2552124,0.2134704,0.0893391,0.0627414,0.02806939,0.05854949,0.02130616,0.02296472,0.01904587,0.01452919,0.01301949,0.0163967,0.01327521,0.02073519,0.2391766,0.1505527,0.1883491,0.253785,0.07262697,0.05487875,0.04535491,0.0445684,0.4038875,0.3600037,0.4003189,0.4702098,0.1173127,0.1706048,0.1642998,0.2812361,0.09857451,0.1369371,0.1535861,0.1489064,0.5408467,0.6262553,0.2673425,0.4530962,0.0368268,0.04671496,0.0771922,0.02311749
11/20/22 6:00,112,0.06475264,0.03637291,0.03263862,0.05043172,0.2711678,0.2358934,0.2496854,0.2222354,0.08444595,0.06308975,0.02921915,0.05628511,0.02063808,0.02117804,0.01628281,0.01232467,0.01127449,0.01436704,0.01105121,0.01918549,0.2203958,0.1443897,0.1695886,0.2544503,0.03395849,0.03500899,0.04557876,0.0391978,0.4395933,0.4012758,0.421723,0.5227599,0.1209958,0.1792566,0.1515232,0.2841813,0.1135437,0.1345666,0.153515,0.1599511,0.5204598,0.6096456,0.2651465,0.3923396,0.03044801,0.0416573,0.08264451,0.03283199
11/20/22 10:00,116,0.06052987,0.03590694,0.02825015,0.0438639,0.2737071,0.2208435,0.252451,0.2280453,0.08426232,0.07309046,0.03161094,0.05689077,0.02005085,0.01979824,0.01586257,0.01137181,0.01124651,0.01387642,0.01063123,0.01742715,0.218835,0.1457324,0.1691848,0.2427496,0.03108829,0.03737989,0.05284321,0.04248178,0.5116618,0.3956184,0.4254909,0.5243145,0.1150209,0.1702683,0.1543539,0.307629,0.1129043,0.1373678,0.1460772,0.161774,0.5726525,0.604654,0.2665509,0.3489186,0.0268743,0.03608452,0.08476372,0.02422309
11/20/22 14:00,120,0.0626547,0.0347486,0.03000255,0.0397219,0.2876152,0.2212786,0.2502914,0.2228869,0.08100058,0.07053453,0.03617691,0.05362093,0.01997151,0.01883574,0.0138712,0.009161827,0.01321671,0.01222977,0.008559613,0.01635253,0.2155302,0.1395312,0.1756159,0.2402479,0.02095447,0.03675834,0.04973653,0.05135253,0.4701597,0.3918182,0.4460951,0.5083988,0.1285474,0.161858,0.1798322,0.2958972,0.1169255,0.140601,0.1550036,0.1777034,0.618369,0.6265402,0.2820649,0.3624059,0.0289071,0.04455554,0.08608507,0.02209095
11/20/22 18:00,124,0.05894171,0.03549865,0.02879428,0.04143937,0.2828134,0.234305,0.2615843,0.2234521,0.07096632,0.06319301,0.03889961,0.05523298,0.01772607,0.01759704,0.01396689,0.008164841,0.01193854,0.01083391,0.007427318,0.0170304,0.2363891,0.1392182,0.1794317,0.2344292,0.01844929,0.05069937,0.04770681,0.04716598,0.4956625,0.4064767,0.4632969,0.4855388,0.1329267,0.1868669,0.1619096,0.3217876,0.1144582,0.1426917,0.1522362,0.1781161,0.5708251,0.6405652,0.3073438,0.4042771,0.03615056,0.04334859,0.09169686,0.02605065
11/20/22 22:00,128,0.06457784,0.0340691,0.02690296,0.0423773,0.2789677,0.2329861,0.2630201,0.2394149,0.07376822,0.06575266,0.0430692,0.056945,0.01658705,0.01436406,0.01104846,0.007479462,0.01297419,0.01191385,0.007245874,0.01573856,0.205975,0.1383374,0.1749467,0.2412629,0.0222299,0.06331471,0.04702979,0.03846867,0.5271147,0.4080732,0.4620008,0.5011074,0.1148971,0.192213,0.1783149,0.2907543,0.1207392,0.1504888,0.1570358,0.1950799,0.6474611,0.6631762,0.2746373,0.3875547,0.03214722,0.04053156,0.09007487,0.02729107
11/21/22 2:00,132,0.06187927,0.03545573,0.02633485,0.04559235,0.2842287,0.2431552,0.2683288,0.2526254,0.07660712,0.07128786,0.04157962,0.06405082,0.01424497,0.01306057,0.01076045,0.00616742,0.01239547,0.01404636,0.006591091,0.01546476,0.2024532,0.1443852,0.177066,0.2543072,0.02392987,0.06647093,0.04754468,0.02609624,0.5190017,0.4031963,0.4741195,0.5084451,0.12862,0.1724858,0.1777771,0.3030038,0.1267833,0.1562519,0.1518606,0.2051477,0.639954,0.6704706,0.2909613,0.3726854,0.04791339,0.04242746,0.08509166,0.03078951
11/21/22 6:00,136,0.06390422,0.0419445,0.02988637,0.04446601,0.2804801,0.2504689,0.2645683,0.2522519,0.08293526,0.07042845,0.04748155,0.06795262,0.01125487,0.01239949,0.007734053,0.005333886,0.01203383,0.01408072,0.006271267,0.0141139,0.1998532,0.146889,0.1871296,0.2685804,0.02301091,0.07443,0.04403094,0.02933051,0.5339161,0.409665,0.4458235,0.5124313,0.1168543,0.1952774,0.1857563,0.2967635,0.1407572,0.1636635,0.1638564,0.2151137,0.6079228,0.7002819,0.2819068,0.4107473,0.04426667,0.02887327,0.08969843,0.03936869
11/21/22 10:00,140,0.06485255,0.04958339,0.03569538,0.04588612,0.2808674,0.2537578,0.2538312,0.2642282,0.08082637,0.08001083,0.05128951,0.06811848,0.009912935,0.01080499,0.007538376,0.006277311,0.01199104,0.0139507,0.007233606,0.01288234,0.1904049,0.1434699,0.1758395,0.3027541,0.0389445,0.08460924,0.0359908,0.02902026,0.5235895,0.415206,0.4652837,0.4346353,0.1334757,0.2075318,0.2054647,0.3170301,0.1120441,0.1661051,0.1680094,0.235742,0.702703,0.6982092,0.3270109,0.5380497,0.05680507,0.03598483,0.0947233,0.03605509
11/21/22 14:00,144,0.07038878,0.05529649,0.03971688,0.05009076,0.2605903,0.2696339,0.3158073,0.292454,0.07621308,0.08311167,0.05671406,0.06055674,0.009331529,0.009243831,0.006406846,0.00510479,0.009489771,0.01335208,0.008484055,0.01456404,0.1850255,0.1348786,0.1692674,0.2783169,0.05510482,0.0546081,0.02232652,0.02483841,0.4327212,0.4104908,0.419242,0.4411101,0.124944,0.1992035,0.1742508,0.2726177,0.09178224,0.1685948,0.150981,0.1799889,0.6735786,0.615415,0.3370188,0.5255856,0.05743831,0.01734255,0.1070515,0.06648302
11/21/22 18:00,148,0.0833729,0.0602166,0.04672745,0.05383959,0.2982239,0.2478584,0.2654042,0.2837304,0.07896332,0.0920357,0.06730622,0.06875393,0.00853519,0.008132255,0.005998161,0.00503051,0.01256481,0.01252617,0.008133404,0.01386408,0.1928114,0.1482581,0.1818393,0.2987393,0.03022663,0.0659496,0.01990613,0.02029196,0.5113631,0.4161275,0.4776746,0.4458808,0.1538307,0.1569989,0.1913702,0.2842903,0.1142071,0.1772532,0.177157,0.2381439,0.7222444,0.6576653,0.3124456,0.5551715,0.04735534,0.03729106,0.22568,0.03301929
11/21/22 22:00,152,0.09011891,0.07238905,0.05380089,0.06346259,0.289151,0.2734951,0.2852968,0.2582163,0.0837414,0.08925665,0.07068412,0.07096609,0.007808222,0.007326058,0.005361112,0.00422079,0.009744622,0.01088133,0.007971041,0.01178289,0.1799907,0.1419525,0.1585331,0.3107636,0.02639031,0.06277688,0.01537589,0.02041253,0.5188318,0.4134587,0.4728047,0.4045132,0.1593072,0.1679974,0.1886352,0.2754369,0.1161592,0.1861185,0.1677995,0.22995,0.7072101,0.6703557,0.3290628,0.6622028,0.05046379,0.04224065,0.1572901,0.03264705
11/22/22 2:00,156,0.09596206,0.08553431,0.06050353,0.06760954,0.2948659,0.2570828,0.2806025,0.2677623,0.09144697,0.09713139,0.08070286,0.07642249,0.007118278,0.00631709,0.004677462,0.004180858,0.009520198,0.0102699,0.007385136,0.01042926,0.1893809,0.1494087,0.1645963,0.3073875,0.02011293,0.06113368,0.01535104,0.02177673,0.5030581,0.4195743,0.4910764,0.3949407,0.1728729,0.1804098,0.164546,0.2927649,0.1300095,0.1811078,0.1801376,0.2295897,0.7204496,0.6427258,0.338854,0.6036527,0.04399193,0.04148055,0.1744504,0.04050948
11/22/22 6:00,160,0.1000183,0.09942083,0.06801041,0.07995896,0.2984657,0.256958,0.2848066,0.2608404,0.1050916,0.1074635,0.0891785,0.08177546,0.005817715,0.005346946,0.004247808,0.003978232,0.01132626,0.01036201,0.007135494,0.009041934,0.2010167,0.150045,0.1672409,0.2918765,0.01345902,0.06836203,0.01353065,0.0246958,0.4914967,0.4222339,0.503581,0.4121003,0.1855727,0.1865616,0.1685112,0.2999544,0.1735345,0.1892353,0.1760886,0.2368742,0.7849417,0.6245066,0.3319711,0.538101,0.03455109,0.04463772,0.2460477,0.04267552
11/22/22 10:00,164,0.1049745,0.1101379,0.07597265,0.08700293,0.3134917,0.261062,0.2961754,0.2562364,0.1143894,0.120134,0.09660202,0.08291335,0.005833175,0.005089533,0.003508887,0.003347895,0.01118102,0.009765991,0.008097404,0.00970562,0.2058412,0.1542933,0.1751712,0.3065629,0.02567297,0.0692815,0.01164667,0.02791037,0.4189056,0.4275251,0.4736125,0.4153023,0.1479442,0.1963786,0.169484,0.2803987,0.1593734,0.1928891,0.1847212,0.2300303,0.8049527,0.5940419,0.3246819,0.5261955,0.0302211,0.04707978,0.1761657,0.03646195
11/22/22 14:00,168,0.1098248,0.1245538,0.08156346,0.09368996,0.286961,0.2780637,0.3207395,0.2531419,0.1120885,0.1254513,0.1007253,0.08133215,0.005116604,0.004951986,0.003559684,0.003239831,0.01125737,0.009441178,0.00915764,0.009108782,0.1748676,0.1393173,0.1829868,0.3021289,0.02600323,0.08667578,0.007033677,0.02568364,0.4667959,0.4079338,0.4738838,0.46792,0.1589214,0.2334531,0.1897337,0.2615891,0.119092,0.2218645,0.1641053,0.2312516,0.7651877,0.5221994,0.3669808,0.5425593,0.03485933,0.02754997,0.1473666,0.05423572
11/22/22 18:00,172,0.124424,0.1345519,0.08708447,0.09969291,0.2845162,0.3154359,0.3381708,0.2557231,0.1165573,0.130238,0.1074703,0.0884416,0.004637426,0.004350954,0.003068028,0.003180865,0.01130402,0.009849762,0.008994998,0.00847182,0.1961322,0.1405877,0.1788866,0.2992515,0.03445827,0.09735405,0.01370799,0.02391526,0.4415341,0.395828,0.415819,0.4362795,0.1406616,0.2236214,0.1827105,0.211856,0.1591082,0.2176434,0.1964993,0.2054211,0.8220308,0.6512501,0.372946,0.4858611,0.04040117,0.03063642,0.1519244,0.05898671
11/22/22 22:00,176,0.1304987,0.1434258,0.09349084,0.1082621,0.2495428,0.2742999,0.4061878,0.2417237,0.1203926,0.1343292,0.119165,0.09215626,0.003954488,0.004190021,0.002956828,0.003007435,0.01079932,0.0112286,0.009514289,0.008621162,0.1797022,0.1430667,0.1950254,0.2668077,0.04049861,0.08673886,0.01584092,0.02202874,0.3734163,0.3897456,0.4187262,0.42614,0.106293,0.2298333,0.1427316,0.202205,0.1282941,0.2154389,0.1600678,0.2125728,0.6486148,0.5908301,0.4088941,0.4849237,0.07613345,0.02645318,0.1752672,0.04426201
11/23/22 2:00,180,0.137171,0.1526826,0.1005349,0.1150486,0.3034727,0.2946645,0.4017904,0.2555601,0.1271727,0.1426198,0.1217906,0.09871964,0.004050453,0.003562093,0.002802271,0.002626524,0.0114648,0.01269087,0.01086297,0.008906495,0.2193157,0.1396184,0.2020319,0.2630467,0.03829108,0.06596973,0.01886078,0.02832698,0.427527,0.3898847,0.4281585,0.4786914,0.1084748,0.1970975,0.1512547,0.1919748,0.129267,0.2090972,0.1624421,0.1964615,0.6357257,0.7136549,0.4015724,0.4829372,0.05886896,0.0181096,0.1732144,0.04141459
11/23/22 6:00,184,0.1427447,0.1594587,0.1015231,0.1220047,0.295886,0.2746431,0.3440826,0.2567581,0.1299821,0.1515771,0.128949,0.1029013,0.003713949,0.002905938,0.002527766,0.002277093,0.01381729,0.01521014,0.01153163,0.009164669,0.2160511,0.1440521,0.1903332,0.2604156,0.02881407,0.06197879,0.01591638,0.02131855,0.3594278,0.4220576,0.409725,0.4647395,0.1003709,0.1850666,0.1683704,0.1882244,0.1324877,0.2251067,0.1911834,0.1828214,0.7029861,0.6689662,0.3903865,0.4763435,0.04273169,0.01371779,0.2065292,0.04640209
11/23/22 10:00,188,0.1489388,0.1720196,0.1103879,0.1350762,0.2792764,0.3093777,0.377425,0.2366994,0.1321581,0.1478451,0.1268726,0.09992348,0.003227195,0.003160098,0.002408536,0.002194174,0.01444899,0.01573432,0.01335514,0.009088811,0.1864267,0.145121,0.1741038,0.2355837,0.02871248,0.04428573,0.01906971,0.02218271,0.4216089,0.3798784,0.3874505,0.387738,0.1291445,0.1309338,0.138601,0.1911,0.1116338,0.1974694,0.1609231,0.1825073,0.7143432,0.7040724,0.3408598,0.497884,0.03304628,0.000601522,0.1354579,0.01818727
11/23/22 14:00,192,0.1344002,0.1518257,0.1013643,0.1186073,0.3116857,0.3172764,0.3672923,0.2746588,0.1210681,0.1360436,0.1236111,0.1004633,0.005413493,0.004236701,0.003403727,0.002957688,0.01687493,0.01730696,0.01281457,0.01092399,0.2309552,0.1611166,0.1948883,0.3072045,0.0289495,0.08217457,0.03158545,0.02706891,0.4915165,0.4282777,0.5453493,0.5087414,0.5062073,0.2466312,0.2225105,0.2004527,0.181787,0.229126,0.2596718,0.2195529,1.048559,1.230713,0.3890537,0.7510802,0.08000967,0.02316064,0.1585273,0.0325895
11/23/22 18:00,196,0.1474878,0.1667115,0.1146448,0.1306936,0.2830422,0.3291558,0.3626596,0.2891921,0.1340116,0.1554603,0.1425906,0.1144368,0.004467267,0.003732819,0.003150912,0.002901774,0.02097145,0.02020481,0.01368412,0.01346151,0.2504833,0.1664988,0.1989675,0.3326942,0.02505066,0.06272228,0.03620168,0.02011075,0.4782656,0.4337035,0.5838592,0.4945871,0.1417945,0.2522904,0.1866556,0.2212572,0.1875667,0.2328543,0.2237478,0.2571353,1.009789,1.249596,0.4068902,0.845964,0.03206198,0.01960571,0.260881,0.06790201
11/23/22 22:00,200,0.1777038,0.1952673,0.1481778,0.1713511,0.2679633,0.3502149,0.3669741,0.2675686,0.2020558,0.2033616,0.1796458,0.1656435,0.005901236,0.004347343,0.004276846,0.003445031,0.02587622,0.02745637,0.02030998,0.02062105,0.2108931,0.1650264,0.2015919,0.3216157,0.01625854,0.06410867,0.03687285,0.01795778,0.4670745,0.4527678,0.6314455,0.5113141,0.1166478,0.2391536,0.1488426,0.2585399,0.1842141,0.2365894,0.2013754,0.238318,1.053796,1.295653,0.4213255,0.7961405,0.1245162,0.02547288,0.1129995,0.03981891
11/24/22 2:00,204,0.2102945,0.229807,0.1728619,0.2059989,0.2721674,0.3299269,0.3511938,0.291907,0.2374612,0.2341553,0.2036467,0.1938809,0.008019469,0.006999273,0.006335963,0.005513216,0.02783372,0.03422473,0.02223284,0.02523423,0.2308632,0.1665085,0.2177971,0.3061974,0.01892081,0.07069089,0.02844609,0.01130217,0.4466321,0.4586756,0.565397,0.5237355,0.1279546,0.2505792,0.1542128,0.2615664,0.2429665,0.240484,0.2207256,0.248655,0.9579827,1.261237,0.3826183,0.890859,0.05031013,0.02282875,0.1277326,0.05646471
11/24/22 6:00,208,0.2083207,0.2288498,0.174777,0.2044619,0.2634109,0.3138756,0.3400369,0.264618,0.2136659,0.2328802,0.1973753,0.1949378,0.008982599,0.008004328,0.006310523,0.005559696,0.02677599,0.03270379,0.02378259,0.02431277,0.2273176,0.1702404,0.1945525,0.311471,0.01657448,0.09182338,0.02333582,0.01437087,0.5185782,0.4607282,0.6053823,0.5082484,0.1432238,0.2294542,0.1609972,0.2143471,0.2577176,0.217276,0.2210985,0.2548411,0.8842121,1.246966,0.3967237,0.7107341,0.04301203,0.02726879,0.3026864,0.07200029
11/24/22 10:00,212,0.206249,0.2205328,0.1690375,0.202193,0.2641651,0.2919603,0.3340234,0.2677708,0.2081001,0.2162633,0.1898544,0.1781457,0.007917321,0.006980754,0.006225712,0.004872804,0.02681339,0.02930809,0.01950668,0.02304445,0.2194613,0.1581945,0.1986144,0.315582,0.01598471,0.07409535,0.02373162,0.01400161,0.5013443,0.4400122,0.6187505,0.5090966,0.1278378,0.2432831,0.165219,0.2205027,0.248042,0.2109818,0.2179522,0.2335208,0.9627941,1.225968,0.4053472,0.7703266,0.08122022,0.02610988,0.2496708,0.06658091
11/24/22 14:00,216,0.2126983,0.2240643,0.1769754,0.2109991,0.2484408,0.3189423,0.3434513,0.2805322,0.197355,0.1986614,0.1790169,0.1637014,0.00720312,0.00643761,0.006121922,0.004743332,0.02530342,0.0295797,0.02138407,0.02477034,0.239318,0.1544937,0.2043467,0.2811174,0.01699267,0.04541846,0.02217727,0.01306693,0.4090556,0.4171493,0.4978427,0.5288249,0.132732,0.2037044,0.1546807,0.188173,0.2450206,0.2237559,0.2233363,0.2309884,0.8467644,1.189526,0.4158624,0.7959989,0.0333572,0.01739378,0.3034477,0.0548486
11/24/22 18:00,220,0.213521,0.2244509,0.1757127,0.2084481,0.241174,0.3176014,0.3495293,0.2772217,0.1765134,0.1858182,0.1666673,0.1536833,0.007261951,0.006172739,0.006027684,0.004162897,0.0230075,0.02986578,0.0226117,0.02604156,0.2477264,0.1575146,0.2260017,0.2902031,0.01575091,0.03798709,0.01176088,0.012585,0.5523404,0.4269179,0.609794,0.5340301,0.1551663,0.2003574,0.1641709,0.2284629,0.2406567,0.2212683,0.2095938,0.2455894,0.9374109,1.219202,0.4283657,0.8189361,0.04927728,0.01299682,1.006207,0.0772364
11/24/22 22:00,224,0.1940134,0.2193404,0.1734397,0.2040052,0.231981,0.3304923,0.3383075,0.2704766,0.1583316,0.1713875,0.1624824,0.139064,0.006950382,0.00578232,0.005401642,0.004506245,0.02171387,0.02828399,0.02228494,0.02525653,0.2501011,0.1471685,0.2154044,0.2855641,0.01439643,0.03452735,0.01996538,0.007718408,0.4315854,0.3972041,0.4925204,0.5260861,0.1579624,0.1934019,0.1728265,0.2313018,0.238079,0.231227,0.2248079,0.2070803,0.9599007,1.222385,0.4257144,0.7820008,0.03726519,0.01855545,0.3081635,0.05741283
11/25/22 2:00,228,0.184644,0.2098859,0.1697895,0.2034515,0.2166143,0.328335,0.339065,0.2773104,0.1320123,0.1574799,0.1592311,0.1258746,0.006460352,0.005292451,0.00524184,0.004405587,0.018341,0.02623633,0.02236193,0.02505141,0.2332919,0.1456944,0.2279998,0.2820864,0.01552578,0.02870863,0.01478325,0.01491404,0.3883258,0.3850399,0.5234956,0.5176706,0.1321046,0.1789814,0.1492861,0.204714,0.2232895,0.2357401,0.2247685,0.2276674,0.9069461,1.286227,0.425185,0.7687743,0.04097842,0.01520564,0.03711768,0.06699615
11/25/22 6:00,232,0.1741032,0.2112668,0.1768534,0.2052176,0.2323732,0.3069911,0.3384769,0.2262674,0.1187498,0.1448077,0.1544927,0.1151418,0.005760557,0.005137342,0.005005971,0.003969886,0.01901663,0.0265896,0.02464131,0.02575023,0.2781177,0.1503227,0.2304276,0.2742798,0.02893954,0.02994566,0.009667112,0.01783286,0.4828186,0.3935109,0.5835264,0.5117036,0.1408232,0.153705,0.1399418,0.1849244,0.2579091,0.2290516,0.2126581,0.2315501,0.9686971,1.315508,0.4123273,0.6707168,0.0634556,0.0167642,1.098579,0.07669482
11/25/22 10:00,236,0.1816222,0.2130418,0.1860597,0.2116493,0.2276664,0.334661,0.3216497,0.2301392,0.1085311,0.133696,0.147842,0.1104065,0.005555484,0.004948989,0.005141611,0.004462605,0.02123237,0.02898041,0.02645671,0.02910783,0.2799134,0.1576575,0.2311181,0.2620783,0.02101814,0.03655757,0.01060881,0.01628071,0.4546265,0.3889406,0.4983924,0.5156746,0.1211606,0.1604691,0.3693711,0.2019077,0.2338402,0.2347142,0.2030323,0.2170187,1.078624,1.253601,0.4239091,0.6143851,0.0331907,0.02376558,0.9367193,0.04991287
11/25/22 14:00,240,0.1930782,0.2211439,0.1922675,0.2224468,0.2422757,0.3231,0.341688,0.2351324,0.1017519,0.1356888,0.1482149,0.1113143,0.005368319,0.00444026,0.004952712,0.004526996,0.02448105,0.03318873,0.02985716,0.03304708,0.3084269,0.1541612,0.2231061,0.2747359,0.02215841,0.02872537,0.007789532,0.01687688,0.4744202,0.392131,0.5916981,0.5085949,0.1213347,0.1669163,0.112126,0.2077909,0.2381532,0.2289212,0.2099016,0.2220784,1.07885,1.272545,0.4250924,0.5953786,0.02625574,0.01662806,1.098096,0.05012719
11/25/22 18:00,244,0.2067669,0.2329917,0.2013443,0.2304189,0.2416701,0.3190177,0.346429,0.22909,0.1034778,0.1438883,0.1534164,0.1090365,0.005209019,0.004883041,0.005268358,0.004539351,0.02883625,0.03744472,0.03380911,0.03678054,0.1659895,0.1488637,0.2192842,0.2728069,0.02074031,0.02311846,0.009697873,0.01555473,0.4249381,0.3927639,0.4568947,0.4467435,0.1620806,0.1513131,0.1284365,0.1960657,0.1963067,0.2504655,0.1879381,0.1950985,1.183722,1.200678,0.4214709,0.590657,0.03756218,0.01510908,0.9668301,0.04333647
11/25/22 22:00,248,0.2212764,0.2409714,0.20924,0.2434193,0.243613,0.3190993,0.3466483,0.2221706,0.1113433,0.1537757,0.1630327,0.1149975,0.005292099,0.005237579,0.004907013,0.00475006,0.03304568,0.04199908,0.03762167,0.03865385,0.1664292,0.1496492,0.2050422,0.2707704,0.02254282,0.02329579,0.009797152,0.007208489,0.4319953,0.3930355,0.4960085,0.4579555,0.291718,0.1304948,0.1288272,0.2662255,0.2585018,0.2342932,0.1875217,0.189981,1.202929,1.195938,0.4284374,0.5611655,0.02769903,0.01720832,1.023449,0.04481775
11/26/22 2:00,252,0.2271287,0.2451037,0.2113836,0.2478465,0.2536292,0.3041318,0.3341154,0.2135547,0.1132221,0.1597605,0.1745782,0.1216991,0.005641504,0.005442486,0.004856613,0.004822143,0.03613635,0.04750964,0.04059198,0.04173277,0.1637806,0.141539,0.1921962,0.2703985,0.02775744,0.01629474,0.007146723,0.006155381,0.4731795,0.4345495,0.5345093,0.4886673,0.3011236,0.1713923,0.1560932,0.1139777,0.2533052,0.232753,0.1965023,0.2020551,1.257415,1.260628,0.4235553,0.5356566,0.03385716,0.01561472,0.6494887,0.04557993
11/26/22 6:00,256,0.2342765,0.2490413,0.2197526,0.2573533,0.2554664,0.2967528,0.3376264,0.213352,0.1196153,0.170246,0.1819326,0.1309248,0.005567387,0.005527929,0.005228937,0.004581957,0.03952319,0.05093674,0.04344107,0.04550257,0.1538279,0.1317838,0.1940972,0.2695346,0.02076792,0.01348734,0.009182274,0.006004696,0.4375291,0.3792286,0.4990073,0.4939266,0.2413797,0.154286,0.2254427,0.1217079,0.2688141,0.2256487,0.2005457,0.2140829,1.310153,1.277848,0.4370551,0.5838783,0.03815951,0.009613723,1.278338,0.04233513
11/26/22 10:00,260,0.2437983,0.2590586,0.2270746,0.2645898,0.2387952,0.314824,0.3255899,0.200358,0.133077,0.177136,0.1883894,0.1348698,0.005365875,0.005481329,0.005259113,0.005025407,0.04358981,0.05408222,0.04670117,0.04926882,0.1862634,0.1378532,0.1826403,0.2408646,0.02137149,0.01522656,0.01008435,0.007334522,0.4624761,0.3797182,0.4955431,0.4334602,0.1874767,0.1546386,0.2289131,0.1124158,0.2703526,0.241054,0.209998,0.1685397,1.3823,1.279971,0.4347639,0.5426486,0.03239945,0.01002054,1.025433,0.05314103
11/26/22 14:00,264,0.2512385,0.2626528,0.2284732,0.2746986,0.2736953,0.3292058,0.3118054,0.2000801,0.1396003,0.1857319,0.1982985,0.1445183,0.005793051,0.005439592,0.005518661,0.005025016,0.04847147,0.05816428,0.05096851,0.05351721,0.1607146,0.1364374,0.20486,0.2404009,0.02481889,0.01408408,0.006977478,0.008405126,0.5247568,0.4094415,0.5350008,0.4280313,0.1850311,0.1341887,0.1046911,0.1115862,0.2616818,0.2210229,0.2212958,0.2106352,1.418165,1.30425,0.4227902,0.6232676,0.0315562,0.01107144,0.02419843,0.03843197
11/26/22 18:00,268,0.2610418,0.2668643,0.2362578,0.2788401,0.2691818,0.3239859,0.3336447,0.1987344,0.1450921,0.1964898,0.2065015,0.1495532,0.005689329,0.005696808,0.005573439,0.004703599,0.05138259,0.0606613,0.05327848,0.05729851,0.1781901,0.1429431,0.2074016,0.238778,0.02816218,0.02151029,0.007633675,0.007230245,0.48989,0.3990367,0.5038289,0.4389981,0.1878454,0.1335374,0.09654817,0.1140585,0.2385199,0.2121548,0.2075073,0.2088444,1.480349,1.292871,0.4497195,0.7029701,0.03193413,0.00660414,0.02023548,0.03869622
11/26/22 22:00,272,0.2697001,0.2707547,0.2401871,0.2834632,0.2788984,0.3192751,0.2997073,0.2006643,0.1511409,0.2052047,0.2153197,0.153495,0.00569394,0.005491401,0.005663379,0.005012251,0.05631122,0.06442673,0.05679002,0.0617699,0.1611838,0.1409413,0.202642,0.241741,0.02208941,0.02456549,0.009717299,0.008153349,0.4524102,0.4111834,0.4998567,0.4196366,0.1787292,0.1191767,0.106552,0.1086346,0.2291743,0.217838,0.1834457,0.2046066,1.496795,1.264156,0.4438626,0.5325161,0.03188305,0.009651055,0.02748469,0.04277483
11/27/22 2:00,276,0.2762851,0.2732836,0.2423414,0.2901658,0.2859964,0.3131145,0.3034068,0.2044332,0.1553842,0.2067633,0.2204251,0.1566135,0.005958552,0.005697684,0.005406097,0.00546363,0.05947046,0.06822844,0.06024097,0.06599322,0.1632494,0.1379251,0.2076288,0.2397253,0.02160111,0.01602822,0.01118844,0.007950674,0.4852481,0.4333647,0.4682171,0.4331639,0.2052945,0.07300614,0.106403,0.1171313,0.2354417,0.2154994,0.220221,0.1984769,1.466096,1.338225,0.4517174,0.6395671,0.03289354,0.007683601,0.2919063,0.03648209
11/27/22 6:00,280,0.28728,0.2777911,0.244907,0.2968601,0.2917429,0.3327965,0.3079155,0.2121333,0.1585136,0.2117553,0.2238467,0.1594945,0.005981463,0.005984013,0.005591207,0.005852173,0.06374747,0.07122339,0.06320397,0.06985368,0.170943,0.1327899,0.2108146,0.2463093,0.02230516,0.01532719,0.01027529,0.005540804,0.4589565,0.4137627,0.4417889,0.4364,0.2037816,0.05723683,0.1124068,0.1009312,0.228514,0.2202693,0.2282944,0.2105689,1.511985,1.341775,0.4411356,0.7182058,0.02989474,0.007431032,0.02829155,0.01848277
11/27/22 10:00,284,0.2951712,0.2824719,0.2462839,0.2976426,0.3008394,0.3434215,0.30757,0.2132378,0.1627163,0.2147804,0.2281123,0.1609861,0.006394412,0.006163728,0.00569829,0.006126744,0.06645621,0.07359548,0.06688753,0.07352922,0.1808254,0.1309138,0.2120788,0.2398994,0.01947436,0.02565823,0.01148079,0.00615989,0.566972,0.4046958,0.4323436,0.4347174,0.2195453,0.1066453,0.106866,0.0988861,0.2426385,0.23237,0.2205244,0.1990463,1.520208,1.407742,0.5060152,0.7389367,0.02905314,0.00443932,0.2961433,0.01648658
11/27/22 14:00,288,0.2973458,0.2825411,0.2475004,0.3018501,0.2929899,0.3350436,0.3152412,0.200607,0.1727991,0.2161101,0.2303845,0.1630225,0.006318429,0.005977365,0.005762196,0.005686112,0.06829981,0.07570296,0.07149316,0.07802598,0.1961753,0.1236766,0.2136579,0.2415098,0.02224128,0.03191251,0.01111106,0.006432982,0.4266514,0.3781531,0.4283513,0.4277687,0.2146452,0.08319666,0.1094781,0.0966716,0.2263025,0.2286488,0.2287352,0.1966088,1.543184,1.337119,0.4806856,0.643817,0.03466176,0.005423003,0.03497948,0.01710965
11/27/22 18:00,292,0.3023797,0.2791592,0.2443867,0.3025607,0.2821737,0.3379043,0.3320511,0.2053939,0.1758403,0.2147509,0.2324416,0.1636054,0.006016457,0.006058013,0.005713811,0.005884607,0.07135753,0.07966039,0.07506438,0.08083755,0.191964,0.1301307,0.2209458,0.2221385,0.02328656,0.01853188,0.01346486,0.006049347,0.4155333,0.3980019,0.4456849,0.42315,0.2316532,0.07544398,0.1074234,0.1022075,0.2293998,0.2425203,0.2146035,0.1938771,1.601381,1.429231,0.4803827,0.6456035,0.03155693,0.004463574,0.02243496,0.02695813
11/27/22 22:00,296,0.2999585,0.2758505,0.2442516,0.3031636,0.2874217,0.3490846,0.3385167,0.2190878,0.1818975,0.2182887,0.235048,0.1625907,0.006060309,0.00575682,0.006024232,0.006171375,0.07500105,0.08283735,0.07826208,0.08484176,0.1947122,0.1288512,0.1893079,0.2259232,0.02097546,0.02023762,0.01749496,0.005275674,0.3936061,0.39399,0.385484,0.4427063,0.2762282,0.07197161,0.09393922,0.09766499,0.222349,0.2394105,0.2287825,0.1816923,1.731509,1.380429,0.4893025,0.6639774,0.02821683,0.004281694,0.03268579,0.02203084
11/28/22 2:00,300,0.2993521,0.2672585,0.2378333,0.2965727,0.2817684,0.3604812,0.3448204,0.2179987,0.1784225,0.2187183,0.2335221,0.1640404,0.006313307,0.005654901,0.005746918,0.006426285,0.07697113,0.08466572,0.07959163,0.08652726,0.193571,0.1352051,0.1911082,0.2293688,0.0237342,0.02117631,0.02870168,0.006709764,0.3992586,0.3691805,0.4600863,0.4488499,0.3257094,0.07155173,0.09918955,0.1061834,0.2459859,0.2330841,0.2200281,0.2105342,1.696245,1.37626,0.4982271,0.7190485,0.0391237,0.003509502,0.03037531,0.01848637
11/28/22 6:00,304,0.2980936,0.2599061,0.2343982,0.2871879,0.2572348,0.3646238,0.3490079,0.2165552,0.1772843,0.2233037,0.2345153,0.1670294,0.006284054,0.005920568,0.005938857,0.006173624,0.07996441,0.08748628,0.08098996,0.09119804,0.1825925,0.1275308,0.2002388,0.2294324,0.02352816,0.023401,0.03139826,0.005772275,0.3840922,0.3473841,0.4118786,0.4559273,0.352864,0.06961262,0.09723236,0.08947229,0.2297654,0.2247696,0.2192012,0.1986833,1.663653,1.398937,0.4953272,0.67027,0.03211526,0.00291041,1.701778,0.0213339
11/28/22 10:00,308,0.2911983,0.2546949,0.2288745,0.2854438,0.2539368,0.3577345,0.341458,0.2203756,0.181322,0.2201962,0.2327054,0.16573,0.006169081,0.005223046,0.005912598,0.006217333,0.0819751,0.09008746,0.08273985,0.09127892,0.1966331,0.1336617,0.2001626,0.224527,0.03312739,0.02971031,0.04531943,0.00535571,0.3818563,0.3463343,0.4019835,0.4657291,0.3666051,0.07088409,0.08761344,0.09418481,0.2473564,0.2263496,0.2235238,0.1757981,1.398435,1.33148,0.5129504,0.705779,0.03497074,0.002022468,0.8491361,0.02383666
11/28/22 14:00,312,0.2848379,0.2526305,0.2262958,0.2825834,0.2557666,0.3616704,0.3307606,0.2329705,0.1787652,0.219356,0.2325365,0.1706327,0.007105506,0.005302307,0.005886744,0.006638196,0.08501764,0.09257414,0.08488443,0.09392326,0.1509145,0.1244618,0.1907477,0.2427558,0.02616706,0.03298783,0.0690494,0.004473722,0.3537654,0.3809122,0.4438837,0.4561394,0.3806463,0.05200703,0.0858395,0.1013286,0.2085856,0.2577227,0.222937,0.2138976,1.379164,1.345889,0.469082,0.8146024,0.07427051,0.000780499,0.359625,0.03669012
11/28/22 18:00,316,0.2746032,0.2481216,0.222711,0.2660242,0.2412869,0.3841048,0.3861367,0.2214472,0.1827493,0.2212685,0.2239654,0.1688755,0.006842741,0.005970244,0.005823115,0.006737192,0.08313335,0.09420687,0.08764862,0.09448897,0.1742901,0.1181093,0.205858,0.2084871,0.01012228,0.02405293,0.05828634,0.004413569,0.4518018,0.3366154,0.4384376,0.5729702,0.4000437,0.05163999,0.09661807,0.08137792,0.1877714,0.2476459,0.2129357,0.1610192,1.31677,1.264651,0.5253638,0.9037508,0.05830053,0.00052209,0.05124075,0.01978766
11/28/22 22:00,320,0.2686966,0.2417313,0.2191632,0.2614995,0.2570592,0.3649576,0.4279471,0.2064337,0.1865962,0.2193575,0.2287815,0.1662132,0.0068257,0.005964651,0.005951504,0.006545428,0.08343492,0.09296729,0.08780988,0.09634755,0.1839594,0.1289001,0.2138111,0.1922013,0.01831236,0.0280323,0.06068986,0.004031572,0.4004935,0.3483722,0.4336497,0.4674854,0.4083503,0.05189361,0.09369988,0.08415628,0.1667396,0.2506703,0.2126468,0.1349188,1.394384,1.246511,0.5273153,0.9169996,0.09195302,0.000481467,0.406058,0.0135405
11/29/22 2:00,324,0.2617444,0.2357648,0.2125142,0.251054,0.231921,0.386445,0.3955842,0.2132568,0.1875697,0.2195137,0.2300606,0.1664189,0.006514598,0.006010971,0.005829889,0.006196453,0.0824649,0.09251215,0.09139369,0.09940513,0.2138481,0.1246819,0.2221385,0.1726358,0.02701273,0.02542835,0.06279312,0.004461681,0.3822981,0.3270282,0.4261274,0.4647865,0.3997618,0.04800711,0.09550829,0.0807361,0.1673641,0.2497526,0.219441,0.1488648,1.423977,1.216518,0.5257015,0.873268,0.09222354,0.000461887,0.1070248,0.02585675
11/29/22 6:00,328,0.2592086,0.2297299,0.2059534,0.252041,0.2463893,0.3609639,0.3569161,0.2272798,0.1818483,0.2190077,0.2386466,0.1657024,0.006769025,0.00626799,0.005732259,0.005967736,0.08268145,0.09114103,0.08976882,0.0990234,0.2295785,0.1298132,0.2072444,0.189413,0.03386983,0.0237294,0.08055779,0.00546348,0.4582394,0.3379794,0.4684442,0.4247645,0.1991681,0.04373572,0.1090431,0.09339357,0.2171682,0.2454333,0.220808,0.2000296,1.437866,1.40708,0.5151912,0.8609785,0.09615614,0.000590588,0.125476,0.02468739
11/29/22 10:00,332,0.2525673,0.221168,0.2009515,0.250579,0.2412329,0.3597556,0.3601862,0.2310443,0.1830009,0.2136203,0.231259,0.1627202,0.006962186,0.005781196,0.005299563,0.005537546,0.0802839,0.09016761,0.08946232,0.09869193,0.2331183,0.1384004,0.2068239,0.192193,0.02823651,0.028179,0.05896879,0.015286,0.384488,0.328985,0.449051,0.4245397,0.1623436,0.04648156,0.1032085,0.08703635,0.2371647,0.2462036,0.2081384,0.2008162,1.311545,1.222356,0.4957916,0.8234898,0.09242867,0.000624803,0.1218579,0.03835382
11/29/22 14:00,336,0.2485383,0.2178364,0.2013989,0.2360989,0.2404572,0.3755944,0.3741192,0.2258166,0.1822465,0.2085339,0.2239939,0.1544519,0.006321087,0.005591995,0.005435399,0.006181437,0.07725339,0.09017905,0.08809505,0.09916779,0.2044095,0.1139065,0.2137197,0.1634934,0.03440899,0.01628001,0.02163706,0.004861353,0.3658187,0.3228607,0.3797182,0.4969331,0.2779959,0.0319498,0.0959341,0.08139175,0.1765877,0.2510027,0.2072317,0.1305362,1.32847,1.136206,0.5248027,0.8387905,0.1925782,0.000476858,0.115609,0.04899087
11/29/22 18:00,340,0.2596539,0.2225172,0.2027989,0.245077,0.2481908,0.3672943,0.3444396,0.2280819,0.1979235,0.2119587,0.2273877,0.1601546,0.0072445,0.005945388,0.005379182,0.006511596,0.08173198,0.09117594,0.08890685,0.1014931,0.2475313,0.1055285,0.198422,0.1781685,0.07374221,0.01889446,0.0211011,0.004429164,0.3926744,0.3310119,0.399029,0.4905866,0.2040066,0.04316436,0.09290402,0.07330018,0.2039096,0.2686447,0.2194085,0.2068099,1.558472,1.180504,0.5523665,0.7924813,0.1535759,0.000978378,0.09740982,0.08133768
11/29/22 22:00,344,0.2054105,0.1948737,0.1811326,0.206974,0.1506469,0.3142087,0.2897622,0.2326503,0.166082,0.1782596,0.1968405,0.1403661,0.007467234,0.007075073,0.006769136,0.007488885,0.07205774,0.08552927,0.08315074,0.09870239,0.2160339,0.1027444,0.2101628,0.2301913,0.0128638,0.009330703,0.01635917,0.006520386,0.3606302,0.3197334,0.3919377,0.3948469,0.2860077,0.02573765,0.1318056,0.1094885,0.172569,0.2533323,0.1676073,0.2076111,1.138398,1.164011,0.4867713,0.948404,0.09652703,0.000190249,0.1058713,0.04649046
11/30/22 2:00,348,0.2274047,0.2075786,0.1948768,0.2247963,0.1496941,0.31275,0.2627224,0.2318768,0.1856211,0.1957958,0.2099386,0.1614893,0.009999448,0.008947256,0.008179207,0.008787925,0.07589762,0.09188766,0.08888908,0.1105857,0.2201599,0.1123053,0.2188613,0.2415769,0.01414959,0.007622425,0.0209248,0.006453115,0.3365547,0.3230149,0.3836995,0.4231295,0.2883273,0.03160124,0.1386638,0.1204585,0.2195059,0.2577823,0.1944909,0.1995193,1.138109,1.128963,0.5570222,0.8914662,0.1031863,0.000184883,0.2000634,0.08910892
11/30/22 6:00,352,0.2488296,0.2266493,0.2086936,0.2472364,0.141662,0.3013496,0.3029284,0.2374344,0.2211636,0.2203144,0.229998,0.1846412,0.01437861,0.01344999,0.0114428,0.01199263,0.08947949,0.1049378,0.1015168,0.1271164,0.2469623,0.1241108,0.2293185,0.2470238,0.08188673,0.008853475,0.02147219,0.006163902,0.2888899,0.3335219,0.3625776,0.3508357,0.1131681,0.02390485,0.1361594,0.1373167,0.2243741,0.2666267,0.1830235,0.1955643,1.270787,1.272561,0.5299144,0.7809535,0.198812,0.000185544,0.1398483,0.08200473
11/30/22 10:00,356,0.2613418,0.2327209,0.2178306,0.2662071,0.1373338,0.3126946,0.3003489,0.24189,0.2436114,0.2419955,0.2507021,0.1898719,0.01964815,0.01950288,0.01686422,0.01822408,0.09514844,0.1134301,0.1094105,0.1361257,0.2523606,0.1200222,0.21711,0.2438807,0.1016799,0.01082722,0.02024869,0.005270195,0.3358206,0.3291966,0.3646069,0.3562872,0.07889546,0.03209161,0.1512341,0.1476716,0.2211136,0.279571,0.1801642,0.2085683,1.07577,1.176724,0.501191,0.7904447,0.128828,0.000179962,0.1130797,0.05597731
11/30/22 14:00,360,0.2619307,0.2399165,0.2240303,0.2750691,0.1427203,0.3046042,0.2985227,0.2295922,0.2396564,0.247645,0.2577634,0.1906252,0.02595409,0.02713595,0.0229789,0.02479634,0.09797692,0.1187078,0.1128125,0.1438264,0.2298227,0.1187723,0.2122592,0.2294161,0.02704871,0.01039993,0.02256274,0.005916385,0.3167064,0.2953797,0.3777996,0.3376306,0.09217814,0.03004831,0.1754847,0.1651159,0.1862049,0.2897258,0.1887242,0.2407693,1.130563,1.173407,0.4921094,0.729556,0.1642248,0.000250573,0.1531348,0.06920468
11/30/22 18:00,364,0.2604008,0.2418973,0.2225577,0.2729422,0.1503709,0.2940405,0.3071941,0.2219088,0.2298698,0.242828,0.2577771,0.1932274,0.03361624,0.0333809,0.03165247,0.03379076,0.09730294,0.1221133,0.1175444,0.1458301,0.2225266,0.1238006,0.2049408,0.2252782,0.01039667,0.009396283,0.0168581,0.00604764,0.33558,0.2909238,0.3714862,0.3207389,0.110191,0.02641595,0.1804111,0.1623834,0.1591102,0.2984369,0.1897583,0.2108442,1.066354,1.152426,0.5394842,0.7465317,0.1376653,0.000261308,0.2760726,0.07457069
11/30/22 22:00,368,0.2537544,0.2437618,0.2276964,0.2791571,0.152104,0.2896888,0.3083272,0.2139368,0.2162341,0.2446356,0.2638296,0.1956446,0.04211453,0.03976363,0.03800647,0.04334891,0.09904795,0.1300556,0.1245549,0.1521169,0.2179023,0.118977,0.2284539,0.1908771,0.008009434,0.009674502,0.01910407,0.005338951,0.351673,0.2974079,0.36081,0.3164837,0.11968,0.0247206,0.1701351,0.1819017,0.2013365,0.2878555,0.192309,0.2268545,0.9913688,1.140687,0.548332,0.7706665,0.1549511,0.000257489,0.2894212,0.07010752
12/1/22 2:00,372,0.2502926,0.2468253,0.2365684,0.2832144,0.1469277,0.2956497,0.3048084,0.2250279,0.2018637,0.2463332,0.2578583,0.1955746,0.04832805,0.0442695,0.04327463,0.05300775,0.1061411,0.136634,0.1281076,0.1578127,0.2092528,0.1104603,0.2086249,0.1841518,0.01191024,0.0110159,0.02041902,0.00695231,0.2894276,0.2969134,0.3508497,0.3149381,0.1491468,0.01892691,0.210953,0.159849,0.1603578,0.317123,0.186241,0.216093,0.9714672,1.117645,0.5493334,0.6999093,0.1221267,0.000257168,0.233684,0.05527379
12/1/22 6:00,376,0.2550238,0.2468019,0.2369163,0.2827295,0.1499106,0.2929323,0.2975248,0.2211924,0.1861522,0.2481118,0.2565655,0.1875454,0.05616827,0.05033827,0.04858673,0.05977152,0.1102285,0.141356,0.1316311,0.1601871,0.2178084,0.1067267,0.1969111,0.2023144,0.009372765,0.009733129,0.01820058,0.004401207,0.3213896,0.2895498,0.3660085,0.342622,0.1235975,0.03262331,0.2053434,0.1710302,0.1441933,0.3174272,0.1983016,0.206105,0.9179035,1.129965,0.4854747,0.6667145,0.1701417,0.000248275,0.619552,0.05430624
12/1/22 10:00,380,0.2563425,0.2565732,0.2422509,0.2850536,0.1547738,0.2881984,0.3003165,0.2340424,0.1757859,0.252387,0.2575955,0.191727,0.06282061,0.05541551,0.05215774,0.06445667,0.1174651,0.1430131,0.132618,0.1641346,0.254805,0.1147713,0.1854905,0.215246,0.01271356,0.0111316,0.02155696,0.003935939,0.3746578,0.3032426,0.3357684,0.3874221,0.12083,0.03047287,0.2289977,0.1850523,0.1737915,0.3309374,0.1999728,0.2126095,0.8397135,1.061323,0.4909998,0.6601204,0.09407941,0.000260194,0.2711239,0.06737738
12/1/22 14:00,384,0.259151,0.2572128,0.2406001,0.2921574,0.2334341,0.2935562,0.2944338,0.226107,0.1784908,0.2637712,0.2704026,0.1987837,0.06757949,0.06097091,0.05658527,0.06980295,0.1232881,0.1475576,0.1401923,0.1673767,0.2638145,0.1001756,0.1878034,0.1662914,0.01036832,0.0101941,0.02070283,0.004531414,0.3268264,0.3043633,0.3358586,0.3688231,0.1308015,0.04554285,0.1899096,0.1891929,0.1820557,0.3343642,0.1974604,0.1930055,0.8357424,0.9898803,0.4042224,0.6261699,0.1030321,0.000255075,0.3974873,0.03452844
12/1/22 18:00,388,0.2667288,0.2632359,0.2475205,0.2976217,0.1982046,0.2824925,0.3211036,0.228939,0.1814158,0.2760597,0.2761752,0.2050554,0.07352591,0.06451673,0.06168748,0.07545508,0.1337135,0.1548109,0.1442624,0.1719732,0.1742938,0.1052656,0.1868378,0.1475566,0.01545043,0.009009507,0.02182925,0.00759859,0.5164142,0.2922416,0.2755286,0.3218885,0.1235707,0.04235035,0.2086204,0.194746,0.1909639,0.3160201,0.1980315,0.1206594,0.770448,1.066064,0.4886543,0.5776649,0.074678,0.000267955,0.4189245,0.03494512
12/1/22 22:00,392,0.272376,0.2695677,0.249915,0.3042046,0.1468848,0.2956021,0.2937599,0.2071166,0.1933163,0.2889108,0.2843002,0.2146466,0.08037432,0.06905073,0.06514803,0.08031526,0.1393363,0.1654987,0.1500392,0.1805709,0.1712745,0.1069822,0.1922328,0.1313174,0.01423173,0.009695213,0.02364742,0.005154401,0.2966918,0.3132715,0.2623036,0.2925345,0.1198544,0.04121298,0.1589256,0.195182,0.1530568,0.3151903,0.19958,0.1205181,0.781566,1.027289,0.4881704,0.5282497,0.06057525,0.000255439,0.2500277,0.028544
12/2/22 2:00,396,0.2818896,0.2804936,0.2565689,0.3167075,0.1467076,0.3056374,0.300007,0.2165821,0.203216,0.2976682,0.2961869,0.221177,0.08830949,0.07172895,0.07017719,0.0865517,0.1481921,0.1757306,0.1486989,0.1830395,0.1575577,0.08788224,0.155799,0.1207471,0.01688461,0.01043733,0.02840325,0.005323389,0.3146436,0.2654496,0.3639428,0.3146759,0.1347766,0.04703785,0.1568321,0.2073718,0.1310708,0.3345119,0.1891976,0.1143267,0.7352177,1.061185,0.4973536,0.5323638,0.07184722,0.000239719,0.3122979,0.03140533
12/2/22 6:00,400,0.2956276,0.2858501,0.2608992,0.3278618,0.1515988,0.2738172,0.2830814,0.2322555,0.2141744,0.3074846,0.3045444,0.2308371,0.09313055,0.07516593,0.07404192,0.08972017,0.1545626,0.1830083,0.1510026,0.1781759,0.1553029,0.09835504,0.151601,0.1292406,0.04514964,0.007987247,0.01932952,0.005141199,0.2954865,0.2693929,0.3443296,0.3176527,0.1572769,0.04467301,0.1279285,0.221523,0.1571557,0.3049059,0.1702361,0.1505073,0.7980553,1.091998,0.4701544,0.5403385,0.03994255,0.000236731,0.4108532,0.03273373
12/2/22 10:00,404,0.3002011,0.2908667,0.2655171,0.3356064,0.1650702,0.2630146,0.2758252,0.2321133,0.2234393,0.3138247,0.3176059,0.2392166,0.09930828,0.07816496,0.07614002,0.09257095,0.1562981,0.1876977,0.1524049,0.1821789,0.1541473,0.1072014,0.1707388,0.1185247,0.03885266,0.01034318,0.0206505,0.005727564,0.2428837,0.2660755,0.3449441,0.3362623,0.1109745,0.05733893,0.1620543,0.2342981,0.1636303,0.3005945,0.180709,0.1519594,0.8300012,1.047415,0.517794,0.4849502,0.03103694,0.000258599,0.4743198,0.0336942
12/2/22 14:00,408,0.3015901,0.2942042,0.2689203,0.3436606,0.1583898,0.2652425,0.2739662,0.2228041,0.2298775,0.3244319,0.3318627,0.2487486,0.1069138,0.08177625,0.08145736,0.09842812,0.1585141,0.1948003,0.1556779,0.1849397,0.1708358,0.09702726,0.1557743,0.1085481,0.04517988,0.01065726,0.01821881,0.004656131,0.2782086,0.2979021,0.3357851,0.3116225,0.1169832,0.06703562,0.1629977,0.2432023,0.1417018,0.2993194,0.1619326,0.1520938,0.8511963,1.037285,0.5118352,0.4953113,0.02061518,0.000238357,0.5021862,0.1047617
12/2/22 18:00,412,0.2723756,0.2820417,0.2638718,0.3104722,0.2162686,0.4134234,0.374401,0.2516709,0.2062175,0.3066803,0.3217319,0.2407604,0.1090434,0.08446263,0.0889442,0.1015657,0.1644996,0.1987823,0.2123778,0.2466969,0.2130533,0.08365624,0.1899171,0.1090717,0.0347903,0.003799014,0.02995316,0.003967162,0.2538596,0.2093761,0.3924679,0.3560004,0.6132008,0.01845949,0.1270252,0.214801,0.1117326,0.3042332,0.1581707,0.09631961,0.6386587,1.111829,0.6712646,0.866792,0.01467245,0.000126184,0.672507,0.672507
12/2/22 22:00,416,0.28576,0.2879944,0.2686556,0.3201308,0.2755858,0.3553315,0.3603773,0.2524943,0.2265272,0.3184799,0.341242,0.2566893,0.1226287,0.09748671,0.1016125,0.1213381,0.1678867,0.2042191,0.228644,0.2683385,0.1573187,0.09509458,0.1894503,0.09283611,0.01128407,0.005306918,0.02565235,0.004059383,0.197615,0.2424194,0.4120497,0.4286602,0.6928269,0.02934447,0.1299028,0.2038433,0.1240914,0.3046716,0.176201,0.1120556,0.7520593,0.9751808,0.809532,0.7563788,0.01130227,0.000131963,0.2067559,0.02114094
12/3/22 2:00,420,0.3259028,0.3142208,0.2860637,0.3508329,0.2400563,0.366519,0.3423118,0.2629992,0.2690754,0.3529592,0.3570896,0.2816409,0.1607889,0.1356242,0.1334103,0.161967,0.1838328,0.2121543,0.232999,0.2734989,0.1435231,0.1010604,0.1868796,0.1021057,0.01472569,0.009709181,0.02761578,0.002698057,0.2193494,0.2758825,0.4453582,0.4502166,0.1005856,0.03218667,0.2012188,0.2079765,0.1069367,0.3514262,0.1812885,0.1174221,0.9266899,1.081931,0.6855078,0.6929275,0.01078147,0.000137253,1.1019,0.07450835
12/3/22 6:00,424,0.348771,0.3155318,0.2900217,0.3782694,0.2299749,0.3360991,0.330185,0.2740038,0.2994449,0.3917906,0.385612,0.3068606,0.1831105,0.1617367,0.1596819,0.1873897,0.1888726,0.211741,0.2195054,0.2599898,0.1199145,0.09241188,0.1779196,0.10134,0.02710754,0.007320883,0.02091367,0.004636076,0.2385292,0.2974941,0.421119,0.3505532,0.6786264,0.05488909,0.1821654,0.2734219,0.1174678,0.2974048,0.1735349,0.1107091,0.9756309,0.9519719,0.6645516,0.6841795,0.006984981,0.000138027,0.4840252,0.4840252
12/3/22 10:00,428,0.3474677,0.3134947,0.2916185,0.3773533,0.2203388,0.3189787,0.3064282,0.2860571,0.3074824,0.403973,0.3949398,0.3148227,0.1912886,0.1704811,0.1721646,0.193877,0.1888748,0.2075446,0.2127128,0.2525253,0.1396755,0.09061223,0.1830969,0.0939867,0.03154218,0.01486548,0.02180985,0.002691694,0.2226285,0.3276401,0.4414201,0.3244238,0.7067519,0.03976224,0.1911706,0.2547948,0.1370825,0.2858095,0.1711395,0.09359137,0.8510944,0.90075,0.7872723,0.7307059,0.004280329,0.000136884,0.000136884,0.000136884
12/3/22 14:00,432,0.3429502,0.3185019,0.2992181,0.3790946,0.2308238,0.3037832,0.2972715,0.2679266,0.297923,0.4103709,0.3908071,0.3088904,0.193781,0.1756698,0.1771673,0.1892131,0.1968445,0.2126229,0.2153304,0.2540469,0.1277065,0.08004126,0.1580518,0.09034735,0.0584262,0.01510833,0.02516518,0.003110951,0.1896005,0.2893324,0.4208427,0.3826094,0.5887665,0.03374372,0.1850649,0.1622783,0.118063,0.2763405,0.172654,0.1032926,0.8193868,0.8712947,0.5714036,0.6841016,0.004053632,0.000134575,0.000134575,0.000134575
12/3/22 18:00,436,0.3447609,0.3256102,0.3027836,0.3968067,0.2982121,0.270841,0.3076127,0.2674104,0.2917861,0.4087239,0.3949139,0.3089355,0.1947922,0.1798093,0.1767359,0.1895486,0.1986589,0.2157387,0.2140858,0.2527625,0.1174073,0.07276396,0.1521742,0.08881008,0.0897368,0.01810259,0.02393155,0.0037925,0.2334019,0.2866072,0.4344057,0.3724456,0.1335806,0.03133523,0.1565597,0.2390022,0.1332507,0.2577575,0.1556909,0.1134639,0.7836425,0.9204471,0.534331,0.7147246,0.003449432,0.000124893,0.000124893,0.000124893
12/3/22 22:00,440,0.35748,0.3443417,0.3117592,0.4086927,0.2504002,0.2797286,0.2688115,0.2650291,0.292764,0.4088734,0.3881047,0.3115537,0.2062075,0.1876472,0.1848356,0.1936827,0.2111218,0.2267077,0.2100399,0.2456072,0.1209252,0.06515685,0.1565672,0.07910382,0.09536038,0.03842226,0.02699014,0.003328014,0.2323433,0.2929813,0.4488524,0.3485447,0.09467708,0.03610391,0.1814208,0.2685429,0.1237195,0.2591728,0.149299,0.1291632,0.809845,0.7989022,0.5336426,0.6406233,0.002359882,0.000136249,0.000136249,0.000136249
12/4/22 2:00,444,0.3766477,0.3462521,0.3107856,0.4191806,0.2176907,0.267483,0.256898,0.2550824,0.3027527,0.4095272,0.3923716,0.3155271,0.2187016,0.1972599,0.1960609,0.2035066,0.2232285,0.2291032,0.2055723,0.2451123,0.1291358,0.06034065,0.1581764,0.0684341,0.1074513,0.02825851,0.01910796,0.003185068,0.2333876,0.2813063,0.5520334,0.441967,0.08416165,0.04441929,0.1815185,0.1722431,0.1141466,0.2402911,0.1314591,0.1110976,0.67418,0.7749929,0.5145907,0.7092569,0.002426315,0.000121351,0.000121351,0.000121351
12/4/22 6:00,448,0.3810505,0.3391066,0.3029571,0.4149525,0.2179312,0.2530532,0.2402739,0.2542202,0.3109082,0.4081898,0.3982702,0.3174043,0.2280545,0.2133148,0.2097707,0.2094747,0.2225175,0.222439,0.2040162,0.2408923,0.1200517,0.06696896,0.1469946,0.06220736,0.06543098,0.02186227,0.0181375,0.002500439,0.2153479,0.2799431,0.3759463,0.3663111,0.08266906,0.03135557,0.160221,0.2382792,0.1256181,0.2331986,0.1238435,0.1077385,0.8034065,0.8065292,0.5084438,0.5894038,0.002124917,0.000138191,0.000138191,0.000138191
12/4/22 10:00,452,0.3816207,0.3315451,0.297597,0.4032776,0.1795453,0.2437674,0.2364225,0.2519733,0.3216766,0.4011313,0.4056979,0.3162343,0.2421697,0.2100815,0.2045402,0.2160114,0.2175207,0.217819,0.1984048,0.2349082,0.09449694,0.07525114,0.1324501,0.05534864,0.064321,0.03464546,0.02065101,0.002265932,0.1907294,0.2369132,0.3468139,0.4311955,0.1000757,0.04207183,0.1497016,0.2455959,0.1401302,0.1983573,0.1225575,0.08819148,1.00562,0.7825531,0.4392185,0.553547,0.001680959,0.000132492,0.000132492,0.000132492
12/4/22 14:00,456,0.3827438,0.324863,0.2969458,0.3926094,0.1468115,0.2355007,0.2270212,0.2491022,0.3267165,0.4010361,0.4055661,0.3178991,0.2501389,0.2076805,0.2022271,0.2244832,0.211814,0.2154164,0.1945392,0.2295451,0.08055156,0.06287643,0.1203946,0.0484879,0.08983309,0.02852162,0.01833328,0.003002339,0.1427841,0.1993981,0.2738917,0.4515096,0.1188683,0.06353919,0.1500322,0.1663528,0.1478404,0.1962731,0.1098207,0.08207574,1.022004,0.819908,0.5245805,0.5001492,0.001477924,0.000129106,0.000129106,0.000129106
12/4/22 18:00,460,0.389763,0.3145729,0.2938301,0.3873505,0.140487,0.253273,0.2259587,0.2554485,0.3311556,0.4046577,0.4029182,0.3171755,0.2465401,0.2026725,0.2017544,0.2292106,0.2121276,0.2146644,0.1925589,0.2223021,0.08724818,0.05405065,0.1133807,0.04107965,0.04208678,0.027372,0.01537919,0.004375517,0.1870615,0.1373582,0.2312986,0.3435243,0.1171704,0.05203836,0.1345418,0.1454669,0.1186785,0.1907305,0.1036327,0.08817845,0.7881382,0.7130399,0.5293526,0.4748076,0.001111934,0.000135078,0.000135078,0.000135078
12/4/22 22:00,464,0.4099171,0.3291019,0.2980361,0.3924561,0.1241338,0.2362042,0.2121372,0.2341516,0.342977,0.3988126,0.4000236,0.3142937,0.2462176,0.2132786,0.2034398,0.2303327,0.213626,0.2134697,0.1916261,0.2218055,0.08221316,0.03856886,0.112978,0.0377426,0.03956105,0.03329095,0.01415081,0.004102762,0.1741908,0.1310112,0.270215,0.3794504,0.1048234,0.05486652,0.1700101,0.156625,0.1092221,0.1666887,0.1054902,0.08731221,0.7240086,0.645483,0.4039072,0.4783558,0.00099803,0.000134848,0.000134848,0.000134848
12/5/22 2:00,468,0.431281,0.3396433,0.3135525,0.4192086,0.1332784,0.2226122,0.2198073,0.2327536,0.3460998,0.4066893,0.4006548,0.3105769,0.2481018,0.2334331,0.2064309,0.2343156,0.228597,0.2146394,0.191827,0.2141985,0.08046289,0.03581716,0.109545,0.03717707,0.07270014,0.02397282,0.01284485,0.002208613,0.2046424,0.1375586,0.2743383,0.3406012,0.08055283,0.04382208,0.1373239,0.1559808,0.1026699,0.1513515,0.1027276,0.09258668,0.8038064,0.6248577,0.3721591,0.4623145,0.000909951,0.000134591,0.000134591,0.000134591
12/5/22 6:00,472,0.4359692,0.3688126,0.3389514,0.4525446,0.1182164,0.2149638,0.2017513,0.2373358,0.3451259,0.4241757,0.4024391,0.310757,0.2520263,0.2608787,0.2185945,0.2408032,0.2436846,0.2253698,0.1885458,0.2095194,0.07880005,0.03449931,0.102532,0.03612412,0.05202924,0.02996495,0.01291571,0.006140092,0.1718,0.1312982,0.2473424,0.2798231,0.08361869,0.03733596,0.1011646,0.1574441,0.08888829,0.1456457,0.1030473,0.09392671,0.6583827,0.6602433,0.4067604,0.5353025,0.000697732,0.000157977,0.000157977,0.000157977
12/5/22 10:00,476,0.4333566,0.399659,0.3616434,0.4871838,0.112601,0.202991,0.1938075,0.248276,0.3452123,0.4233491,0.4063825,0.3057557,0.2541763,0.2823452,0.2429801,0.2412572,0.2553187,0.2493382,0.1865999,0.2077833,0.08707139,0.03442257,0.1010836,0.02917399,0.05642403,0.02945991,0.01476103,0.001975866,0.1997348,0.1319521,0.2061327,0.2684524,0.07745225,0.03551465,0.09629778,0.1215972,0.1048731,0.1256292,0.09701369,0.08532851,0.5549511,0.7080686,0.3776329,0.4575616,0.00065916,0.000138111,0.000138111,0.000138111
12/5/22 14:00,480,0.4341773,0.4296392,0.3849056,0.5050465,0.1049615,0.202734,0.1949232,0.2350737,0.3400664,0.4197632,0.407282,0.307425,0.2560243,0.2970699,0.2724906,0.2442674,0.2687468,0.2745095,0.1854713,0.2065789,0.07695629,0.0330242,0.09716259,0.02934323,0.03130824,0.03512197,0.01525422,0.001539035,0.1617377,0.1121996,0.1727906,0.2736884,0.07499242,0.03331542,0.08120033,0.1356715,0.1043234,0.108035,0.08711962,0.08610275,0.5521629,0.6684044,0.3299047,0.475068,0.000570838,0.000135898,0.000135898,0.000135898
12/5/22 18:00,484,0.4250441,0.4493928,0.405368,0.5223577,0.08915065,0.1872596,0.1985663,0.2328835,0.3352014,0.4167074,0.4062076,0.3080477,0.2549352,0.2990745,0.3049366,0.2458369,0.2834003,0.3021187,0.1899186,0.206754,0.1010065,0.0324421,0.09674646,0.0259889,0.04218614,0.04309337,0.01583985,0.003483779,0.1641607,0.1112064,0.1636115,0.3364998,0.06700213,0.03248562,0.1041926,0.118829,0.09156395,0.09861974,0.09092499,0.08017202,0.406709,0.5342401,0.308921,0.4240607,0.000553663,0.000133606,0.000133606,0.000133606
12/5/22 22:00,488,0.4198224,0.4593543,0.4140312,0.5286028,0.09080406,0.194114,0.1988103,0.2101627,0.3272061,0.4123924,0.4105446,0.3141529,0.2505107,0.2994114,0.3292418,0.2481609,0.2894997,0.3280445,0.1981215,0.2194002,0.07999906,0.03447753,0.104737,0.02562241,0.05228976,0.05087816,0.01650117,0.003446646,0.2494936,0.1041727,0.1724971,0.2739266,0.06168957,0.02749723,0.100772,0.1004336,0.09009632,0.09670271,0.1003866,0.08349525,0.4115584,0.526967,0.3314692,0.4312419,0.000504592,0.000137755,0.000137755,0.000137755
12/6/22 2:00,492,0.41023,0.4646814,0.4247466,0.5280788,0.06528369,0.1970391,0.1985504,0.2120773,0.3200852,0.4051272,0.4295419,0.33692,0.2484417,0.2957398,0.3416572,0.2467854,0.3005015,0.3451704,0.2152055,0.2382087,0.07014395,0.03317732,0.1097702,0.0254531,0.04660213,0.0411668,0.01478159,0.001708323,0.1098656,0.08257413,0.1667974,0.1902451,0.0669893,0.02140702,0.1162525,0.1121635,0.09553924,0.1037754,0.08690188,0.09101719,0.4620425,0.4977808,0.3337453,0.3885016,0.000533115,0.000140984,0.000140984,0.000140984
12/6/22 6:00,496,0.4012643,0.4603452,0.4275878,0.5206861,0.06736355,0.1973574,0.193896,0.2237095,0.3140031,0.3973762,0.4549162,0.3656744,0.2428358,0.294393,0.3468935,0.2403061,0.3023349,0.3590506,0.2296454,0.2581076,0.06761206,0.03579775,0.1139701,0.02672522,0.0501466,0.02834755,0.01354267,0.003435984,0.1158498,0.08387318,0.1490264,0.1725126,0.06190841,0.0225711,0.06885529,0.1163828,0.08659753,0.09047505,0.09083931,0.07868788,0.4357208,0.4672334,0.3255416,0.38956,0.000492631,0.000136212,0.000136212,0.000136212
12/6/22 10:00,500,0.3967895,0.4663174,0.4301933,0.5187697,0.05798955,0.2110551,0.2144773,0.202149,0.3046508,0.3892827,0.4677858,0.3804494,0.2426594,0.2861368,0.3461555,0.2366144,0.3039257,0.3609301,0.2471795,0.277671,0.06486279,0.03790298,0.1162443,0.02630804,0.08739527,0.03769822,0.01707744,0.005170691,0.0981421,0.08125734,0.1355686,0.159373,0.05623795,0.02220562,0.07956705,0.09651335,0.07189374,0.09152954,0.07358329,0.06697231,0.3903075,0.5091496,0.3168994,0.2694213,0.000483993,0.000127942,0.000127942,0.000127942
12/6/22 14:00,504,0.3827506,0.457375,0.4227199,0.5104259,0.05683442,0.1898058,0.2062839,0.2139182,0.2993846,0.3783672,0.4751609,0.3890277,0.235832,0.2808284,0.3419472,0.2349257,0.3007042,0.3593358,0.2690375,0.3084375,0.0759038,0.03840863,0.1208513,0.02920102,0.09484541,0.0399369,0.01786118,0.003873217,0.1128186,0.07030325,0.118459,0.16797,0.05321303,0.02667596,0.1074051,0.1172208,0.07669112,0.07972906,0.08801912,0.07073781,0.3222772,0.4434553,0.2704371,0.2882454,0.000463174,0.00013921,0.00013921,0.00013921
12/6/22 18:00,508,0.3193559,0.3777235,0.3743553,0.4030138,0.05163713,0.1833735,0.1616925,0.2101593,0.250433,0.3560044,0.4176949,0.3668085,0.2100478,0.2440983,0.312029,0.2180686,0.2715912,0.3124602,0.3286123,0.3289545,0.0392443,0.03515112,0.1120661,0.03002016,0.02907726,0.03938925,0.01505061,0.003061268,0.07141797,0.05865244,0.07067796,0.1330139,0.0697147,0.02848428,0.08435471,0.1307727,0.05945261,0.0546106,0.06941772,0.03765414,0.2509733,0.3434721,0.247256,0.2331988,0.000685287,8.03E-05,8.03E-05,8.03E-05
12/6/22 22:00,512,0.3354704,0.3909328,0.3837089,0.4201982,0.06973915,0.2152164,0.1781009,0.2108419,0.2679713,0.3647121,0.4236766,0.3760674,0.2220576,0.2548285,0.3264807,0.2258247,0.2811236,0.3301477,0.3486826,0.353147,0.05571892,0.04114641,0.1236602,0.03419624,0.100471,0.05598419,0.01974928,0.003921644,0.0948029,0.08855971,0.102567,0.15228,0.05910283,0.04058972,0.1501423,0.3038557,0.07160429,0.07734404,0.08952941,0.06139587,0.3634989,0.3661553,0.2526726,0.2881143,0.000662863,7.12E-05,7.12E-05,7.12E-05
12/7/22 2:00,516,0.3633283,0.4060214,0.3821402,0.4490468,0.07744524,0.2320319,0.2088169,0.2080222,0.2955804,0.3892332,0.4412536,0.3825864,0.2416254,0.2715491,0.3379838,0.2415714,0.2860851,0.3356331,0.3453954,0.3610561,0.06562407,0.05617239,0.1502357,0.05196756,0.1150402,0.06624337,0.02834049,0.005776751,0.09208693,0.08753964,0.1055537,0.1561605,0.03372469,0.0576088,0.09739234,0.2405782,0.08440014,0.09071137,0.09578846,0.07054259,0.317586,0.4060439,0.2604553,0.2360445,0.000605123,7.35E-05,7.35E-05,7.35E-05
12/7/22 6:00,520,0.3615972,0.3947947,0.3692892,0.4404502,0.07821895,0.2198741,0.2008886,0.2219039,0.3063643,0.3861976,0.4397839,0.3750468,0.2431639,0.2702724,0.3353308,0.2446051,0.2784236,0.3254846,0.3324803,0.3546144,0.07646348,0.06479546,0.1838528,0.06582343,0.1128066,0.06540227,0.03202261,0.005718112,0.07097089,0.09132214,0.09482244,0.1476936,0.05674598,0.06792173,0.07260083,0.2198993,0.09267353,0.09857191,0.09604076,0.07258261,0.2715106,0.4744699,0.2545699,0.2675228,0.000550821,8.40E-05,8.40E-05,8.40E-05
12/7/22 10:00,524,0.3556002,0.3843616,0.3627556,0.4295078,0.07599698,0.2157025,0.1872994,0.199875,0.2973022,0.3781143,0.4257675,0.3647449,0.2399198,0.2648718,0.3297468,0.2399724,0.2783999,0.3212538,0.3290627,0.3474763,0.07327574,0.06178996,0.1743305,0.06591067,0.08567935,0.06014436,0.03349846,0.006350316,0.07860877,0.08378053,0.08019134,0.1335533,0.0914445,0.06734459,0.07049406,0.131809,0.1007951,0.08074638,0.0722544,0.06539331,0.2396268,0.393686,0.2814249,0.2059852,0.000552901,7.07E-05,7.07E-05,7.07E-05
12/7/22 14:00,528,0.351956,0.381967,0.362779,0.4296563,0.07074606,0.2132885,0.2008407,0.2018014,0.2916932,0.3713918,0.4150581,0.3619943,0.2417581,0.2607278,0.3228819,0.2391098,0.2762375,0.3163063,0.3197738,0.3475001,0.06943619,0.05803205,0.1689236,0.06625775,0.1078803,0.06195357,0.0321967,0.006715019,0.08481634,0.0803366,0.07753014,0.1653093,0.124391,0.06521719,0.07032751,0.1443546,0.1003399,0.08501337,0.06770764,0.05766277,0.2147024,0.4234034,0.2273699,0.2057912,0.000569427,6.85E-05,6.85E-05,6.85E-05
12/7/22 18:00,532,0.3519365,0.3823572,0.3570672,0.4286639,0.07041541,0.1899012,0.1860493,0.1818113,0.2943355,0.3723389,0.4107464,0.3610874,0.2411398,0.265471,0.3259147,0.2385779,0.2715468,0.3094868,0.3208472,0.3467728,0.07910237,0.0534711,0.1650426,0.06762844,0.1145061,0.06111681,0.03442887,0.01321321,0.07893205,0.07376639,0.07634976,0.1434011,0.08255143,0.07224914,0.07329972,0.1642333,0.08470851,0.07946788,0.06882831,0.04856934,0.2099158,0.3807684,0.2171809,0.2120215,0.00053758,7.18E-05,7.18E-05,7.18E-05
12/7/22 22:00,536,0.3633472,0.3809802,0.3471316,0.4217583,0.06788012,0.184057,0.1797725,0.180556,0.3093194,0.3780698,0.4156112,0.3591813,0.2419687,0.2681563,0.3262603,0.2443626,0.2665669,0.3058974,0.3131309,0.3403814,0.08291864,0.05520692,0.1681766,0.06976662,0.1401208,0.06286151,0.03560292,0.0164507,0.07852144,0.08098758,0.07009872,0.1702463,0.06720839,0.07267459,0.06468748,0.1196686,0.07696114,0.0707278,0.07708488,0.04924379,0.2003622,0.5085282,0.1898338,0.2320451,0.000560869,7.09E-05,7.09E-05,7.09E-05
12/8/22 2:00,540,0.3707279,0.3668138,0.3436347,0.4137083,0.06740472,0.1802066,0.1666441,0.1853003,0.3311389,0.3829531,0.405773,0.3515054,0.2498842,0.2723595,0.3320633,0.2479342,0.2585708,0.2946099,0.2987468,0.3283052,0.09240936,0.05230657,0.1709134,0.07070195,0.1357508,0.05535989,0.03589018,0.01575314,0.07837255,0.06601174,0.06972355,0.1543726,0.07666159,0.06176675,0.05420336,0.08824822,0.07559351,0.0655944,0.07020888,0.04428625,0.2087119,0.4896264,0.2838173,0.2259517,0.000549139,7.82E-05,7.82E-05,7.82E-05
12/8/22 6:00,544,0.3640834,0.3742404,0.3339915,0.4127572,0.06209692,0.1559515,0.1665853,0.1763114,0.3373417,0.3736521,0.397415,0.3402565,0.2548908,0.2862337,0.3249691,0.253647,0.2627437,0.2936469,0.2942269,0.3225736,0.08404253,0.04941157,0.1637068,0.06993066,0.1510679,0.0470813,0.03712865,0.01394144,0.08386561,0.06230911,0.06085199,0.1336045,0.0683699,0.04679469,0.04592608,0.1044135,0.06737512,0.06241644,0.06257969,0.04701874,0.2229593,0.4795803,0.165606,0.176372,0.000527338,7.24E-05,7.24E-05,7.24E-05
12/8/22 10:00,548,0.3744032,0.3777173,0.3313395,0.4099708,0.05898283,0.132538,0.1505651,0.1852247,0.3357897,0.3634217,0.3906559,0.3287868,0.25457,0.2843992,0.3180092,0.2557038,0.2607499,0.2947946,0.2831135,0.3131282,0.07634034,0.04800458,0.1589127,0.06816614,0.1361153,0.0474697,0.03706659,0.01451615,0.07418063,0.06487741,0.05402317,0.1403777,0.0676197,0.04229634,0.03991443,0.0694823,0.06575905,0.05775712,0.05410907,0.04250928,0.1882196,0.4367366,0.1481689,0.1734502,0.00050803,7.14E-05,7.14E-05,7.14E-05
12/8/22 14:00,552,0.3953877,0.4037055,0.3519956,0.4452856,0.0603368,0.1108111,0.1415902,0.1799026,0.3355018,0.354244,0.3859785,0.3277398,0.256231,0.2872168,0.3164041,0.2612564,0.2782983,0.297362,0.2808758,0.3115755,0.06612293,0.04912052,0.158327,0.06584424,0.1079139,0.04298787,0.03890753,0.01509524,0.06807751,0.06248485,0.04657295,0.1260185,0.03035664,0.04261867,0.04329392,0.06548335,0.06207854,0.05868557,0.05575513,0.03973997,0.1728183,0.3562604,0.1324169,0.2574045,0.000612375,8.05E-05,8.05E-05,8.05E-05
12/8/22 18:00,556,0.4020795,0.4063988,0.3557454,0.4541756,0.05790822,0.1064084,0.133932,0.1539205,0.3381978,0.3564528,0.3810839,0.3226814,0.2540928,0.2886944,0.3231497,0.2586663,0.282622,0.2992631,0.2734156,0.3058315,0.06232586,0.0481148,0.1622265,0.06820908,0.1171563,0.04884938,0.04312797,0.01660889,0.07090035,0.06702522,0.04606913,0.1119054,0.02012032,0.04899418,0.04018827,0.06192069,0.06390772,0.0573771,0.04795779,0.03679907,0.1662402,0.3666716,0.119225,0.2475934,0.0005679,7.95E-05,7.95E-05,7.95E-05
12/8/22 22:00,560,0.4074315,0.416003,0.3574673,0.461075,0.05476175,0.1022563,0.1262747,0.1412289,0.3500904,0.3565419,0.3803212,0.3200599,0.2530182,0.2918556,0.3298796,0.2614265,0.2834996,0.303709,0.2707444,0.3090845,0.06107026,0.05211104,0.1656376,0.06939105,0.1264765,0.05642261,0.053302,0.02013334,0.06622253,0.05204676,0.04710332,0.1224168,0.02013263,0.05442515,0.03592074,0.06066134,0.07034294,0.05402233,0.03904416,0.02875187,0.1537373,0.3351021,0.1346428,0.2045929,0.000573265,8.45E-05,8.45E-05,8.45E-05
12/9/22 2:00,564,0.4155274,0.4145174,0.3630213,0.4683378,0.05844578,0.09305531,0.12827,0.1264885,0.3679162,0.3701795,0.374431,0.312327,0.2527575,0.2926978,0.3356415,0.2628393,0.2864121,0.3115757,0.2743155,0.313362,0.06387034,0.05487761,0.1759995,0.07177379,0.06034335,0.05985962,0.05637144,0.02123906,0.05781091,0.04466454,0.0466115,0.106953,0.01552261,0.06248566,0.03886882,0.06195614,0.07606023,0.05211935,0.03662252,0.02605346,0.1333724,0.2771263,0.1232777,0.1796884,0.000560329,8.68E-05,8.68E-05,8.68E-05
12/9/22 6:00,568,0.4121274,0.4171298,0.3585849,0.4947262,0.06320669,0.08493067,0.1193579,0.1313047,0.3799699,0.3833801,0.3864673,0.308921,0.2527903,0.2958433,0.3440258,0.2643313,0.2867266,0.3162422,0.273233,0.3171885,0.06811337,0.06013868,0.1818142,0.07117976,0.07232908,0.06072944,0.0593769,0.02476211,0.06611463,0.04530184,0.04514362,0.1049429,0.01763664,0.07009126,0.04093025,0.06941959,0.08392961,0.05188559,0.03631197,0.02375839,0.1136185,0.2041598,0.1066058,0.2451501,0.000542934,8.72E-05,8.72E-05,8.72E-05
12/9/22 10:00,572,0.4075226,0.4195495,0.364092,0.4999408,0.0711453,0.07557379,0.1002248,0.1306587,0.3840601,0.3941277,0.3987432,0.3039739,0.2540218,0.2925252,0.3467378,0.2643961,0.2916956,0.3179357,0.2789973,0.3251787,0.07393586,0.06330353,0.1906696,0.07173941,0.09771893,0.06794559,0.06706433,0.02929588,0.06879254,0.04423649,0.04200077,0.09523758,0.01854142,0.08239101,0.04728261,0.08020403,0.09024519,0.05837445,0.03724952,0.02182648,0.1042838,0.1877893,0.09546823,0.2010256,0.000507778,8.72E-05,8.72E-05,8.72E-05
12/9/22 14:00,576,0.3997501,0.4163681,0.3694043,0.5018665,0.08571009,0.07290531,0.0924731,0.1127424,0.3810578,0.402335,0.4156205,0.3159891,0.2534736,0.2903251,0.3500643,0.2634133,0.2929861,0.3264889,0.2855169,0.3310312,0.078159,0.06888071,0.1897822,0.07236359,0.1057484,0.07817978,0.07694507,0.03370285,0.06550135,0.053813,0.04330238,0.0882518,0.02284179,0.09365362,0.05188417,0.0934713,0.09376453,0.06228904,0.03751403,0.02223095,0.1064105,0.2045823,0.08581671,0.1472106,0.000516392,6.96E-05,6.96E-05,6.96E-05
12/9/22 18:00,580,0.3696773,0.3989428,0.4079508,0.454084,0.08182222,0.06301149,0.08164532,0.1007696,0.3674424,0.4449078,0.4848865,0.4512565,0.2415228,0.2714556,0.3282282,0.268481,0.3190409,0.3737968,0.3385135,0.367128,0.0662816,0.07221223,0.184849,0.07376365,0.1305376,0.0800014,0.08178183,0.0351771,0.06657962,0.03774923,0.03735542,0.07421402,0.02237797,0.09327535,0.05405736,0.08918706,0.1079117,0.063386,0.03058097,0.02225018,0.3550819,0.371466,0.2734505,0.4345301,9.56E-06,7.79E-06,7.79E-06,7.79E-06
12/9/22 22:00,584,0.3778135,0.4112308,0.4130732,0.4891014,0.09994175,0.07295867,0.0899256,0.129214,0.3662956,0.4559398,0.4960365,0.4618327,0.2435353,0.2672393,0.3332973,0.274783,0.3167397,0.3725412,0.3410838,0.3811821,0.07872101,0.08090111,0.2053535,0.0807234,0.09493319,0.09337171,0.09246537,0.0415744,0.06213732,0.04726829,0.04406133,0.08075394,0.02828489,0.1116903,0.05794542,0.1035911,0.1847613,0.1074384,0.102724,0.07702451,0.488499,0.6345887,0.4916048,0.5193972,9.13E-06,8.53E-06,8.53E-06,8.53E-06
12/10/22 2:00,588,0.393488,0.4026549,0.3925075,0.5012516,0.1364039,0.07793079,0.1014836,0.119702,0.3718427,0.4405643,0.4909284,0.4479456,0.2464193,0.2629855,0.3301517,0.2822066,0.3066038,0.350663,0.3273718,0.3616789,0.1050386,0.1023042,0.244347,0.1119464,0.1043482,0.1146581,0.11256,0.05967736,0.08001669,0.0631934,0.06189831,0.09627479,0.03218206,0.1458419,0.08181989,0.1307132,0.2287497,0.158643,0.1709484,0.1542907,0.5640732,0.46915,0.5077803,0.5549614,8.38E-06,7.73E-06,7.73E-06,7.73E-06
12/10/22 6:00,592,0.3785985,0.3818662,0.3750115,0.4858327,0.1545719,0.07217219,0.1023758,0.1217061,0.3600529,0.4198909,0.4632275,0.4145411,0.2396331,0.2499594,0.3136477,0.2791359,0.2924109,0.3307334,0.3109007,0.3462963,0.1278748,0.1108227,0.2770912,0.1295129,0.06284782,0.1258147,0.1291036,0.07563323,0.09797788,0.06414156,0.061896,0.09407,0.04447826,0.1647514,0.09956523,0.1497069,0.2556991,0.2004586,0.2238941,0.2048724,0.9456825,0.5097885,0.7547717,0.8523912,8.09E-06,8.23E-06,8.23E-06,8.23E-06
12/10/22 10:00,596,0.3689711,0.3722265,0.365476,0.4764759,0.1595198,0.07159279,0.09924586,0.1218952,0.3481735,0.4013749,0.4500043,0.4019345,0.2391992,0.2436233,0.3003224,0.2755974,0.280836,0.3179085,0.3013424,0.3479344,0.1414101,0.1145933,0.2939963,0.1349021,0.07340959,0.1309279,0.142959,0.0764354,0.07880423,0.06821536,0.06279497,0.09356388,0.05234125,0.1751276,0.1039955,0.1517943,0.280528,0.2196018,0.2823671,0.2420977,1.585571,0.6590375,1.142621,1.346898,6.59E-06,8.45E-06,8.45E-06,8.45E-06
12/10/22 14:00,600,0.3772277,0.3750617,0.3727814,0.4781121,0.1593244,0.07358766,0.09627558,0.1175235,0.3545575,0.3939784,0.430489,0.3904931,0.249966,0.2426119,0.2963543,0.2779533,0.2870975,0.3129695,0.2978661,0.3390149,0.1460802,0.1142635,0.2981431,0.1324717,0.08074751,0.1313671,0.1482136,0.07549171,0.08744535,0.07196274,0.05991298,0.0934989,0.05354407,0.1853495,0.1019575,0.1486545,0.266091,0.2178059,0.2995724,0.2691785,2.937685,0.870723,1.532774,1.769857,8.66E-06,8.01E-06,8.01E-06,8.01E-06
12/10/22 18:00,604,0.3670808,0.3668344,0.3539641,0.4641938,0.168805,0.07357216,0.09143105,0.1126915,0.3502075,0.3904005,0.4294325,0.3820958,0.2499847,0.2396277,0.2888082,0.2726347,0.281946,0.3020852,0.2899795,0.3233269,0.1545848,0.1102587,0.3034593,0.1327476,0.085155,0.1315378,0.1488544,0.08274305,0.08933782,0.07597313,0.06577376,0.09187166,0.05236681,0.1967968,0.1034356,0.1559099,0.2611499,0.21787,0.3068414,0.2746375,2.97991,1.078592,1.949555,2.163535,8.92E-06,7.30E-06,7.30E-06,7.30E-06
12/10/22 22:00,608,0.3726596,0.3737607,0.3552842,0.4607472,0.1698613,0.06910283,0.09074989,0.1013227,0.3418728,0.3798643,0.4140492,0.3712527,0.2427479,0.23414,0.282586,0.2657681,0.2773786,0.2955594,0.2850518,0.3162292,0.1580266,0.1108925,0.3032544,0.1373833,0.09017882,0.12986,0.1599758,0.09128088,0.08097453,0.07306652,0.06695887,0.09400554,0.06026415,0.1987968,0.1072957,0.1597879,0.2596571,0.2111063,0.271947,0.2584218,3.592098,1.292914,2.536682,2.904835,6.90E-06,6.79E-06,6.79E-06,6.79E-06
12/11/22 2:00,612,0.3935418,0.3721419,0.3457728,0.4724118,0.1663369,0.06356855,0.08432364,0.08865906,0.3446788,0.3712209,0.4043809,0.3675879,0.2384111,0.229615,0.2719939,0.2550375,0.2724901,0.2882423,0.27498,0.3072336,0.1553183,0.1065253,0.3113431,0.1416615,0.1029627,0.1231945,0.1528302,0.09390975,0.07177578,0.06703366,0.06733567,0.08767531,0.05747112,0.1982993,0.1061768,0.1644962,0.2612014,0.205314,0.2436115,0.2344309,3.729313,1.473857,2.890466,3.322621,9.02E-06,6.94E-06,6.94E-06,6.94E-06
12/11/22 6:00,616,0.4429158,0.3741941,0.3425765,0.4867656,0.1677117,0.06166322,0.07805559,0.0805663,0.3401446,0.3623234,0.3974397,0.361941,0.2431273,0.2237602,0.267903,0.2540932,0.2632608,0.2814665,0.2667736,0.3044608,0.1535853,0.1053194,0.3130575,0.139535,0.08038537,0.124283,0.156044,0.09374481,0.06785419,0.06611051,0.06146415,0.07655507,0.05841616,0.1950971,0.1056689,0.1628369,0.2629047,0.2008425,0.2138696,0.2159007,4.922553,1.69432,3.318573,3.726752,8.56E-06,6.86E-06,6.86E-06,6.86E-06
12/11/22 10:00,620,0.4703071,0.3781472,0.3375354,0.5370648,0.1687028,0.06029916,0.07581741,0.06928824,0.3433491,0.3615687,0.39617,0.355346,0.2590416,0.2219056,0.2625497,0.2626466,0.2669458,0.2710529,0.2603039,0.2939816,0.151835,0.1074944,0.3177952,0.1354379,0.07142625,0.1264113,0.1610862,0.09631808,0.06740848,0.06418277,0.06178194,0.07337983,0.04826593,0.1951276,0.108561,0.163881,0.2560614,0.1959454,0.1943351,0.1824638,5.204553,1.911668,3.985724,4.151686,7.86E-06,6.32E-06,6.32E-06,6.32E-06
12/11/22 14:00,624,0.4885373,0.4068896,0.3384411,0.5727009,0.1807944,0.06740255,0.08208758,0.06410988,0.3421662,0.3543805,0.3887412,0.3517749,0.2755994,0.2165331,0.2607403,0.268485,0.2668064,0.2667826,0.2533769,0.2909893,0.1564859,0.1071972,0.3212405,0.1366952,0.1032147,0.1265659,0.1670891,0.09959909,0.07057677,0.06897348,0.06666139,0.07493822,0.04664221,0.1922988,0.1081482,0.1653775,0.2687162,0.1919904,0.1781682,0.1659771,5.075252,2.049887,3.755954,4.521437,8.81E-06,7.84E-06,7.84E-06,7.84E-06
12/11/22 18:00,628,0.5045046,0.4414663,0.3546035,0.5878649,0.1962053,0.07702862,0.09170362,0.06230887,0.3471991,0.3465094,0.3786072,0.3499041,0.2988445,0.214673,0.2588842,0.2816883,0.2864681,0.2622512,0.248511,0.2915953,0.1630192,0.108865,0.3209598,0.1364984,0.1109384,0.1296072,0.1789645,0.1054673,0.07483303,0.07273868,0.07592718,0.08229004,0.0502736,0.1961212,0.11084,0.1686047,0.2745855,0.1924374,0.1626404,0.1522864,5.369283,2.195574,4.281959,5.126494,9.25E-06,7.86E-06,7.86E-06,7.86E-06
12/11/22 22:00,632,0.5014374,0.4821783,0.3730732,0.602543,0.2101308,0.08522885,0.09980769,0.05819473,0.361997,0.3427872,0.3769668,0.3390728,0.3078077,0.2122813,0.2541645,0.2901753,0.303789,0.2552966,0.245353,0.2871437,0.1684687,0.1107351,0.3268332,0.1385669,0.09549576,0.1287247,0.176438,0.1101298,0.08392148,0.07824841,0.08555052,0.09193505,0.04420452,0.1950404,0.1096292,0.1734563,0.2659556,0.1906067,0.1544485,0.1585219,5.264313,2.269226,4.531175,5.185843,1.01E-05,7.81E-06,7.81E-06,7.81E-06
12/12/22 2:00,636,0.4905238,0.5145099,0.4045021,0.6078455,0.2258072,0.09851812,0.1084998,0.05898512,0.3912771,0.3367342,0.3720536,0.3413262,0.3227477,0.2143449,0.2522623,0.301527,0.3172736,0.25093,0.2431125,0.2839903,0.1763666,0.1134035,0.326891,0.1381491,0.1124921,0.129365,0.1848995,0.1135622,0.09007464,0.08661313,0.09783357,0.0995868,0.0448744,0.1989524,0.1145906,0.1770095,0.2616972,0.1815641,0.1533107,0.1486197,5.617554,2.384548,4.297231,5.078082,7.71E-06,7.02E-06,7.02E-06,7.02E-06
12/12/22 6:00,640,0.494568,0.5218374,0.4443557,0.6146141,0.2400718,0.1073627,0.1208686,0.06776641,0.4281161,0.3277569,0.3636925,0.330694,0.3282706,0.2140324,0.2514107,0.3096591,0.3465805,0.2473571,0.2374233,0.2828854,0.1829619,0.1154892,0.3238995,0.1376895,0.1354246,0.1320181,0.193844,0.1169804,0.09515861,0.09380165,0.1059312,0.1084787,0.0541848,0.2038542,0.1174135,0.1756118,0.2491094,0.1849222,0.1529116,0.1516552,6.123338,2.468797,4.114869,5.143353,1.01E-05,7.91E-06,7.91E-06,7.91E-06
12/12/22 10:00,644,0.4944683,0.5260147,0.4747589,0.6043787,0.2492824,0.1225893,0.1379455,0.07342511,0.4513924,0.3264489,0.3606193,0.3271405,0.33271,0.2162898,0.2508088,0.3161237,0.3688807,0.2433911,0.2308291,0.278067,0.1885799,0.1179759,0.3174867,0.1363089,0.1524928,0.1313653,0.1893138,0.1189629,0.1063739,0.1060144,0.1114819,0.1200081,0.05870961,0.2109456,0.1195097,0.1772923,0.2368302,0.1860466,0.1517991,0.1568482,4.968839,2.530015,4.181982,4.847141,9.66E-06,6.55E-06,6.55E-06,6.55E-06
12/12/22 14:00,648,0.484426,0.5247433,0.4901153,0.6016247,0.2579301,0.1373259,0.1541956,0.08668731,0.4770951,0.3226921,0.3514257,0.3258515,0.339292,0.2211323,0.2492645,0.3232442,0.3790565,0.2385227,0.2236446,0.2816571,0.19398,0.115864,0.3063469,0.1335457,0.1418931,0.1322216,0.1983822,0.1198619,0.1178279,0.1144932,0.1174833,0.1331007,0.07152373,0.2158675,0.1211796,0.1778739,0.2259507,0.186481,0.1471599,0.1536771,4.137952,2.583417,4.215171,5.672327,6.42E-06,8.69E-06,8.69E-06,8.69E-06
12/12/22 18:00,652,0.4785461,0.520722,0.4937936,0.5923625,0.2733201,0.1531518,0.1672919,0.09831938,0.4951624,0.31229,0.3454962,0.3144957,0.3313663,0.2238238,0.2508596,0.3211869,0.3886673,0.2337282,0.2219094,0.288745,0.1988784,0.1159928,0.3015592,0.1346287,0.1500342,0.1301787,0.19487,0.1198593,0.1298121,0.1187748,0.1225957,0.1438731,0.06952199,0.21841,0.1212122,0.1806639,0.21299,0.1862212,0.1451645,0.142924,3.270165,2.616074,4.485406,5.355266,9.49E-06,7.44E-06,7.44E-06,7.44E-06
12/12/22 22:00,656,0.4743842,0.5149813,0.4841308,0.5782591,0.2778964,0.1645396,0.1745363,0.1091059,0.489317,0.3114342,0.3363768,0.3032309,0.3341128,0.2294974,0.2535512,0.3212766,0.3934841,0.2317036,0.217768,0.2962355,0.2082737,0.1130502,0.301676,0.1326704,0.1659724,0.1310625,0.2125509,0.1206616,0.1456893,0.1211318,0.1271642,0.1535405,0.08390975,0.221145,0.1222053,0.1820385,0.2232727,0.1908441,0.1518734,0.1492346,3.621263,2.625498,4.828683,5.857716,6.68E-06,8.18E-06,8.18E-06,8.18E-06
12/13/22 2:00,660,0.4740062,0.5070076,0.4749384,0.5654675,0.2852457,0.1741902,0.1851938,0.1196956,0.4877903,0.3093589,0.3306571,0.3001983,0.3274778,0.2314297,0.2528001,0.3239652,0.3943461,0.2332857,0.2128071,0.3031135,0.2109265,0.1162655,0.3063586,0.1330865,0.1758759,0.1296549,0.2232021,0.1185699,0.151154,0.1248514,0.1320749,0.1589542,0.08522821,0.2224573,0.1243166,0.1831949,0.2191107,0.1921371,0.1513494,0.1490796,3.776055,2.703844,4.407539,5.775034,9.82E-06,6.19E-06,6.19E-06,6.19E-06
12/13/22 6:00,664,0.4745418,0.4950646,0.4690104,0.5665669,0.2895096,0.1848883,0.195226,0.1290709,0.4745812,0.3091469,0.3293857,0.3055822,0.3229479,0.2390798,0.2534405,0.3236923,0.3876498,0.2339271,0.2074868,0.3108676,0.211922,0.1151366,0.3263071,0.1315375,0.1639853,0.1292628,0.2341237,0.1193061,0.1565381,0.1260081,0.1351676,0.1636945,0.0914437,0.2231621,0.1210846,0.1829765,0.2245385,0.1960224,0.1508141,0.1533514,3.931345,2.825711,3.178894,5.474512,9.76E-06,6.04E-06,6.04E-06,6.04E-06
12/13/22 10:00,668,0.477396,0.4826713,0.4658456,0.5607089,0.2923661,0.1958564,0.2081189,0.1360436,0.4637879,0.318217,0.3219133,0.3092846,0.318629,0.2500838,0.2595338,0.3215698,0.3825542,0.2434988,0.2063137,0.3138973,0.2189321,0.1169009,0.3499638,0.1291956,0.1830017,0.1262933,0.2393392,0.1170155,0.1653593,0.1270963,0.1410946,0.1713554,0.09567388,0.2182919,0.1234745,0.1794819,0.2321702,0.1975057,0.1457366,0.1556078,4.113842,2.709891,4.342807,5.793109,1.06E-05,5.00E-06,5.00E-06,5.00E-06