Protein,Sequence,PC9,KO,Kd,KI,M4,M5,M7,M10,M11,M15
Inactive tyrosine-protein kinase PEAK1 OS=Homo sapiens OX=9606 GN=PEAK1 PE=1 SV=4,acSVEELyAIPPDADVAk-1,1630.704505,4452.202416,11237.66895,12579.46106,11725.74811,16696.7758,8755.636048,11737.82958,10053.95353,6844.039375
Plakophilin-3 OS=Homo sapiens OX=9606 GN=PKP3 PE=1 SV=1,aDyDTLSLR-1,1188673.84,566919.76,372635.0088,632840.6434,784491.1337,738564.7605,325126.5664,551794.471,590065.4577,353394.1592
Plakophilin-3 OS=Homo sapiens OX=9606 GN=PKP3 PE=1 SV=1,aDyDTLsLR-2,6633.712519,4732.421384,5406.105469,7554.372303,6850.233736,9398.039709,5165.588304,6157.73195,5634.779773,3949.795962
Kinesin light chain 2 OS=Homo sapiens OX=9606 GN=KLC2 PE=1 SV=1,aEEVEyYYR-1,20706.3713,11413.86575,13456.46191,13971.67224,13013.02426,14402.94645,8649.327272,13038.0595,12220.94821,10229.62813
Desmoplakin OS=Homo sapiens OX=9606 GN=DSP PE=1 SV=3,aESGPDLRyEVTSGGGGTSR-1,14229.41138,17541.46395,9793.037109,10330.30446,12124.56249,12415.3177,11252.5646,8458.32006,8524.865601,4096.537594
SH2 domain-containing adapter protein B OS=Homo sapiens OX=9606 GN=SHB PE=1 SV=2,aGkGESAGymEPYEAQR-1,31775.6937,53079.90711,26343.31641,25960.93081,22485.39943,24618.81563,13379.61682,11570.39587,10231.6615,8167.537246
Tensin-1 OS=Homo sapiens OX=9606 GN=TNS1 PE=1 SV=2,aGSLPNyATINGk-1,40381.53708,55827.22306,51881.6792,61494.79713,47913.78691,53899.53714,37670.58363,47044.20758,42303.98071,36973.17048
Retinoic acid-induced protein 3 OS=Homo sapiens OX=9606 GN=GPRC5A PE=1 SV=2,aHAWPSPykDYEVk-1,42331.15319,28866.32421,77186.33765,72448.37095,79662.56827,86574.67218,56022.51632,64537.68358,82886.40295,64579.4429
Cystatin-B OS=Homo sapiens OX=9606 GN=CSTB PE=1 SV=2,akHDELTyF-1,28189.07012,8737.177538,15323.01172,20225.23802,19161.05334,17522.60775,11032.41583,20698.41728,17253.46557,23881.83726
Talin-1 OS=Homo sapiens OX=9606 GN=TLN1 PE=1 SV=3,aLDyYMLR-1,6920.503185,10654.48787,118532.6865,147198.8019,135018.8067,131786.4952,181201.1073,168516.5634,171136.4839,188487.4213
Myosin-9 OS=Homo sapiens OX=9606 GN=MYH9 PE=1 SV=4,aLELDSNLyR-1,16384.81238,21050.71073,77995.8811,93071.70147,109843.4968,116502.4466,78698.89965,102916.1202,107175.1414,64866.24108
Ragulator complex protein LAMTOR1 OS=Homo sapiens OX=9606 GN=LAMTOR1 PE=1 SV=2,aLNGAEPNyHSLPSAR-1,21906.45112,17571.55416,13657.65344,18062.65908,17485.23291,23504.87215,14660.02361,15943.12966,17618.25218,10629.86475
Activated CDC42 kinase 1 OS=Homo sapiens OX=9606 GN=TNK2 PE=1 SV=3,aLPQNDDHyVMQEHR-1,21811.52936,13300.29655,12990.62561,14623.07977,17587.17945,11743.49852,16808.51893,12060.48753,15042.39452,13104.29605
Annexin A1 OS=Homo sapiens OX=9606 GN=ANXA1 PE=1 SV=2,aLyEAGER-1,28826.35822,10708.16468,10162.38623,10895.7065,8079.228448,8260.789775,9573.326663,7089.540903,5567.671543,8948.153025
Enhancer of filamentation 1 OS=Homo sapiens OX=9606 GN=NEDD9 PE=1 SV=1,aNPQERDGVyDVPLHNPPDAk-1,688753.3854,210258.3007,385124.9312,413288.0204,375867.2337,448449.6299,282018.1921,419110.3776,361751.6102,190196.7353
Erbin OS=Homo sapiens OX=9606 GN=ERBIN PE=1 SV=2,aQIPEGDyLSYR-1,4676.752344,13467.93866,12802.81543,14735.78922,14879.87562,18760.29583,10100.38017,13236.72198,15712.14241,10027.10105
Breast cancer anti-estrogen resistance protein 1 OS=Homo sapiens OX=9606 GN=BCAR1 PE=1 SV=2,aQQGLyQVPGPSPQFQSPPAk-1,54960.03965,14449.70698,135947.582,152028.2536,127537.2126,156000.6157,156270.8415,129097.1104,119511.9972,100345.4721
Nucleoside diphosphate kinase B OS=Homo sapiens OX=9606 GN=NME2 PE=1 SV=1,aSEEHLkQHyIDLk-1,9234.54829,28975.31124,18635.55273,10613.42334,8934.474961,9750.183905,22244.15884,8740.816096,10433.17695,22691.21383
Pleckstrin homology-like domain family B member 2 OS=Homo sapiens OX=9606 GN=PHLDB2 PE=1 SV=2,aSSESSyLSILPk-1,13859.87199,16478.9323,10778.43262,17842.44213,14621.67325,21923.02674,17859.73311,11353.51487,11688.76007,5853.896063
"Discoidin, CUB and LCCL domain-containing protein 2 OS=Homo sapiens OX=9606 GN=DCBLD2 PE=1 SV=1",aTGNQPPPLVGTyNTLLSR-1,4128.237452,9422.783972,7864.487915,5843.571553,6790.617477,5709.778189,11330.16507,3704.566819,6055.550994,5547.609892
Homeodomain-interacting protein kinase 1 OS=Homo sapiens OX=9606 GN=HIPK1 PE=1 SV=1,aVcSTyLQSR-1,1132642.458,993308.1934,863450.1636,960314.6999,832467.8398,859402.242,761032.532,768209.8701,801964.7479,743481.3603
Tight junction protein ZO-2 OS=Homo sapiens OX=9606 GN=TJP2 PE=1 SV=2,aYDPDyER-1,50930.61834,50316.89525,27521.35645,35019.56607,38477.78518,43214.35677,48325.57045,34825.08538,28637.77139,44216.32005
Tight junction protein ZO-2 OS=Homo sapiens OX=9606 GN=TJP2 PE=1 SV=2,aYDPDyERAYSPEYR-1,14138.12938,22423.94531,8698.897461,9219.532024,11474.96234,12574.49508,9749.953377,6369.351001,6621.293471,2593.26276
Tight junction protein ZO-2 OS=Homo sapiens OX=9606 GN=TJP2 PE=1 SV=2,aYDPDyERAYsPEYR-2,4076.226563,1823.430549,3490.594482,5380.298098,5758.10659,7156.549957,3752.549053,2819.728698,3188.940936,1963.612314
Annexin A2 OS=Homo sapiens OX=9606 GN=ANXA2 PE=1 SV=2,ayTNFDAER-1,168596.1594,33537.9888,154988.7539,204308.6111,176430.2242,213975.6954,391177.4967,278603.6404,158452.533,702489.9709
Breast cancer anti-estrogen resistance protein 3 OS=Homo sapiens OX=9606 GN=BCAR3 PE=1 SV=1,cLEEHyGTSPGQAR-1,22219.80847,8141.635931,18396.17139,16777.74319,16060.16202,18246.87386,22986.41909,15224.38206,14437.80252,22967.15087
GRB2-associated-binding protein 1 OS=Homo sapiens OX=9606 GN=GAB1 PE=1 SV=2,dASSQDcyDIPR-1,22510.17882,32221.32531,8040.923828,34412.80134,28082.78912,34580.13072,29048.6855,22406.93557,24650.02308,25083.03816
"Spectrin beta chain, non-erythrocytic 1 OS=Homo sapiens OX=9606 GN=SPTBN1 PE=1 SV=2",dASVAEAWLLGQEPyLSSR-1,2830.334606,2998.442653,3910.922852,8098.898369,5975.822493,11586.36525,6109.913127,7312.076329,9916.439871,6177.822325
Partitioning defective 3 homolog B OS=Homo sapiens OX=9606 GN=PARD3B PE=1 SV=2,dGHPLSPERDHLEGLyAk-1,3965.22115,5684.372599,5224.265137,7085.112828,7467.351097,7446.452148,5229.977253,6424.789778,6914.500629,4304.068546
Enhancer of filamentation 1 OS=Homo sapiens OX=9606 GN=NEDD9 PE=1 SV=1,dGVyDVPLHNPPDAk-1,22626.40874,11344.28301,58630.53027,75012.01406,60489.16915,76779.95689,61698.3919,109465.4914,71844.36389,80003.58349
Alpha-parvin OS=Homo sapiens OX=9606 GN=PARVA PE=1 SV=1,dLAEDLyDGQVLQk-1,2707.233037,3054.47209,7086.436035,15557.2966,12023.92082,15421.53889,12964.53883,13767.86955,12366.05246,14128.88768
Filamin-B OS=Homo sapiens OX=9606 GN=FLNB PE=1 SV=2,dLDIIDNYDySHTVk-1,3828.187068,2956.693718,5893.729492,7589.401998,7588.869638,10387.44266,4155.064954,10094.41515,9641.529003,8894.232662
"Actin, cytoplasmic 1 OS=Homo sapiens OX=9606 GN=ACTB PE=1 SV=1",dLTDyLmk-1,1437.215037,3568.334199,8847.966797,6869.279795,7963.936435,7336.769814,6812.841647,4572.610794,4428.850794,6505.319988
Actin filament-associated protein 1-like 2 OS=Homo sapiens OX=9606 GN=AFAP1L2 PE=1 SV=1,dNHLHFyQDR-1,7327.119073,3462.910905,5975.121826,5427.544205,4967.39949,4293.917667,3666.399743,4571.83041,4483.746957,5535.135697
GRB2-associated-binding protein 2 OS=Homo sapiens OX=9606 GN=GAB2 PE=1 SV=1,dSTyDLPR-1,19229.61931,15776.47872,13935.60449,44177.95023,30632.73272,39910.12299,37050.7534,26949.32065,30575.9809,45868.91558
"Keratin, type II cytoskeletal 7 OS=Homo sapiens OX=9606 GN=KRT7 PE=1 SV=5",dVDAAyMSk-1,140021.1111,42536.34531,99814.02124,106473.3684,92701.7436,80958.33255,61879.60847,76297.03701,63799.38216,79646.37538
"Keratin, type II cytoskeletal 8 OS=Homo sapiens OX=9606 GN=KRT8 PE=1 SV=7",dVDEAymNkVELESR-1,3292.178294,2872.349554,40496.11328,36225.73104,31054.44476,30910.21445,21039.62456,19493.94658,21026.85636,17685.54818
182 kDa tankyrase-1-binding protein OS=Homo sapiens OX=9606 GN=TNKS1BP1 PE=1 SV=4,dVSLGTyGSR-1,12975.49862,24629.23665,10322.59863,19623.20012,13622.83702,12263.63552,16776.71149,8140.109623,13599.81363,6826.772308
Enhancer of filamentation 1 OS=Homo sapiens OX=9606 GN=NEDD9 PE=1 SV=1,dVYDIPPSHTTQGVyDIPPSSAk-1,1626.902158,2593.497706,7108.334473,9282.211616,7804.31263,9654.670828,5975.040832,12006.84943,7676.611981,15251.1729
"RNA-binding motif protein, X chromosome OS=Homo sapiens OX=9606 GN=RBMX PE=1 SV=3",dVyLSPR-1,12123.3667,19622.26814,8202.55127,12100.15494,11277.08312,14751.83423,7129.419858,7808.203182,10808.71158,4603.511569
Enhancer of filamentation 1 OS=Homo sapiens OX=9606 GN=NEDD9 PE=1 SV=1,dyDFPPPmR-1,1530.004703,2083.903782,5861.870117,9585.079485,6391.291718,8429.825657,5336.435889,7503.193459,6392.751383,6056.302073
Intersectin-2 OS=Homo sapiens OX=9606 GN=ITSN2 PE=1 SV=3,eEPEALyAAVNk-1,14311.98955,10726.58783,33925.10254,61666.83839,60636.02802,54399.68736,23112.64984,62107.8224,62241.33468,52222.82805
Breast cancer anti-estrogen resistance protein 1 OS=Homo sapiens OX=9606 GN=BCAR1 PE=1 SV=2,eETyDVPPAFAk-1,4957.518243,17369.2799,9384.952148,13234.98185,10963.29513,12273.48317,27238.72292,14265.90881,14848.81443,23368.68325
Elongation factor 1-alpha 1 OS=Homo sapiens OX=9606 GN=EEF1A1 PE=1 SV=1,eHALLAyTLGVk-1,1706.824439,2309.171879,7274.830566,7430.585662,6416.176469,6235.258888,7551.984174,6533.290032,7353.299025,6661.414775
Ras GTPase-activating protein 1 OS=Homo sapiens OX=9606 GN=RASA1 PE=1 SV=1,eIyNTIR-1,85816.82347,16963.45267,30382.01318,47337.51204,39534.28568,26089.32702,13069.26023,33519.77507,36885.73184,29116.78981
Enhancer of filamentation 1 OS=Homo sapiens OX=9606 GN=NEDD9 PE=1 SV=1,ekDyDFPPPMR-1,116029.4469,28772.34774,96657.74658,153235.734,115351.2487,132931.378,71685.1076,179742.0351,136996.2194,109256.2193
Ras and Rab interactor 1 OS=Homo sapiens OX=9606 GN=RIN1 PE=1 SV=4,ekPAQDPLyDVPNASGGQAGGPQRPGR-1,15963.60555,33787.93481,215188.3945,256148.0861,226376.7234,234817.5238,239662.8928,169246.0633,252066.2432,136610.756
SHC-transforming protein 1 OS=Homo sapiens OX=9606 GN=SHC1 PE=1 SV=4,eLFDDPSyVNVQNLDk-1,41859.24093,71097.29328,176064.8213,401275.6764,367984.6065,415201.2151,252777.498,284447.4683,387840.9069,239790.8549
Phosphoglycerate kinase 1 OS=Homo sapiens OX=9606 GN=PGK1 PE=1 SV=3,eLNyFAk-1,187744.9779,144314.0932,100805.6426,109487.3852,98251.03937,104111.7104,121785.2982,110258.7435,99759.04735,133905.018
Partitioning defective 3 homolog OS=Homo sapiens OX=9606 GN=PARD3 PE=1 SV=2,eRDyAEIQDFHR-1,184607.362,164683.3908,104022.8447,150763.2803,134979.347,156055.9934,84099.47773,118661.2609,120599.946,47118.55702
Tyrosine-protein kinase JAK2 OS=Homo sapiens OX=9606 GN=JAK2 PE=1 SV=2,eVGDyGQLHETEVLLk-1,1532.756299,2089.643695,8688.771484,13373.19441,11729.33116,10741.11265,13919.89974,15588.93379,14158.34942,10807.12187
Target of Myb protein 1 OS=Homo sapiens OX=9606 GN=TOM1 PE=1 SV=2,eVkyEAPQATDGLAGALDAR-1,1804.940982,2169.975352,4108.533203,13093.17501,9452.540941,11651.69277,14274.68241,7454.714978,12586.38956,8421.920748
Disintegrin and metalloproteinase domain-containing protein 9 OS=Homo sapiens OX=9606 GN=ADAM9 PE=1 SV=1,eVPIyANR-1,117353.104,85413.77292,50297.9873,72015.79042,72261.16062,85421.85978,69531.50558,49856.38454,86235.95961,55419.08176
Cysteine-rich protein 1 OS=Homo sapiens OX=9606 GN=CRIP1 PE=1 SV=3,eVyFAER-1,56200.24622,24135.92903,25977.7207,52172.69732,38724.60438,35555.9327,38975.40706,54146.05964,41234.59081,51726.95867
Phosphatidylinositol 3-kinase regulatory subunit beta OS=Homo sapiens OX=9606 GN=PIK3R2 PE=1 SV=2,eYDQLyEEYTR-1,7536.446131,6899.992644,76395.38086,86710.78338,81059.24987,76823.42793,79970.86002,86871.70887,84172.11655,77861.93017
Phosphatidylinositol 3-kinase regulatory subunit gamma OS=Homo sapiens OX=9606 GN=PIK3R3 PE=1 SV=2,eYDRLyEEYTR-1,4694.362242,3511.430871,5043.464355,6666.832848,4774.5696,5350.14858,6048.946325,6684.018732,5727.123952,5858.025106
Staphylococcal nuclease domain-containing protein 1 OS=Homo sapiens OX=9606 GN=SND1 PE=1 SV=1,eyGMIYLGk-1,3047.620429,7684.598865,9677.728516,18181.62717,21107.59756,28932.79598,30567.54798,41867.72081,50612.76941,41695.62061
Golgin subfamily A member 3 OS=Homo sapiens OX=9606 GN=GOLGA3 PE=1 SV=2,eySFLR-1,26731.2781,19800.72929,8057.216187,36153.79197,21993.61398,24334.76784,26362.83117,21724.92783,30594.23401,20247.94959
Zinc finger protein 185 OS=Homo sapiens OX=9606 GN=ZNF185 PE=1 SV=3,eyVNASEVSSGkPVSAR-1,63882.22166,24259.46768,26310.20288,106002.6825,61878.80196,67819.99686,40022.31639,54173.97804,61037.83509,73946.02707
Tight junction protein ZO-1 OS=Homo sapiens OX=9606 GN=TJP1 PE=1 SV=3,fEEPAPLSyDSRPR-1,5321.018039,2673.436697,3620.664307,5188.555002,3364.353975,5083.647056,4810.166813,5163.78972,5978.01989,5407.997701
Catenin delta-1 OS=Homo sapiens OX=9606 GN=CTNND1 PE=1 SV=1,fHPEPyGLEDDQR-1,4236.369677,6204.331124,3094.174561,3293.701308,3843.318011,5256.031341,5550.998661,1707.920251,5260.545948,1551.65304
Paxillin OS=Homo sapiens OX=9606 GN=PXN PE=1 SV=3,fIHQQPQSSSPVyGSSAk-1,1976014.659,943082.5281,1045519.041,995416.9057,864092.7044,1124335.871,800425.5587,1045495.394,778813.3065,873000.9177
Paxillin OS=Homo sapiens OX=9606 GN=PXN PE=1 SV=3,fIHQQPQSSsPVyGSSAk-2,129746.4821,76591.79596,74133.32214,73883.99252,65207.457,77844.09255,52195.01794,56956.67198,44441.83575,38491.11926
Partitioning defective 3 homolog OS=Homo sapiens OX=9606 GN=PARD3 PE=1 SV=2,fSPDSQyIDNR-1,26627.98483,20457.47575,11152.95801,20034.69735,14222.26305,20455.14901,10628.63912,10553.63721,11232.54797,7066.112443
Tyrosine-protein kinase Yes OS=Homo sapiens OX=9606 GN=YES1 PE=1 SV=3,gAySLSIR-1,137434.8663,23078.51864,111037.7861,110942.1841,113880.7136,133407.7173,53077.19822,140498.6534,130363.439,129274.7665
Ubiquitin-conjugating enzyme E2 E3 OS=Homo sapiens OX=9606 GN=UBE2E3 PE=1 SV=1,gDNIyEWR-1,13433.31239,12471.9931,12840.06543,14989.55195,11989.69923,17678.09567,14363.1126,14315.99135,12587.63553,16090.21205
Pyruvate kinase PKM OS=Homo sapiens OX=9606 GN=PKM PE=1 SV=4,gDyPLEAVR-1,17039.14904,11742.52019,12138.25293,17120.18809,13168.50018,12326.7297,9171.709159,19161.004,15428.7604,18360.99587
Glycogen synthase kinase-3 alpha OS=Homo sapiens OX=9606 GN=GSK3A PE=1 SV=2,gEPNVsYIcSR-1,115426440,85503522.53,112767404.9,125653589.4,120841540.3,122447897.6,117099787.3,102611113.2,114119859.3,107715437.8
Glycogen synthase kinase-3 alpha OS=Homo sapiens OX=9606 GN=GSK3A PE=1 SV=2,gEPNVSyIcsR-2,122024.1237,56842.97855,96335.39453,130101.0405,105120.6626,115404.6796,107379.6707,89313.07013,89289.52622,62223.92108
Pleckstrin homology domain-containing family A member 1 OS=Homo sapiens OX=9606 GN=PLEKHA1 PE=1 SV=2,gFYEsLAk-1,47592.17034,35742.10987,25441.67383,50836.88132,40527.0338,36742.00019,50818.61931,38272.76554,47650.2532,43397.81686
Desmoplakin OS=Homo sapiens OX=9606 GN=DSP PE=1 SV=3,gGGGyTcQSGSGWDEFTk-1,3871.70516,6792.451083,20344.2666,27632.56789,22632.95181,26237.07964,22638.01049,24548.28127,24111.78037,16744.77462
Sodium/potassium-transporting ATPase subunit alpha-1 OS=Homo sapiens OX=9606 GN=ATP1A1 PE=1 SV=1,gIVVyTGDR-1,80143.13116,34928.03825,84799.25391,23009.64707,82876.8283,36003.61505,75119.57068,132878.3219,85736.87065,95272.30673
Mitogen-activated protein kinase 7 OS=Homo sapiens OX=9606 GN=MAPK7 PE=1 SV=2,gLcTSPAEHQYFmTEyVATR-1,1446.452162,2515.869216,5651.284668,5197.4272,6020.006247,6549.396793,7946.335285,5205.061175,4197.429761,4512.501582
Leucyl-cystinyl aminopeptidase OS=Homo sapiens OX=9606 GN=LNPEP PE=1 SV=3,gLGEHEmEEDEEDyESSAk-1,10827.92075,5798.125479,7939.644043,13876.6634,13772.57555,10523.98816,6685.629171,5442.608504,5464.646182,2327.79498
Breast cancer anti-estrogen resistance protein 1 OS=Homo sapiens OX=9606 GN=BCAR1 PE=1 SV=2,gLPPSNHHAVyDVPPSVSk-1,38026.78023,26261.45263,31653.1272,41285.61849,35052.03014,33798.43845,37624.77844,36766.83682,41227.12039,43919.59565
Breast cancer anti-estrogen resistance protein 1 OS=Homo sapiens OX=9606 GN=BCAR1 PE=1 SV=2,gPNGRDPLLEVyDVPPSVEk-1,3147.786857,3492.028755,4744.641113,6148.766121,4809.488357,5418.601773,7261.708839,4331.934944,4380.253877,3908.144866
Src substrate cortactin OS=Homo sapiens OX=9606 GN=CTTN PE=1 SV=2,gPVSGTEPEPVySMEAADYR-1,5515.02788,9185.670647,12070.104,20243.2812,23788.54132,30274.95648,23515.35206,22322.11086,29202.18043,16079.84857
Mitotic interactor and substrate of PLK1 OS=Homo sapiens OX=9606 GN=MISP PE=1 SV=1,gRPSLyVQR-1,7282.541117,5458.831872,4013.15625,6092.340719,2848.665237,7781.569995,7686.599161,3348.093463,4594.64314,4500.707258
Epidermal growth factor receptor OS=Homo sapiens OX=9606 GN=EGFR PE=1 SV=2,gSHQISLDNPDyQQDFFPk-1,10659.50747,29165.91715,75304.42188,69920.51832,76607.56619,63687.81578,58190.00133,34727.93234,34047.99259,18789.46893
GRB2-associated-binding protein 2 OS=Homo sapiens OX=9606 GN=GAB2 PE=1 SV=1,gSLTGSETDNEDVyTFk-1,7410.332774,15987.76576,5760.377441,8625.940066,5812.44978,8095.627054,5019.696799,4462.567255,5098.484881,4016.322445
Epidermal growth factor receptor OS=Homo sapiens OX=9606 GN=EGFR PE=1 SV=2,gSTAENAEyLR-1,88955.69167,49149.77283,41362.59424,73789.63785,67073.44343,95705.54551,83323.84647,59320.79136,71791.92911,50990.15488
Tight junction protein ZO-2 OS=Homo sapiens OX=9606 GN=TJP2 PE=1 SV=2,gSYGsDAEEEEyRQQLSEHSk-2,3926.43157,2226.994494,2012.613403,9559.114524,4675.44359,4460.473373,4292.635985,2737.686892,2919.918808,1007.743802
G-protein coupled receptor family C group 5 member C OS=Homo sapiens OX=9606 GN=GPRC5C PE=1 SV=2,gVGyETILk-1,7571.864099,6192.349882,13641.44238,17715.06511,18573.13335,20299.72587,11553.37216,17616.50395,21287.17448,16649.501
Desmoplakin OS=Homo sapiens OX=9606 GN=DSP PE=1 SV=3,gVITDQNSDGycQTGTmSR-1,8098.249688,6183.525181,3833.310059,11074.39721,6832.632425,6468.017363,6183.779927,4739.285882,3644.909738,3095.676245
Enhancer of filamentation 1 OS=Homo sapiens OX=9606 GN=NEDD9 PE=1 SV=1,gVyAIPPSAcR-1,666473.7751,148408.3239,475748.4834,632967.05,522573.7526,585206.6037,286559.9647,667452.3199,568864.4172,453315.0809
"Actin, cytoplasmic 1 OS=Homo sapiens OX=9606 GN=ACTB PE=1 SV=1",gySFTTTAER-1,71437.08269,30308.74134,57610.75684,59794.89985,53680.14093,62699.72857,72020.20358,49240.76085,39454.65217,62254.33948
Signal transducer and activator of transcription 6 OS=Homo sapiens OX=9606 GN=STAT6 PE=1 SV=1,gyVPATIk-1,44787.4887,55729.53694,33494.94727,46439.35713,51011.77096,76163.64059,54808.43801,44363.50071,40356.33293,44751.60258
Mitogen-activated protein kinase 13 OS=Homo sapiens OX=9606 GN=MAPK13 PE=1 SV=1,hADAEMTGyVVTR-1,12378.62617,14292.3394,8054.092712,9969.468877,11388.0997,11279.75878,11080.97382,6317.992829,7632.354712,5831.19822
Cystatin-B OS=Homo sapiens OX=9606 GN=CSTB PE=1 SV=2,hDELtYF-1,2388.853043,2355.919913,1867.729248,3809.021921,2648.334311,2594.926154,4662.024187,3012.346351,2500.143645,3650.196231
Breast cancer anti-estrogen resistance protein 1 OS=Homo sapiens OX=9606 GN=BCAR1 PE=1 SV=2,hLLAPGPQDIyDVPPVR-1,7281.221637,14737.9929,22845.12939,27335.63053,29896.2657,34329.75978,42450.01555,19897.59382,26966.48504,13574.69018
Tight junction protein ZO-2 OS=Homo sapiens OX=9606 GN=TJP2 PE=1 SV=2,hPDIyAVPIk-1,14773.06627,6864.609218,10451.50537,28891.85594,21435.62565,19093.78361,12528.87481,20542.66835,36398.06589,16074.77697
Enhancer of filamentation 1 OS=Homo sapiens OX=9606 GN=NEDD9 PE=1 SV=1,hQSLSPNHPPPQLGQSVGSQNDAyDVPR-1,36378.36103,20249.38585,26663.50513,24761.13578,22131.11015,33334.47455,23155.85671,31552.33934,21492.27861,24661.67095
Mitogen-activated protein kinase 14 OS=Homo sapiens OX=9606 GN=MAPK14 PE=1 SV=3,hTDDEmTGyVATR-1,157204.96,184486.4169,104173.1309,135447.2636,94470.5218,113250.7926,110066.9584,65224.87602,76829.54687,39091.84429
Uncharacterized protein C11orf52 OS=Homo sapiens OX=9606 GN=C11orf52 PE=1 SV=2,hVHLENATEyATLR-1,17858.13848,10287.57074,12812.83203,14033.66797,12055.95609,16707.43557,16811.58513,13426.4312,24769.61884,14630.03899
Catenin delta-1 OS=Homo sapiens OX=9606 GN=CTNND1 PE=1 SV=1,hYEDGYPGGSDNyGSLSR-1,176182.8125,167907.878,63255.42407,113584.579,118315.6944,131737.9671,84109.9233,66974.92333,77835.42071,66774.13739
"FYVE, RhoGEF and PH domain-containing protein 6 OS=Homo sapiens OX=9606 GN=FGD6 PE=1 SV=2",hYEEIPEyENLPFImAIR-1,3621.139404,4050.426792,4845.572266,5826.960939,5779.160539,8707.19153,5162.661106,6134.958308,5405.371712,3960.678717
Phosphoglycerate mutase 1 OS=Homo sapiens OX=9606 GN=PGAM1 PE=1 SV=2,hyGGLTGLNk-1,20960.46686,4705.361588,15327.40723,22993.69113,19663.25172,20674.4335,12418.75961,24291.18128,20330.59215,22224.73593
Mitogen-activated protein kinase 3 OS=Homo sapiens OX=9606 GN=MAPK3 PE=1 SV=4,iADPEHDHTGFLTEyVATR-1,2117.848891,3850.336314,16855.81445,22870.76236,23271.31853,34511.31464,16119.62409,26248.24019,22164.36592,10401.43407
Protein SETSIP OS=Homo sapiens OX=9606 GN=SETSIP PE=1 SV=1,iDFYFDENPyFENk-1,2541.592782,4063.43211,2433.156982,2113.479699,4575.110637,3604.20881,2242.781798,3083.146153,2666.349867,3701.585775
60S ribosomal protein L35a OS=Homo sapiens OX=9606 GN=RPL35A PE=1 SV=2,iEGVyAR-1,8070.519662,2244.299062,5697.829102,6732.517281,5000.510633,8138.544924,3216.567215,6469.420613,7810.089363,6845.977898
Cyclin-dependent kinase 1 OS=Homo sapiens OX=9606 GN=CDK1 PE=1 SV=3,iEkIGEGTyGVVYk-1,174965.1594,8133831.774,451630.2019,245012.5944,236975.5845,259923.5747,3065877.426,74512.58279,199219.3864,88809.61943
Protein BRICK1 OS=Homo sapiens OX=9606 GN=BRK1 PE=1 SV=1,iEyIEAR-1,10886.02021,6720.862026,6348.320313,5984.94812,4766.119912,5646.505001,5986.64095,3887.490039,4391.081239,4808.582001
Cyclin-dependent kinase 2 OS=Homo sapiens OX=9606 GN=CDK2 PE=1 SV=2;Cyclin-dependent kinase 1 OS=Homo sapiens OX=9606 GN=CDK1 PE=1 SV=3,iGEGTyGVVYk-1,96752723.46,218249080.4,140062279.6,137637769.1,129350708.1,153852149.6,142893935.8,119209242.6,132926614.4,104087339
Cyclin-dependent kinase 2 OS=Homo sapiens OX=9606 GN=CDK2 PE=1 SV=2;Cyclin-dependent kinase 1 OS=Homo sapiens OX=9606 GN=CDK1 PE=1 SV=3,iGEGtyGVVYk-2,124158.6875,1184772.815,494407.8188,347585.6367,177432.6957,348591.4884,1057855.058,349703.4278,330334.2313,648578.0538
Cyclin-dependent kinase 1 OS=Homo sapiens OX=9606 GN=CDK1 PE=1 SV=3,iGEGTyGVVYkGR-1,49979.21881,3678162.821,77389.13574,265349.9717,125989.36,99606.11168,179110.7693,118416.49,103628.1659,131808.6368
Cyclin-dependent kinase 1 OS=Homo sapiens OX=9606 GN=CDK1 PE=1 SV=3,iGEGtyGVVYkGR-2,6829.738817,585649.4841,10834.38147,13061.89776,7910.015246,9065.561797,84489.40499,5660.21982,7642.462812,5754.321297
Talin-1 OS=Homo sapiens OX=9606 GN=TLN1 PE=1 SV=3,iGITNHDEySLVR-1,9080.170183,12314.8893,20864.1875,30822.55373,23946.16262,24782.7081,20802.15622,19915.09668,25629.66757,24909.88174
Tyrosine-protein phosphatase non-receptor type 11 OS=Homo sapiens OX=9606 GN=PTPN11 PE=1 SV=3,iQNTGDyYDLYGGEk-1,14484.77319,13679.1111,255943.5542,400201.9168,336378.4805,322209.3551,138420.8016,434646.2805,393934.7578,390984.296
Tyrosine-protein kinase receptor UFO OS=Homo sapiens OX=9606 GN=AXL PE=1 SV=4,iYNGDyYR-1,89230.49729,22761.59881,14306.2533,171456.6271,191564.058,238915.9139,27606.99556,229774.0272,251603.7388,311604.2476
Dual specificity tyrosine-phosphorylation-regulated kinase 1A OS=Homo sapiens OX=9606 GN=DYRK1A PE=1 SV=2,iYQyIQSR-1,10219515.59,12110495.01,5859365.325,7584919.383,7509257.077,7259958.995,5566230.139,5950117.104,7619235.646,5251014.975
GRB2-associated-binding protein 1 OS=Homo sapiens OX=9606 GN=GAB1 PE=1 SV=2,kDASSQDcyDIPR-1,37483.2859,45748.68109,17699.23682,56868.91963,45340.77361,57500.38676,40105.49096,33721.26276,40688.72508,38313.35843
Tyrosine-protein kinase Yes OS=Homo sapiens OX=9606 GN=YES1 PE=1 SV=3,kLDNGGYyITTR-1,197616.652,228534.6901,141450.2383,110222.1293,114049.4839,135595.3146,137393.9904,105948.4625,122565.1519,105652.5369
Caveolae-associated protein 1 OS=Homo sapiens OX=9606 GN=CAVIN1 PE=1 SV=1,kSFTPDHVVyAR-1,39643.92672,38160.11182,28620.11914,41679.92892,32874.52064,32028.58187,27481.04548,21149.7245,30845.95987,17096.84474
Tumor susceptibility gene 101 protein OS=Homo sapiens OX=9606 GN=TSG101 PE=1 SV=2,kTAGLSDLy-1,12596.48091,39475.11357,15526.57227,14750.20875,13383.60778,16903.87406,13927.37922,10640.42114,13941.21284,12039.72499
Protein CDV3 homolog OS=Homo sapiens OX=9606 GN=CDV3 PE=1 SV=1,kTPQGPPEIySDTQFPSLQSTAk-1,2533.492493,4663.99219,15175.0957,46717.83091,33316.32458,20891.83341,55680.4473,17907.41031,47067.54772,15988.954
Dual adapter for phosphotyrosine and 3-phosphotyrosine and 3-phosphoinositide OS=Homo sapiens OX=9606 GN=DAPP1 PE=1 SV=1,kVEEPSIyESVR-1,120331.0899,88849.64796,52036.84033,73935.10488,66222.19794,63123.62396,84939.25331,52337.30017,69646.50651,43204.58791
"Thioredoxin reductase 1, cytoplasmic OS=Homo sapiens OX=9606 GN=TXNRD1 PE=1 SV=3",kVVYENAyGQFIGPHR-1,4402.228167,9267.870459,13957.07813,11495.18853,12006.93318,12733.92173,15049.50866,9643.083911,11997.80728,11501.35702
"Keratin, type I cytoskeletal 18 OS=Homo sapiens OX=9606 GN=KRT18 PE=1 SV=2",lASyLDR-1,40650.44227,20536.05887,33262.37939,32493.08946,31422.89641,28849.28701,21862.91264,32164.48843,30007.04928,33560.43222
Tyrosine-protein kinase Yes OS=Homo sapiens OX=9606 GN=YES1 PE=1 SV=3,lDNGGyYITTR-1,31841.14397,32319.38132,14590.58398,14297.01769,14192.14418,20454.88095,17574.22036,16607.25561,20588.99849,14278.50887
NSFL1 cofactor p47 OS=Homo sapiens OX=9606 GN=NSFL1C PE=1 SV=2,lGAAPEEESAyVAGEkR-1,34821.0567,74683.52556,21095.27393,43492.85725,37966.45801,28657.46638,43990.25685,20620.66336,39875.45881,19193.13292
Tyrosine-protein kinase Lck OS=Homo sapiens OX=9606 GN=LCK PE=1 SV=6;Tyrosine-protein kinase Yes OS=Homo sapiens OX=9606 GN=YES1 PE=1 SV=3,lIEDNEyTAR-1,652417.3559,698307.8217,355014.0225,388091.3335,377510.1847,392861.3984,460762.6412,284681.4803,400980.5053,366696.058
Tyrosine-protein kinase Lck OS=Homo sapiens OX=9606 GN=LCK PE=1 SV=6;Tyrosine-protein kinase Yes OS=Homo sapiens OX=9606 GN=YES1 PE=1 SV=3;Proto-oncogene tyrosine-protein kinase Src OS=Homo sapiens OX=9606 GN=SRC PE=1 SV=3,,647783.9259,653803.6516,371258.2422,420049.7943,397901.1848,410806.6252,513913.342,329053.3691,418257.8852,399677.0574
Intersectin-2 OS=Homo sapiens OX=9606 GN=ITSN2 PE=1 SV=3,lIyLVPEk-1,5297.319097,6786.88262,80296.53516,92297.33167,87890.43071,82446.24837,84107.18773,70508.13824,80799.58427,72353.82287
Protein CDV3 homolog OS=Homo sapiens OX=9606 GN=CDV3 PE=1 SV=1,lQLDNQyAVLENQk-1,1969.357176,3782.404089,8219.905029,15472.10767,16637.75875,14378.69831,19229.041,12478.74967,18020.2842,10453.21483
Breast cancer anti-estrogen resistance protein 3 OS=Homo sapiens OX=9606 GN=BCAR3 PE=1 SV=1,lSEAySR-1,31471.39892,51931.05743,33369.04492,39851.10489,35022.09972,37415.78207,77144.47898,39546.39831,25439.72843,51975.08775
Annexin A2 OS=Homo sapiens OX=9606 GN=ANXA2 PE=1 SV=2,lSLEGDHSTPPSAyGSVk-1,2911313.998,2263261.059,3493922.03,3100250.868,2639688.791,3394804.424,4366325.228,3540376.297,2548302.021,7356974.25
"Keratin, type II cytoskeletal 7 OS=Homo sapiens OX=9606 GN=KRT7 PE=1 SV=5",lSSARPGGLGSSSLyGLGASRPR-1,18757.98639,24854.87215,83508.55933,70379.59828,73163.50844,79555.43115,111477.2361,75550.57188,75955.86786,65614.97433
Protein-tyrosine kinase 6 OS=Homo sapiens OX=9606 GN=PTK6 PE=1 SV=1,lSSFTSyENPT-1,17099.02512,22788.55391,35659.0835,40681.65007,35660.51023,40040.24775,38546.75432,34416.78874,34783.96455,32724.97743
ARF GTPase-activating protein GIT1 OS=Homo sapiens OX=9606 GN=GIT1 PE=1 SV=2,lVEcQyELTDR-1,6176.856185,5274.051613,7186.366699,8994.462971,9212.30819,10079.63174,6085.634662,5477.126212,8302.799477,5643.152756
CTP synthase 1 OS=Homo sapiens OX=9606 GN=CTPS1 PE=1 SV=2,lYGDADyLEER-1,3754.550204,5205.558519,10823.16797,10518.97896,13432.77753,14329.90265,11158.94124,12065.43877,14060.67285,8257.810206
Enhancer of filamentation 1 OS=Homo sapiens OX=9606 GN=NEDD9 PE=1 SV=1,lyQVPNPQAAPR-1,25790.35305,13380.913,16242.97949,14665.22736,13474.43711,13796.05086,13140.25719,14753.66353,15165.12466,10685.67769
"Arf-GAP with Rho-GAP domain, ANK repeat and PH domain-containing protein 2 OS=Homo sapiens OX=9606 GN=ARAP2 PE=1 SV=3",mQDIPIyANVHk-1,1500.593405,6650.404237,6637.70752,7435.616208,7245.326588,6967.500155,5868.673712,3858.884451,4796.799421,2311.933119
Src substrate cortactin OS=Homo sapiens OX=9606 GN=CTTN PE=1 SV=2,nASTFEDVTQVSSAyQk-1,6441.906747,13345.84393,21015.98926,44833.99165,32772.10779,31439.29209,29583.95408,31030.77149,38068.02947,27658.19459
Lipoma-preferred partner OS=Homo sapiens OX=9606 GN=LPP PE=1 SV=1,nDSDPtYGQQGHPNTWk-1,46830.38132,10137.05825,17936.46289,27390.59391,23304.50346,27728.24111,14940.70637,25549.0873,20714.01946,18967.453
Lipoma-preferred partner OS=Homo sapiens OX=9606 GN=LPP PE=1 SV=1,nDSDPTyGQQGHPNTWkR-1,12420.34172,8193.036753,4042.06543,3912.950721,3702.471751,5131.628687,7067.946743,2922.194917,4265.030398,1534.677098
Rho GTPase-activating protein 35 OS=Homo sapiens OX=9606 GN=ARHGAP35 PE=1 SV=3,nEEENIySVPHDSTQGk-1,310446.0163,368670.0033,207927.0985,385774.9494,274555.7057,207179.5549,196355.12,191371.5902,227794.6613,324360.0193
Sickle tail protein homolog OS=Homo sapiens OX=9606 GN=KIAA1217 PE=1 SV=2,nEGFyADPYLYHEGR-1,2781.526472,3780.894836,8642.314453,11755.48771,9392.021871,10841.6096,8449.500395,11023.23019,11564.22399,5543.042304
Myosin light polypeptide 6 OS=Homo sapiens OX=9606 GN=MYL6 PE=1 SV=2,nkDQGTYEDyVEGLR-1,3950.19438,3498.513134,14265.0918,15622.19597,12242.73182,18891.01462,13826.21556,13138.20127,14663.98166,10296.1428
Tyrosine-protein kinase Lck OS=Homo sapiens OX=9606 GN=LCK PE=1 SV=6,nLDNGGFyISPR-1,2206.657607,3323.805758,13273.12891,14741.67581,14078.07792,16711.45851,12895.36265,16516.14648,17017.74701,14597.88136
Cyclin-dependent kinase-like 5 OS=Homo sapiens OX=9606 GN=CDKL5 PE=1 SV=1,nLSEGNNANYTEyVATR-1,6019.486708,8439.08026,23090.76807,46489.97396,39838.68177,42726.72036,32656.31184,35567.71835,55904.73404,22584.18266
Heterogeneous nuclear ribonucleoproteins A2/B1 OS=Homo sapiens OX=9606 GN=HNRNPA2B1 PE=1 SV=2,nmGGPYGGGNYGPGGsGGSGGYGGR-1,5532.969908,14449.05391,5479.88208,7584.241731,7560.345563,9724.135008,13319.14761,4447.924754,4718.817531,3922.531664
Solute carrier family 35 member E1 OS=Homo sapiens OX=9606 GN=SLC35E1 PE=1 SV=2,nNILTDHFQySR-1,4645.623036,4314.446593,1592.639893,5943.408886,6731.392021,6599.176294,5905.645129,7673.184499,9813.516205,6470.353372
Vinculin OS=Homo sapiens OX=9606 GN=VCL PE=1 SV=4,nPGNQAAyEHFETMk-1,43576.3384,17996.58147,47452.08728,60638.17668,54019.66955,51389.37607,33220.34329,72792.72733,68042.31761,97258.0556
Glucose-6-phosphate 1-dehydrogenase OS=Homo sapiens OX=9606 GN=G6PD PE=1 SV=4,nSYVAGQyDDAASYQR-1,31696.30312,44177.35913,30338.76904,35743.91986,31093.92962,32658.5559,28541.72597,26900.74738,25116.93574,25429.05979
Golgin subfamily A member 4 OS=Homo sapiens OX=9606 GN=GOLGA4 PE=1 SV=1,nVyATTVGTPYk-1,48883.45077,18894.66225,14569.46289,49700.10594,41876.92185,51082.89893,30123.32623,42540.75153,48064.76983,43902.47486
Sickle tail protein homolog OS=Homo sapiens OX=9606 GN=KIAA1217 PE=1 SV=2,nVyYELNDVR-1,4737.498917,10017.53128,14553.1875,20507.16011,19055.53652,16067.83486,12285.71267,16969.71167,20447.15378,16773.91802
WD repeat-containing protein 18 OS=Homo sapiens OX=9606 GN=WDR18 PE=1 SV=2,nyISAWELQR-1,3438.683797,6810.582602,15810.77246,14794.75693,15712.17278,14899.94766,13897.49414,17260.90509,15429.78797,13368.66517
Fructose-bisphosphate aldolase A OS=Homo sapiens OX=9606 GN=ALDOA PE=1 SV=2,pyQYPALTPEQk-1,37123.36632,27447.23627,48144.99719,75342.08694,61364.98769,66067.30508,56968.3183,71639.09055,56389.05392,80992.24462
Mitogen-activated protein kinase 12 OS=Homo sapiens OX=9606 GN=MAPK12 PE=1 SV=3,qADSEMTGyVVTR-1,141621.2557,165656.5161,86070.28564,115317.4742,106687.9064,100604.37,167748.0456,89840.8616,113282.8101,105995.2005
TRIO and F-actin-binding protein OS=Homo sapiens OX=9606 GN=TRIOBP PE=1 SV=3,qALDyVELSPLTQASPQR-1,1716.918143,11461.9566,1851.96936,4027.318974,3639.757063,3291.081527,7779.912047,1948.443679,3919.151852,2196.917234
Thyroid receptor-interacting protein 6 OS=Homo sapiens OX=9606 GN=TRIP6 PE=1 SV=3,qAyEPPPPPAYR-1,14533.7957,11915.55908,6644.712402,10001.46104,7694.817256,8296.950667,7803.612753,6648.861695,7862.548995,5219.704868
Inactive tyrosine-protein kinase PRAG1 OS=Homo sapiens OX=9606 GN=PRAG1 PE=1 SV=4,qEDAPVVyLGSFR-1,1540.190183,2178.0093,13090.41406,14930.5591,12380.27258,16034.86739,11695.04179,14862.32614,12319.88239,11143.13947
Adapter molecule crk OS=Homo sapiens OX=9606 GN=CRK PE=1 SV=2,qEEAEyVR-1,20734.33555,3815.026417,24068.82129,28399.44482,29908.89248,30040.25189,67199.49944,21097.07872,20670.16599,26763.37839
Eukaryotic translation initiation factor 3 subunit C-like protein OS=Homo sapiens OX=9606 GN=EIF3CL PE=1 SV=1,qGTyGGYFR-1,25007.27865,19443.04185,10209.31738,14307.88016,11261.98436,12949.29717,16082.74562,10415.27326,10173.7162,6381.411423
60S ribosomal protein L15 OS=Homo sapiens OX=9606 GN=RPL15 PE=1 SV=2,qGyVIYR-1,24358.30811,34550.149,17569.38232,30782.87608,18216.98386,25199.30606,19232.40173,22039.77895,29590.68206,19124.27847
Glycogen synthase kinase-3 alpha OS=Homo sapiens OX=9606 GN=GSK3A PE=1 SV=2,qLVRGEPNVSyIcSR-1,38333.05574,530491.2314,90732.51367,58398.70928,62984.12407,61556.51777,860682.6334,42243.10131,73735.74189,31847.99407
Signal transducing adapter molecule 1 OS=Homo sapiens OX=9606 GN=STAM PE=1 SV=3,qQSTTLStLYPSTSSLLTNHQHEGR-1,1746.824408,5180.765683,1982.935181,2986.971561,1942.344137,1337.662714,3839.589675,1145.443393,3516.662162,1791.837757
Brain-specific angiogenesis inhibitor 1-associated protein 2 OS=Homo sapiens OX=9606 GN=BAIAP2 PE=1 SV=1,qRPYSVAVPAFSQGLDDyGAR-1,9107.730355,13116.15168,20623.03906,25952.37055,27966.74759,30653.33374,21769.79224,21749.00099,32933.66583,18034.53568
Ephrin type-A receptor 2 OS=Homo sapiens OX=9606 GN=EPHA2 PE=1 SV=2,qSPEDVyFSk-1,33931.15232,11943.59182,24660.80029,26521.5581,28071.86069,30253.90789,15200.31252,27301.94402,27652.38077,26251.83945
L-lactate dehydrogenase A chain OS=Homo sapiens OX=9606 GN=LDHA PE=1 SV=2,qVVESAyEVIk-1,13367.12671,15335.7366,72743.75391,55081.71321,64176.7666,69956.65797,61751.24608,72885.90172,65674.13528,68217.23228
Annexin A2 OS=Homo sapiens OX=9606 GN=ANXA2 PE=1 SV=2,rAEDGSVIDyELIDQDAR-1,3214.7427,3000.397924,4255.015137,4638.63359,4672.1621,5514.137223,5524.641282,2542.237106,4164.370209,3561.870947
Erbin OS=Homo sapiens OX=9606 GN=ERBIN PE=1 SV=2,rAQIPEGDyLSYR-1,6477.94642,5717.522205,6971.087402,11959.11857,14316.5748,16187.45622,9491.271195,11628.3897,13763.33993,7056.089074
Disks large homolog 3 OS=Homo sapiens OX=9606 GN=DLG3 PE=1 SV=2,rDNEVDGQDyHFVVSR-1,34154.59672,32924.74107,21411.00348,26406.58546,22360.38517,28777.41048,23608.94392,22194.90856,27194.92014,21135.37994
Intersectin-2 OS=Homo sapiens OX=9606 GN=ITSN2 PE=1 SV=3,rEEPEALyAAVNk-1,18336.04066,5882.886489,19662.76563,34856.54527,29985.26229,29096.41753,11018.58147,32727.06086,32012.89735,25351.31694
Desmoplakin OS=Homo sapiens OX=9606 GN=DSP PE=1 SV=3,rGVITDQNSDGycQTGTmSR-1,3907.586326,5794.731672,2464.032227,4946.963679,3200.483176,4404.640888,2691.437806,1928.388417,2993.553614,1228.900543
Protein BRICK1 OS=Homo sapiens OX=9606 GN=BRK1 PE=1 SV=1,rIEyIEAR-1,30911.8607,33776.39413,14783.23938,16784.88153,15015.65424,16206.03461,16746.1738,15431.16202,11787.13561,16817.97583
Breast cancer anti-estrogen resistance protein 1 OS=Homo sapiens OX=9606 GN=BCAR1 PE=1 SV=2,rPGPGTLyDVPR-1,6880.133482,3779.348422,4631.006836,6642.782987,3842.403585,5511.045252,4568.007549,4364.797844,4638.439958,5394.470427
Protein kinase C delta type OS=Homo sapiens OX=9606 GN=PRKCD PE=1 SV=2,rSDSASSEPVGIyQGFEk-1,12526.59836,5525.225502,17352.75732,18141.51377,19535.04426,17846.14121,17263.30518,14832.34847,18341.23689,15844.57131
Rho guanine nucleotide exchange factor 5 OS=Homo sapiens OX=9606 GN=ARHGEF5 PE=1 SV=3,rTEELIyLSQk-1,37887.51188,37339.14234,31416.91895,31012.63184,29561.51147,33091.05698,33063.88259,28331.16374,25897.9378,23837.95797
Glucose-6-phosphate 1-dehydrogenase OS=Homo sapiens OX=9606 GN=G6PD PE=1 SV=4,rVGFQyEGTYk-1,47848.72836,39659.64107,30251.89258,32804.70403,25550.56361,33321.46447,31457.03448,25069.51182,32989.46775,24912.06626
Claudin-4 OS=Homo sapiens OX=9606 GN=CLDN4 PE=1 SV=1,sAAASNyV-1,19031.89012,15486.23533,6925.706604,10746.77819,11980.12349,13774.81298,11021.33317,9260.191454,9231.146902,10252.5597
"Keratin, type II cytoskeletal 7 OS=Homo sapiens OX=9606 GN=KRT7 PE=1 SV=5",sAyGGPVGAGIR-1,59110.5294,95387.48166,40136.07227,63183.05912,47354.8643,55198.47449,81696.5116,46202.4556,46922.34472,50452.91691
Protein kinase C delta type OS=Homo sapiens OX=9606 GN=PRKCD PE=1 SV=2,sDSASSEPVGIyQGFEk-1,2968.776808,4371.506333,8465.126953,7003.20303,11004.19848,7782.847715,8078.212057,6820.340271,9036.323622,8620.51745
Protein-glutamine gamma-glutamyltransferase 2 OS=Homo sapiens OX=9606 GN=TGM2 PE=1 SV=2,sEGTyccGPVPVR-1,9231.695748,4921.428549,13683.18262,14066.51037,12111.34809,16270.34326,16427.84838,11183.73876,11074.93763,14596.53303
Myelin protein zero-like protein 1 OS=Homo sapiens OX=9606 GN=MPZL1 PE=1 SV=1,sESVVyADIR-1,57937.77858,27318.59111,37193.8606,64034.39941,57192.44363,67877.37111,46893.98322,62698.50418,68538.67707,88227.58881
Vinculin OS=Homo sapiens OX=9606 GN=VCL PE=1 SV=4,sFLDSGyR-1,2285434.457,723117.665,2001467.129,2546237.788,2179431.205,2068945.366,1254517.654,2485558.792,2119500.749,2718258.205
Caveolae-associated protein 1 OS=Homo sapiens OX=9606 GN=CAVIN1 PE=1 SV=1,sFTPDHVVyAR-1,9911.809339,13702.56706,10549.63647,14088.92886,10674.54521,10770.65617,11053.93162,8603.78795,10530.75787,6033.768776
Endoplasmin OS=Homo sapiens OX=9606 GN=HSP90B1 PE=1 SV=1,sGyLLPDTk-1,3787.397352,4079.16979,5115.105957,6600.010366,4106.328734,5594.060211,5231.41416,3245.034346,4658.766606,5547.09531
Tight junction protein ZO-2 OS=Homo sapiens OX=9606 GN=TJP2 PE=1 SV=2,sIDQDyER-1,31144.37257,24969.25633,5111.037598,11921.63244,11328.86787,13963.2932,7254.611224,7789.60876,6297.182379,3174.466941
Proteasome subunit alpha type-2 OS=Homo sapiens OX=9606 GN=PSMA2 PE=1 SV=2,sILyDER-1,134874.3812,83545.56275,63732.85181,78523.30563,68816.73878,78646.33507,62123.42287,62828.12052,62755.47081,60856.7842
Heat shock protein HSP 90-beta OS=Homo sapiens OX=9606 GN=HSP90AB1 PE=1 SV=4,sIyYITGESk-1,69779.83902,49779.85042,70403.25391,61764.27757,56572.91987,65370.26165,57268.39879,67261.25913,57921.73398,71871.17779
Catenin delta-1 OS=Homo sapiens OX=9606 GN=CTNND1 PE=1 SV=1,sLDNNYsTPNER-1,46327.91882,21309.75699,15653.73438,24333.03686,25893.80253,31808.82004,17454.40991,21095.31088,21628.21953,13260.1531
"Keratin, type I cytoskeletal 19 OS=Homo sapiens OX=9606 GN=KRT19 PE=1 SV=4",sLLEGQEDHyNNLSASk-1,112638.8327,115241.3639,119273.1746,247969.4391,194268.2887,219906.3355,204193.4846,175983.1602,200687.5886,155580.3434
Annexin A11 OS=Homo sapiens OX=9606 GN=ANXA11 PE=1 SV=1,sLyHDISGDTSGDYRk-1,10831.82323,13311.95712,12397.84912,14543.03156,13541.46157,12889.47453,15483.84539,16161.1379,11932.37153,22348.24435
Misshapen-like kinase 1 OS=Homo sapiens OX=9606 GN=MINK1 PE=1 SV=2,sNSAWQIyLQR-1,2897.922438,2625.326822,5615.519043,8533.859352,7964.63635,5043.570664,8166.891432,5846.372525,8109.744816,4000.264914
Coiled-coil domain-containing protein 120 OS=Homo sapiens OX=9606 GN=CCDC120 PE=1 SV=1,sSEVLyERPQPTPAFSSR-1,2007.614297,4230.733104,8430.897705,12320.7715,9219.683958,12368.17954,10310.40621,9128.520019,11411.6779,7802.499166
Heterogeneous nuclear ribonucleoprotein A1 OS=Homo sapiens OX=9606 GN=HNRNPA1 PE=1 SV=5,sSGPyGGGGQYFAkPR-1,40178.27496,196188.0618,55482.09375,81974.96012,67533.17105,104398.5892,151278.5815,64583.25532,72319.72497,55695.02151
GRB2-associated-binding protein 1 OS=Homo sapiens OX=9606 GN=GAB1 PE=1 SV=2,sSGSGSSVADERVDyVVVDQQk-1,51113.2649,99972.42068,135583.0088,447721.5413,332046.8658,413390.6855,522106.1551,271553.7477,427260.7523,360555.7204
Jupiter microtubule associated homolog 2 OS=Homo sapiens OX=9606 GN=JPT2 PE=1 SV=1,sSISFy-1,4706.255795,4498.609247,2299.202576,3648.211237,5033.757463,4698.155336,3971.910986,3205.977914,2853.504638,4126.504424
Actin filament-associated protein 1-like 2 OS=Homo sapiens OX=9606 GN=AFAP1L2 PE=1 SV=1,sSSSDEEyIYMNk-1,24460.28702,11709.41162,18605.93457,29557.57777,23832.91262,20064.97898,13971.38621,16133.92972,15312.15672,12786.24411
Filamin-B OS=Homo sapiens OX=9606 GN=FLNB PE=1 SV=2,sSTETcySAIPk-1,25162.7641,26113.60182,9606.079407,29980.9401,22944.10857,32559.24529,25161.96571,16897.40535,24854.68034,14590.46796
"Keratin, type I cytoskeletal 18 OS=Homo sapiens OX=9606 GN=KRT18 PE=1 SV=2",sTFSTNyR-1,189844.2393,330802.4243,120080.4443,203837.5975,165274.1193,179933.1871,195122.5502,147326.1983,158084.6967,174603.6504
Enhancer of filamentation 1 OS=Homo sapiens OX=9606 GN=NEDD9 PE=1 SV=1,sWmDDyDYVHLQGk-1,11121.94624,30374.36316,55245.12305,95039.63428,74917.74988,79640.7152,41296.86593,95917.26466,67785.33269,55346.24559
Enhancer of filamentation 1 OS=Homo sapiens OX=9606 GN=NEDD9 PE=1 SV=1,sWmDDyDyVHLQGk-2,3538.701231,10399.93776,9989.544922,19638.64775,10691.40578,15781.15847,8799.13433,9884.177398,8788.996711,4093.010393
"Keratin, type II cytoskeletal 8 OS=Homo sapiens OX=9606 GN=KRT8 PE=1 SV=7",syTSGPGSR-1,26050.82142,29326.41563,32563.86621,32912.87259,25941.61028,30095.02231,22901.91965,23416.98804,22027.29631,30025.44238
Mitogen-activated protein kinase 9 OS=Homo sapiens OX=9606 GN=MAPK9 PE=1 SV=2,tAcTNFmmTPyVVTR-1,38325.15395,28184.96873,26853.13281,21488.33975,18575.79733,27636.18352,20897.29911,12756.70336,17681.47022,11058.86315
Ephrin-B2 OS=Homo sapiens OX=9606 GN=EFNB2 PE=1 SV=1,tADSVFcPHyEk-1,5336.847832,3268.70523,5523.690918,5069.917795,6159.914309,6028.823379,3641.714943,6188.511806,4859.772881,6232.169811
Mitogen-activated protein kinase 10 OS=Homo sapiens OX=9606 GN=MAPK10 PE=1 SV=2,tAGTSFmmtPyVVTR-2,6131.852987,12812.09618,15987.20215,12937.56701,13867.70722,14967.32192,16581.36343,9826.930762,11101.85913,9204.984593
GRB2-associated-binding protein 1 OS=Homo sapiens OX=9606 GN=GAB1 PE=1 SV=2,tASDTDSSycIPTAGMSPSR-1,4428.740904,4166.495479,6030.572754,12864.23814,9924.329545,9077.35771,8186.461845,6264.456973,8226.889291,6100.239464
Rab GDP dissociation inhibitor beta OS=Homo sapiens OX=9606 GN=GDI2 PE=1 SV=2,tDDYLDQPcyETINR-1,4039.641295,8978.271181,7295.925781,15093.7163,12305.17189,11973.58074,11440.32411,13204.96151,9717.220013,11212.44395
Enhancer of filamentation 1 OS=Homo sapiens OX=9606 GN=NEDD9 PE=1 SV=1,tGHGYVyEYPSR-1,111111.3365,64312.4957,60725.62512,75603.73417,65013.87368,82939.75904,63779.12969,77419.19877,52295.94591,67885.13895
BAG family molecular chaperone regulator 3 OS=Homo sapiens OX=9606 GN=BAG3 PE=1 SV=3,tHYPAQQGEyQTHQPVYHk-1,20743.25477,17936.91295,12267.05322,39317.10097,27041.69541,23248.91523,30901.52334,17736.64072,31581.13175,16498.31117
Abl interactor 1 OS=Homo sapiens OX=9606 GN=ABI1 PE=1 SV=4,tLEPVkPPTVPNDymTSPAR-1,10040.60298,9696.186601,58072.73242,98726.65123,61377.48371,59178.34869,66290.07033,36889.72911,71520.96294,34185.14423
"Phosphatidylinositol 3,4,5-trisphosphate 5-phosphatase 2 OS=Homo sapiens OX=9606 GN=INPPL1 PE=1 SV=2",tLSEVDyAPAGPAR-1,12780.06737,15649.26151,7576.45105,21472.59001,16654.20804,15084.45452,14179.11276,10244.69244,17095.5245,6065.662469
Talin-1 OS=Homo sapiens OX=9606 GN=TLN1 PE=1 SV=3,tmQFEPSTmVyDAcR-1,4056.465939,2394.461322,4057.119385,3617.224556,3672.147759,2984.463818,2371.407207,1947.626574,1696.806966,1434.124606
LIM and SH3 domain protein 1 OS=Homo sapiens OX=9606 GN=LASP1 PE=1 SV=2,tQDQISNIkyHEEFEk-1,5116.715776,3978.442926,8931.431641,10213.3196,15823.85267,12570.92339,16176.76392,13157.53535,12639.90256,10472.11619
Low-density lipoprotein receptor OS=Homo sapiens OX=9606 GN=LDLR PE=1 SV=1,tTEDEVHIcHNQDGySYPSR-1,3650.57685,4522.970724,3305.707153,5885.070593,6403.591012,6707.639249,6339.640091,4656.525299,7277.340165,7225.789707
Protein phosphatase Slingshot homolog 2 OS=Homo sapiens OX=9606 GN=SSH2 PE=1 SV=1,tTNPFYNtM-1,1916.015346,2769.498721,12087.13965,11169.93549,16487.08312,14682.32888,18499.21781,20999.1713,20328.53665,17129.13389
Heat shock 70 kDa protein 1A OS=Homo sapiens OX=9606 GN=HSPA1A PE=1 SV=1,tTPSyVAFTDTER-1,7660.457009,8158.72453,12610.6748,14754.70742,13732.82315,18516.82603,14947.03729,13720.7128,13735.37594,16653.9598
Homeodomain-interacting protein kinase 3 OS=Homo sapiens OX=9606 GN=HIPK3 PE=1 SV=1,tVcSTyLQSR-1,477369.2427,469283.016,462281.0098,620038.8132,490449.0282,514440.8859,487135.4846,499148.0506,570092.5986,450485.4336
TOM1-like protein 2 OS=Homo sapiens OX=9606 GN=TOM1L2 PE=1 SV=1,tVTyEDPQAVGGLASALDNR-1,1939.215951,4443.303299,5504.987305,7807.482915,5601.175394,5991.115846,4613.6189,5323.061239,6798.78001,5137.250712
Ras-related protein Rab-2B OS=Homo sapiens OX=9606 GN=RAB2B PE=1 SV=1,tyAYLFk-1,2014.977946,2579.15329,3992.474365,11281.23828,15038.03759,17293.75161,19774.02195,28307.71814,9460.243778,19848.51978
Ras-related protein Rab-8A OS=Homo sapiens OX=9606 GN=RAB8A PE=1 SV=1,tyDYLFk-1,2854.657321,2919.517506,26471.68359,21704.38954,26808.37361,34356.40152,32195.58164,31227.33297,32727.09619,35843.48609
Ephrin type-A receptor 2 OS=Homo sapiens OX=9606 GN=EPHA2 PE=1 SV=2,tYVDPHTyEDPNQAVLk-1,10217.83632,10217.85687,69310.53125,53457.02733,66249.82064,92611.01929,56305.64822,74394.30202,68616.50889,60675.16806
Mitogen-activated protein kinase 1 OS=Homo sapiens OX=9606 GN=MAPK1 PE=1 SV=3,vADPDHDHTGFLTEyVATR-1,16425.09809,24986.75192,87001.7345,107840.094,93030.45613,161511.4897,76575.62755,129823.5721,81166.20207,46486.94027
Mitogen-activated protein kinase 1 OS=Homo sapiens OX=9606 GN=MAPK1 PE=1 SV=3,vADPDHDHTGFLtEyVATR-2,5499.814888,8301.064871,16476.13867,12730.98987,20588.78209,24884.54822,16173.30898,17701.85041,13699.12285,9065.827211
Integrin beta-4 OS=Homo sapiens OX=9606 GN=ITGB4 PE=1 SV=5,vcAYGAQGEGPySSLVScR-1,10149.7763,7179.546828,13893.42908,15972.24593,13574.78452,14004.46065,12856.95401,12587.51625,14036.88993,15517.99544
Hepatocyte growth factor-regulated tyrosine kinase substrate OS=Homo sapiens OX=9606 GN=HGS PE=1 SV=1,vcEPcyEQLNR-1,24824.81497,16703.42201,22936.7793,27707.09494,21188.91704,26123.15273,25800.8721,19558.38966,16701.87203,22162.10674
PDZ and LIM domain protein 4 OS=Homo sapiens OX=9606 GN=PDLIM4 PE=1 SV=2,vDLGSEVyR-1,37964.9996,39029.8492,19154.31104,42450.51186,32868.72121,34153.22664,39196.53365,23668.5319,33474.32207,24491.59787
Plastin-2 OS=Homo sapiens OX=9606 GN=LCP1 PE=1 SV=6,vDTDGNGyISFNELNDLFk-1,1753.881416,3431.449637,7496.916504,27970.18399,21356.49909,26745.32698,17197.15904,25518.12522,27863.9803,29586.49897
GRB2-associated-binding protein 1 OS=Homo sapiens OX=9606 GN=GAB1 PE=1 SV=2,vDyVVVDQQk-1,10048.85241,7734.121539,5662.785217,20312.40618,13534.26591,16349.02479,12549.8082,14100.50749,16103.43682,22400.42718
Band 4.1-like protein 2 OS=Homo sapiens OX=9606 GN=EPB41L2 PE=1 SV=1,vEGDNIyVR-1,596217.2397,217709.8574,152326.6875,465428.0233,402832.7038,469735.9083,167030.5902,366120.123,344797.1082,384580.1966
Cyclin-dependent kinase 2 OS=Homo sapiens OX=9606 GN=CDK2 PE=1 SV=2,vEkIGEGTyGVVYk-1,220461.8968,8310015.286,319069.1055,310899.286,177271.5542,193467.042,2064599.843,74693.00484,212899.7126,96826.11041
Paxillin OS=Homo sapiens OX=9606 GN=PXN PE=1 SV=3,vGEEEHVYsFPNk-1,14489457.56,3260146.08,7622106.493,10824993.44,8140287.647,10279870.81,4863123.412,10878543.89,8021410.024,7447280.235
Paxillin OS=Homo sapiens OX=9606 GN=PXN PE=1 SV=3,vGEEEHVySFPNkQk-1,1494503.036,1676821.818,751903.6211,573925.0917,562708.0943,754491.3286,1095368.434,472882.3032,504680.7754,333781.6519
Glucose-6-phosphate 1-dehydrogenase OS=Homo sapiens OX=9606 GN=G6PD PE=1 SV=4,vGFQyEGTYk-1,748968.9491,651234.5447,500839.6592,651422.2906,600926.006,600364.8687,465719.1742,500862.6114,519375.8986,473990.4339
Breast cancer anti-estrogen resistance protein 1 OS=Homo sapiens OX=9606 GN=BCAR1 PE=1 SV=2,vGQGYVYEAAQPEQDEyDIPR-1,6542.916795,10988.35223,22324.68018,27499.43447,25787.8957,28465.10986,28254.84172,21974.78515,34599.31657,15607.47372
Tyrosine-protein kinase Lyn OS=Homo sapiens OX=9606 GN=LYN PE=1 SV=3,vIEDNEyTAR-1,31758.77018,21879.26032,24181.51563,21811.06764,17507.42246,21510.31032,26383.91331,19054.97667,30151.78761,21727.36803
Docking protein 1 OS=Homo sapiens OX=9606 GN=DOK1 PE=1 SV=1,vkEEGYELPYNPATDDyAVPPPR-1,12611.56861,14862.12121,25997.7583,24143.41843,27167.42902,23040.19342,20832.15359,22978.35706,23058.66501,16725.9409
Ephrin type-A receptor 5 OS=Homo sapiens OX=9606 GN=EPHA5 PE=1 SV=3,vLEDDPEAAYtTR-1,26736.84543,18051.8953,14337.51465,12489.13435,12431.24412,16370.79523,10208.68904,12089.49842,8641.763491,9838.420264
Ephrin type-A receptor 2 OS=Homo sapiens OX=9606 GN=EPHA2 PE=1 SV=2,vLEDDPEAtYTTSGGk-1,54423.18265,20154.83544,32635.57642,33856.21839,34743.35862,44939.05536,21038.1127,34717.06797,32430.86726,37587.84404
Heat shock 70 kDa protein 4 OS=Homo sapiens OX=9606 GN=HSPA4 PE=1 SV=4,vLTFyR-1,6835.638946,4602.902548,4568.223145,4815.861296,4449.927553,3970.887242,3448.100267,5234.058977,4547.391192,5775.50344
G-protein coupled receptor family C group 5 member C OS=Homo sapiens OX=9606 GN=GPRC5C PE=1 SV=2,vPSEGAyDIILPR-1,7968.431847,15036.14295,27951.85254,24842.99227,31113.06738,31592.86462,25341.29875,25520.92675,33148.31468,24331.29917
Tyrosine-protein kinase Fer OS=Homo sapiens OX=9606 GN=FER PE=1 SV=2,vQENDGkEPPPVVNyEEDAR-1,43794.02436,21109.09093,28817.6123,39843.64608,38803.35616,35804.02694,32949.1826,25658.43392,36458.60066,22889.78303
Vasodilator-stimulated phosphoprotein OS=Homo sapiens OX=9606 GN=VASP PE=1 SV=3,vQIyHNPTANSFR-1,25192.23359,18347.28489,18599.29248,19879.35003,22177.77761,20805.41447,18752.93319,18949.01037,20276.94372,19392.75369
Glucose-6-phosphate 1-dehydrogenase OS=Homo sapiens OX=9606 GN=G6PD PE=1 SV=4,vQPNEAVYtk-1,32834.4429,33088.36984,27552.91211,31246.11435,29497.18095,33657.65258,26679.09507,27359.23594,24582.91643,34551.33
"Thioredoxin reductase 1, cytoplasmic OS=Homo sapiens OX=9606 GN=TXNRD1 PE=1 SV=3",vVYENAyGQFIGPHR-1,3697.20536,3956.002393,13151.68188,12734.54328,12078.699,12137.14453,13445.36882,13186.24532,12901.31009,12151.25735
Charged multivesicular body protein 1a OS=Homo sapiens OX=9606 GN=CHMP1A PE=1 SV=1,vyAENAIR-1,15656.04455,16863.10878,10714.40771,13904.61987,10603.80883,12388.50385,9595.079643,9435.355125,8885.757743,12221.54812
Tyrosine-protein phosphatase non-receptor type 11 OS=Homo sapiens OX=9606 GN=PTPN11 PE=1 SV=3,vyENVGLMQQQk-1,101345.3401,84884.62271,60968.75232,186001.8042,154232.6874,150080.3125,115352.4934,97420.46895,162963.1128,81674.80401
MAGUK p55 subfamily member 5 OS=Homo sapiens OX=9606 GN=MPP5 PE=1 SV=3,vyESIGQYGGETVk-1,48954.67468,33201.62067,73594.36597,158810.32,132664.6823,131368.7695,81656.2967,103020.7138,170307.5488,71579.66967
Protein phosphatase 1 regulatory subunit 14B OS=Homo sapiens OX=9606 GN=PPP1R14B PE=1 SV=3,vyFQSPPGAAGEGPGGADDEGPVRR-1,1761.473284,2053.944216,2348.011963,6758.566946,5431.901436,4998.251902,7991.258758,3659.629551,7578.396444,2860.610045
SH3 and multiple ankyrin repeat domains protein 2 OS=Homo sapiens OX=9606 GN=SHANK2 PE=1 SV=3,vyGTIkPAFNQNSAAk-1,14684.96357,26898.09611,17500.71484,21434.69852,20813.04815,15922.38185,26879.81717,15028.52353,27258.76599,13645.89638
Dual specificity tyrosine-phosphorylation-regulated kinase 2 OS=Homo sapiens OX=9606 GN=DYRK2 PE=1 SV=3,vYTyIQSR-1,170578.4882,206664.7016,103972.4385,160134.6803,114268.9145,131041.6798,119881.3274,112899.7644,135178.9351,109924.3336
Tyrosine-protein kinase Yes OS=Homo sapiens OX=9606 GN=YES1 PE=1 SV=3,wTAPEAALyGR-1,3859.506733,7765.630534,10327.69043,9578.01823,10070.81878,13337.36017,6799.317404,9503.907213,9767.579045,9094.475119
Tyrosine-protein kinase Yes OS=Homo sapiens OX=9606 GN=YES1 PE=1 SV=3;Proto-oncogene tyrosine-protein kinase Src OS=Homo sapiens OX=9606 GN=SRC PE=1 SV=3,,1708.650835,1768.825296,6128.817383,6310.751372,5297.621912,7292.103196,4674.652533,7352.126837,7012.707736,5721.447199
Serine incorporator 5 OS=Homo sapiens OX=9606 GN=SERINC5 PE=2 SV=1,yAAPELEIAR-1,8666.165496,13235.53555,32623.69556,33316.08917,34856.38558,39384.25178,28380.97645,30898.48764,42716.52465,28884.0435
Dynactin subunit 2 OS=Homo sapiens OX=9606 GN=DCTN2 PE=1 SV=4,yADLPGIAR-1,17145.36707,22609.62366,14629.61182,70013.24061,37015.03375,33725.87915,59122.83431,23636.54629,69936.50981,20264.57169
Phosphatidylinositol 4-kinase alpha OS=Homo sapiens OX=9606 GN=PI4KA PE=1 SV=4,yAGEVyGMIR-1,2425.452832,3463.122397,4024.395264,5262.686074,7677.891351,7757.22691,11481.45522,10655.6107,14981.41149,10942.88149
Activated CDC42 kinase 1 OS=Homo sapiens OX=9606 GN=TNK2 PE=1 SV=3,yATPQVIQAPGPR-1,169057.9654,129188.742,116163.0712,124939.07,133773.9707,127010.3921,135015.6193,114434.1573,133368.4048,100437.649
Signal transducer and activator of transcription 3 OS=Homo sapiens OX=9606 GN=STAT3 PE=1 SV=2,ycRPESQEHPEADPGSAAPyLk-1,5379.089585,2413.955094,7522.280273,11889.29792,8169.961174,10710.45162,19783.12745,19909.97328,18675.51189,23593.51375
Desmoplakin OS=Homo sapiens OX=9606 GN=DSP PE=1 SV=3,yGDGIQLTR-1,40560.44192,13724.35072,22354.83936,36320.63657,34527.86466,32037.95495,23514.88022,34314.45198,29775.44588,23205.13441
Pituitary tumor-transforming gene 1 protein-interacting protein OS=Homo sapiens OX=9606 GN=PTTG1IP PE=1 SV=1,yGLFkEENPyAR-1,4381.958762,4309.05547,4187.40625,6917.551139,6710.283668,8079.886587,6945.864525,4464.624521,6652.014253,4986.840167
Protein-tyrosine kinase 2-beta OS=Homo sapiens OX=9606 GN=PTK2B PE=1 SV=2,yIEDEDyYkASVTR-1,143736.5479,47931.68704,171923.4668,181298.4584,164501.9546,171862.9181,111232.5419,176739.056,127711.8903,148656.1391
Protein-tyrosine kinase 2-beta OS=Homo sapiens OX=9606 GN=PTK2B PE=1 SV=2,yIEDEDyykASVTR-2,15829.80056,5409.413011,10330.93164,8787.474348,9595.256266,10700.83426,4468.639531,9099.01207,6967.376488,6826.513893
(blank),yIEIFR-1,1230.960294,2148.889707,10465.1582,9837.715878,8671.768431,8458.212725,9653.055417,7884.426687,9652.637469,7728.657226
Epithelial splicing regulatory protein 2 OS=Homo sapiens OX=9606 GN=ESRP2 PE=1 SV=1,yIELFR-1,1230.960294,2148.889707,10465.1582,9837.715878,8671.768431,8458.212725,9653.055417,7884.426687,9652.637469,7728.657226
Heterogeneous nuclear ribonucleoprotein F OS=Homo sapiens OX=9606 GN=HNRNPF PE=1 SV=3,yIEVFk-1,13777.20236,12930.58124,17717.5166,17312.48818,13613.07793,15753.67396,13753.90145,13661.93792,13059.67616,16440.21892
Heterogeneous nuclear ribonucleoprotein F OS=Homo sapiens OX=9606 GN=HNRNPF PE=1 SV=3,yIGIVk-1,20747.63681,103483.6286,33282.85156,43255.53004,32156.65136,50280.18944,55057.91603,34438.46104,43011.23046,36686.52172
Four and a half LIM domains protein 2 OS=Homo sapiens OX=9606 GN=FHL2 PE=1 SV=3,yISFEER-1,17927.65975,11286.7073,9229.807617,12602.60858,12547.94576,13312.08764,13863.7195,9314.048942,9626.349255,8601.032269
Aldo-keto reductase family 1 member B1 OS=Homo sapiens OX=9606 GN=AKR1B1 PE=1 SV=3,ykPAVNQIEcHPyLTQEk-1,10308.99981,7324.497339,18010.29883,10884.63675,18422.40599,18249.48138,20005.83852,17808.19723,15359.16435,20520.13405
Alpha-actinin-1 OS=Homo sapiens OX=9606 GN=ACTN1 PE=1 SV=2,yLDIPk-1,42077.54706,17221.96195,27736.52295,41601.83858,33759.72591,35823.50514,24445.06028,35252.75658,33092.01459,38217.18341
Dynactin subunit 3 OS=Homo sapiens OX=9606 GN=DCTN3 PE=1 SV=1,yLDPEyIDR-1,3472.343512,9278.648345,22174.60254,22480.40459,20636.53213,25216.07,18497.6483,27162.25973,20309.753,25803.09314
Albumin OS=Homo sapiens OX=9606 GN=ALB PE=1 SV=2,yLYEIAR-1,6673.155205,16733.74021,5766.19043,4843.797604,9116.79419,3918.780458,2469.674683,4597.433948,5117.678109,3003.407002
Inactive tyrosine-protein kinase PEAK1 OS=Homo sapiens OX=9606 GN=PEAK1 PE=1 SV=4,yQEVWTSSTSPR-1,12520.65851,9875.062145,12452.74268,17036.42583,14019.41126,15911.9392,7604.182199,10495.80762,8919.626108,9076.03492
RNA-binding protein 14 OS=Homo sapiens OX=9606 GN=RBM14 PE=1 SV=2,ySGSYNDYLR-1,13189.78023,44863.96466,18527.68555,22865.57861,24345.23111,30218.77616,26233.24694,17157.41947,15253.35236,14377.4445
PDZ and LIM domain protein 5 OS=Homo sapiens OX=9606 GN=PDLIM5 PE=1 SV=5,yTEFyHVPTHSDASk-1,72009.86354,99057.41054,72254.87573,140262.7548,104959.9275,86446.12315,106000.1928,76573.55817,115816.1541,61782.78707
Caveolin-1 OS=Homo sapiens OX=9606 GN=CAV1 PE=1 SV=4,yVDSEGHLyTVPIR-1,28417.34014,37959.31376,76730.15918,146807.5268,131183.8263,173797.9783,83127.0049,125916.0692,142405.2961,108256.0013
Non-receptor tyrosine-protein kinase TNK1 OS=Homo sapiens OX=9606 GN=TNK1 PE=1 SV=3,yVLARP-1,969832.6644,1585735.676,640130.4604,791254.2371,650345.7998,767556.2264,802610.3346,610451.9369,699113.3055,576800.9264
Tyrosine-protein kinase receptor UFO OS=Homo sapiens OX=9606 GN=AXL PE=1 SV=4,yVLcPSTTPSPAQPADR-1,2518.634152,3329.203776,1791.896484,7967.41869,8335.256591,12268.00974,13425.78416,9534.225886,9524.685992,11323.61493
Tyrosine-protein kinase Tec OS=Homo sapiens OX=9606 GN=TEC PE=1 SV=2,yVLDDQyTSSSGAk-1,38057.38226,11699.29406,21111.59424,22270.24989,22073.74553,22046.6379,13112.09949,20855.2953,21671.24257,19265.5969
Lipoma-preferred partner OS=Homo sapiens OX=9606 GN=LPP PE=1 SV=1,yYEGYyAAGPGYGGR-1,60545.51934,26840.44077,73999.15253,121514.9001,99120.78819,125334.0779,76219.90912,106900.7758,92950.19948,75006.2308
Lactotransferrin OS=Homo sapiens OX=9606 GN=LTF PE=1 SV=6,yYGyTGAFR-1,86143.40448,336898.4209,67887.74756,48407.4368,88963.95807,43808.55566,27264.73519,36180.21291,49651.51773,24495.64121
"GDP-mannose 4,6 dehydratase OS=Homo sapiens OX=9606 GN=GMDS PE=1 SV=1",yyRPTEVDFLQGDcTk-1,5739.173361,8248.12305,36490.94824,43788.88061,39681.63654,52386.01522,65698.24822,55848.32648,61059.12291,55546.51904