DDMC cluster,Gene,Position
4,PLCB3,Y855-p
5,TNKS1BP1,S1552-p;S1554-p
2,TNKS1BP1,Y940-p
2,PSMC1,Y25-p
3,RPS10,Y12-p
3,RPS10,Y82-p
5,RPS27,S30-p
2,RPS3,Y120-p
4,RPLP0,Y24-p
2,RPL10A,Y11-p
2,RPL35A,Y34-p
3,GIT1,Y383-p
2,GIT1,Y598-p
2,ACLY,Y682-p
2,PFKP,Y651-p
3,WRNIP1,Y500-p
2,ABI2,Y213-p
4,AFAP1L2,Y56-p
5,AFAP1L2,S389-p
2,AFAP1L2,Y413-p
3,AFAP1L2,Y54-p
3,ACTB,Y166-p
2,ACTB,Y294-p
3,ACTB,Y218-p
2,ACTB,Y240-p;S239-p
3,ACTB,Y91-p
3,ABLIM3,Y471-p
2,ARPC3,Y47-p
2,TNK2,Y827-p
5,TNK2,T517-p
2,TNK2,Y284-p
2,TNK2,Y518-p
3,TNK2,Y859-p
4,AHSA1,Y322-p
2,CRK,Y251-p
3,SLC35B3,Y43-p
2,ADSL,Y21-p
2,CAP1,Y354-p
3,AFDN,Y1230-p
2,ALB,Y162-p
4,ALB,Y162-p;Y164-p
2,ALDH1A3,Y492-p
4,AKR1B1,Y178-p
3,ACTN1,Y215-p
3,ACTN1,Y215-p
2,ANKS1A,Y455-p
2,ANXA1,Y207-p
3,ANXA1,Y39-p
3,ANXA2,Y30-p
2,ANXA2,Y238-p;S234-p
2,ANXA2,Y333-p
5,ANXA2,T31-p
3,ANXA2,Y24-p
2,ANXA2,Y316-p;S314-p
2,ANXA5,Y94-p
3,ANXA8,Y31-p
3,ARAP1,Y231-p
3,ARAP1,Y231-p;S229-p
3,ARAP2,Y415-p
4,ARAP2,Y334-p
3,ASAP2,Y763-p
3,NARS,Y539-p
2,BAG3,Y240-p
3,EPB41L1,Y343-p
2,EPB41L2,Y623-p
2,ATIC,Y208-p
4,BAIAP2,Y505-p
2,BAIAP2L1,Y380-p
3,BAIAP2L1,Y274-p
2,BCAR1,Y249-p
2,BCAR1,Y67-p
2,BCAR1,Y327-p
2,BCAR1,Y362-p
2,BCAR1,Y372-p
3,BCAR1,Y234-p
2,BCAR1,Y410-p
2,BCAR1,Y267-p
5,BCAR3,S340-p
2,BCAR3,Y266-p
2,BCAR3,Y212-p
2,CD2AP,Y548-p
2,CLASP2,Y1022-p
4,CTPS1,Y473-p
2,CNN3,Y261-p
4,CASKIN2,Y253-p
3,CASKIN2,Y384-p
3,CTNND1,Y228-p
3,CTNND1,Y228-p;S230-p
3,CTNND1,S214-p
2,CTNND1,Y335-p
2,CTNND1,Y904-p
2,CTNND1,Y257-p
4,CTNND1,Y174-p
3,CTNND1,Y334-p
3,CTNND1,Y296-p
2,CAVIN1,Y156-p
2,CAVIN1,Y308-p
3,MCAM,Y641-p
2,CHMP1A,Y48-p
3,CGN,Y99-p
3,CFL1,Y140-p
2,CCDC120,Y398-p
3,CDK1,Y15-p
5,CDK2,T158-p;T160-p
2,CDK2,Y15-p
5,CDK5,T14-p
2,CRIP1,Y12-p
1,MCM2,S139-p
2,DSP,Y249-p
2,DSP,Y249-p;S246-p
5,DSP,S2849-p
2,DSP,Y172-p
4,DSP,Y56-p
2,DCBLD2,Y621-p
2,DCBLD2,Y750-p
2,ADAM9,Y769-p
5,ADAM9,T777-p
2,DLG3,Y673-p
2,DNAJB1,Y176-p
2,DNAJB1,Y176-p
2,DOK1,Y409-p
1,DOK1,T406-p
3,DOK1,S316-p
2,DOK1,Y296-p
5,MRE11,S649-p
5,DBN1,S601-p
2,DAPP1,Y139-p
4,DYRK1A,Y321-p
2,DYRK1A,Y145-p
4,DYRK2,Y382-p
4,DYRK3,Y369-p
5,RANBP2,S2668-p
3,CBLB,Y363-p
3,CBLB,Y802-p;T798-p
3,CBLB,Y889-p;T885-p
2,CBLC,Y402-p
3,ITCH,Y103-p
3,RNF113A,Y241-p
5,RNF113A,S253-p
4,EEF1A1,Y141-p
2,EEF1A1,Y29-p
3,ELMO2,Y48-p
2,NEDD9,Y345-p
4,NEDD9,Y172-p
2,NEDD9,Y166-p
2,NEDD9,Y92-p
2,NEDD9,Y214-p
2,NEDD9,Y241-p
2,NEDD9,Y12-p
3,NEDD9,Y631-p
1,NEDD9,T185-p
2,NEDD9,Y106-p
2,NEDD9,Y223-p
4,NEDD9,Y112-p
2,NEDD9,Y261-p
2,NEDD9,Y317-p
2,NEDD9,Y177-p
5,EPHA2,T771-p
2,EPHA2,Y772-p
2,EPHA2,Y575-p
2,EPHA2,Y594-p
2,EPHA5,Y833-p
2,EPHA5,Y833-p
4,EPHB2,Y596-p
5,EPHB3,T791-p
5,EPHB4,T773-p
3,EFNB2,Y304-p
2,EGFR,Y1197-p
4,EGFR,Y1172-p
2,EPS8,Y602-p
2,EPS8,Y485-p
2,EPS8L1,Y684-p
2,EPS8L1,Y529-p
3,EPS15L1,Y564-p;S560-p
3,ESRP2,Y430-p
3,ERBIN,Y1104-p
2,EIF2S2,Y298-p
2,EZR,Y116-p
3,FYB1,Y571-p
2,FYB1,Y755-p;Y757-p
4,FLNA,Y2379-p
4,FLNB,Y904-p
4,PTK2,Y570-p
3,PTK2,Y861-p
3,PTK2,Y397-p
3,FNBP1L,Y291-p
3,FHL2,Y236-p
4,ALDOA,Y204-p
2,GPRC5B,Y376-p;S373-p
2,GPRC5C,Y387-p
4,GMDS,Y323-p
2,GAB1,Y285-p
3,GAB1,Y659-p
3,GAB1,Y627-p
2,GAB1,Y373-p
5,GAB1,T316-p
2,GAB1,Y406-p
2,GAB1,Y259-p
2,GAB2,Y293-p
5,GAB2,T265-p
2,GAB2,Y266-p
5,GAB2,T294-p
4,G6PD,Y249-p
4,G6PD,Y503-p
4,G6PD,Y112-p
5,GSTP1,T62-p
5,GSK3A,S278-p
1,GOSR1,S52-p
3,GOLGA3,Y210-p
3,GOLGA4,Y2162-p
3,GOLGA4,Y2148-p
5,GOLGA5,T40-p
3,GRB2,Y160-p
3,HSPA8,Y41-p;T37-p
4,HSP90AA1,Y197-p
2,HSP90AB1,Y484-p;S482-p
1,MET,S988-p
3,HGS,Y216-p
4,HNRNPA1,Y347-p
5,HNRNPU,T474-p
5,HNRNPUL1,S194-p
4,HNRNPA2B1,Y331-p
3,KAT2A,Y734-p
5,HIPK1,T351-p
4,HIPK3,Y359-p
5,PEAK1,S1108-p
5,PEAK1,T615-p
5,PEAK1,T1106-p
4,PEAK1,Y531-p
2,PEAK1,Y797-p
3,IRS2,Y675-p;S672-p
3,IRS2,Y653-p
2,IRS2,Y823-p
2,ITGB1,T789-p
2,ITGB4,Y1207-p
3,ITSN2,Y968-p
2,ITSN2,Y553-p
1,SLC4A1AP,S466-p
4,KRT18,Y94-p
5,KRT18,S127-p
3,KRT18,Y13-p
3,KRT19,Y391-p
2,KRT7,Y55-p;S53-p
4,KRT7,Y205-p
2,KRT7,Y40-p
2,KRT7,Y40-p;S38-p
2,KRT7,Y40-p;S37-p
4,KRT8,Y204-p
3,KRT8,Y267-p
2,KRT8,Y25-p;S24-p
3,KIRREL1,Y721-p;T719-p
2,KIRREL1,Y622-p
2,KLC2,Y345-p
3,LDHA,Y239-p
4,LMO7,Y185-p
3,LMO7,Y1672-p
4,LIMD1,Y179-p
3,LIMD1,Y180-p
5,LARP1,S627-p
5,LARP1,S627-p;S631-p
2,LPXN,Y22-p
3,LSR,Y372-p
4,LSR,Y586-p
2,LPP,Y317-p
2,LPP,Y275-p
5,LPP,T316-p
4,LPP,Y296-p
4,ACP1,Y132-p
2,LDLR,Y845-p
1,LDLR,T831-p
2,MPP5,Y243-p
2,MPP5,Y528-p
3,MAPK1,Y187-p
4,MAPK10,Y223-p
4,MAPK10,Y223-p;T221-p
4,MAPK13,Y182-p
4,MAPK14,Y182-p
3,MAPK3,Y204-p
4,MAPK9,Y185-p;T183-p
4,MISP,Y350-p
2,MVB12A,Y204-p
3,MPZL1,Y263-p
2,MYH9,Y754-p
3,MYH9,Y9-p;Y11-p
2,NSFL1C,Y167-p
2,WASL,Y256-p
1,AHNAK,S115-p
2,TNK1,Y661-p
4,TYK2,Y292-p
1,NUCKS1,S19-p
3,NME2,Y52-p
2,PDLIM1,Y321-p
2,PDLIM4,Y191-p
4,PDLIM5,Y247-p;Y251-p
3,ZDHHC13,Y59-p
3,PARD3,Y1080-p
4,PARD3,Y489-p
3,PARD3,Y1127-p
2,PARD3B,Y1000-p
2,PXN,Y88-p
2,PXN,Y88-p;S85-p
3,SGMS2,Y59-p
3,INPPL1,Y986-p
3,PIK3R2,Y460-p;S457-p
2,PIK3R3,Y341-p
4,PI4KA,Y1149-p
3,PITPNA,Y140-p
5,PACS1,S252-p
3,PGM1,Y353-p
3,PGAM1,Y92-p
2,PGAM1,Y26-p
3,ATP8B1,Y1217-p
3,PAG1,Y417-p
1,PAG1,S301-p
5,PKP2,T80-p;S82-p
2,PKP2,Y88-p
2,PKP3,Y195-p
3,PKP3,Y176-p
3,PKP3,Y176-p;S180-p
2,PKP3,Y390-p
3,PKP3,Y84-p
4,PKP4,Y478-p
2,LCP1,Y124-p
2,PLEKHA6,Y492-p;S488-p
4,PHLDB2,Y894-p
3,PHLDB2,Y301-p
3,PHLDB2,Y324-p
5,PLEC,S4642-p
4,PQBP1,Y187-p
2,PFN1,Y129-p
2,PSMA2,Y57-p;S54-p
3,PSMB4,Y102-p
4,PSMB4,Y223-p
4,BRK1,Y63-p
3,WWC1,Y128-p
5,LTV1,T356-p
2,MEMO1,Y199-p
2,SON,Y949-p
5,DIAPH1,S373-p
3,PACSIN2,Y388-p
3,PRKCD,Y313-p
3,PRKCD,Y374-p
3,PRKCD,Y630-p
4,TGM2,Y388-p
4,PTK2B,Y573-p
3,PTK2B,Y819-p
2,SRC,Y530-p
3,PDXDC1,Y677-p
2,PKM,Y390-p
2,PKM,Y370-p
1,RBM14,T572-p
4,RBM14,Y648-p
5,RBM5,S624-p
3,LAMTOR1,Y40-p
2,RAPGEF1,Y561-p
3,RASA1,Y460-p
3,G3BP1,Y133-p
2,RIN1,Y36-p
3,RIN1,Y698-p
3,RIN1,Y681-p
3,ERBB2,Y1248-p
2,ERBB2,Y877-p
4,ERBB3,Y1328-p
2,PTPRK,Y805-p;S804-p
3,GPRC5A,S321-p
2,GPRC5A,Y317-p
4,GPRC5A,Y320-p
4,ARHGDIA,Y128-p
4,ARHGDIB,Y125-p
2,ARHGAP12,Y243-p;S240-p
3,ARHGAP27,Y228-p
3,ARHGAP32,Y2029-p
5,ARHGAP35,S970-p
2,ARHGAP35,Y1087-p
2,ARHGAP42,Y376-p
2,ARHGAP5,Y1109-p
1,ARHGEF5,S652-p
3,ARHGEF5,Y656-p
4,ARHGEF5,Y1370-p
3,ROBO1,Y932-p
4,SHB,Y268-p
3,SHB,S247-p
2,SHB,Y336-p
4,SHB,Y246-p
3,SH2D3A,Y231-p
1,SH2D3A,T216-p
2,SHANK2,Y588-p
5,SHC1,S426-p
4,SHC1,Y349-p
5,SLAIN2,S134-p
5,SCAMP3,S85-p
3,SCAMP3,Y35-p
3,SEPT2,T14-p
3,SEPT2,Y17-p
1,SRRM2,S1041-p;T1043-p
5,SRRM2,S1041-p;S1042-p
3,SRSF1,Y189-p
3,SRSF9,S211-p
1,ICK,S152-p
3,ICK,Y159-p
4,ICK,Y159-p;T157-p
4,PRPF4B,Y849-p
2,MTOR,Y1232-p
4,STAT6,Y641-p
5,SIPA1L1,S174-p
3,SLC38A2,Y41-p;S39-p
2,SLC38A2,Y28-p
3,ATP1A1,Y55-p
3,SLC12A4,Y17-p
3,SLC35E1,Y403-p
3,SLC35E1,Y394-p
3,SOS1,Y1196-p
2,SPTAN1,Y1176-p
1,SPTBN1,S778-p
4,SF3B4,Y16-p
2,CTTN,Y421-p
3,CTTN,Y421-p;S418-p
2,SND1,Y109-p
3,SDCBP,Y50-p
3,SDCBP,Y56-p
5,TCP1,S544-p
2,TOM1L2,Y404-p;T401-p
4,TRIOBP,Y2321-p;Y2325-p
3,TRIOBP,Y1945-p
3,TLN1,Y1116-p
2,TLN1,Y127-p
2,TOM1,Y386-p
3,TNS1,Y1323-p
3,TNS1,Y1404-p
2,TNS1,Y796-p;S792-p
2,TNS1,Y1326-p
4,TNS3,Y780-p
2,TNS3,Y780-p;S776-p
2,TNS3,Y354-p
2,TXNRD1,Y163-p;S160-p
2,TARS,Y298-p
4,TJP1,Y1361-p
2,TJP1,Y833-p
3,TJP1,S1196-p
2,TJP2,Y261-p
5,TJP2,S913-p
2,TJP2,Y1118-p
3,TJP2,Y249-p
1,TFRC,S7-p
2,TAGLN2,Y192-p
3,TMEM106B,Y50-p
3,TMEM230,Y29-p
4,TUBA1B,Y357-p
3,TUBA1C,Y432-p
4,TUBB4B,Y340-p
3,TWF1,Y309-p
2,TWF2,Y309-p
3,AGTRAP,Y133-p;S131-p
2,ABL1,Y185-p
2,FRK,Y132-p
4,FRK,Y497-p
4,FRK,Y46-p
4,FER,Y402-p
3,JAK2,Y570-p
2,LCK,Y192-p
2,LCK,Y394-p
2,LYN,Y397-p
2,SYK,Y323-p
4,TEC,Y513-p
4,YES1,Y223-p
2,YES1,Y222-p
2,YES1,Y446-p
2,YES1,Y16-p
3,YES1,S195-p
3,YES1,Y194-p
3,AXL,Y759-p
3,AXL,Y866-p
3,AXL,Y702-p
3,AXL,Y481-p
3,AXL,Y821-p
3,PTPN11,Y63-p
3,PTPN11,Y546-p
3,SIRPA,Y496-p
3,SIRPA,Y429-p
1,C20orf27,S165-p
3,C11orf52,Y103-p
1,C11orf52,T101-p
2,C6orf132,Y1142-p
2,KIAA1671,Y733-p
3,UMPS,Y37-p
4,VTA1,Y278-p;S281-p
2,VASP,Y39-p
3,VCL,Y692-p
5,ZRANB2,S120-p
3,ZNF185,Y581-p
4,ZYX,Y316-p
