,1,2,3,4,5,6,7,8,9,10,11
P,0.026864591049836014,0.03836644589181139,0.0078056614756944545,0.00954325493073502,0.00786281628668449,,0.0812919719972417,0.024955381421420172,0.024108183671080627,0.02749942617111345,0.024867837782934638
G,0.011839219155547573,0.00014026498256367037,0.01806251352520717,0.001372712255153674,0.09636003697446094,,0.0015897027106943071,0.031709270165554276,0.1083292709649915,0.03069630368848296,0.03197616737846081
A,0.014063155180108885,0.021357131936934334,0.02871595469074432,0.04580215528123357,0.005143607345552553,,0.002903217323771356,0.01072543442953762,0.011560330054349255,0.016234219300051114,0.018069790939329738
C,0.07530663629429192,0.014913491846163597,0.0333970861505742,0.05111842373904884,0.03566156388265634,,0.010779829600539054,0.022617892728054048,0.02331694002890655,0.05156704579013087,0.026140965205175584
S,0.028537362658188566,0.005475523053927442,0.013313511991707825,0.03207864909264902,0.05056874395192301,,0.00280984312475839,0.0024807621136485047,0.012725312335855719,0.022102265119827005,0.015494048776465597
T,0.0020125134817038804,0.03453633808302921,0.03748440627991705,0.012760760734363302,0.023087412389372498,,0.0340949832119845,0.027534764257707026,0.01637130552297569,0.025204252530890266,0.024286538913212415
V,0.03138282318602041,0.017839547705864395,0.008192585234955266,0.00586273351282597,0.012846481679601313,,0.034310152783936454,0.040049370601394574,0.02636906236724473,0.008250091897364087,0.013246294554332582
I,0.024888703240917676,0.015559470981800825,0.04345512249061477,0.008514749063249685,0.009003467753899819,,0.04884359927257222,0.004793700900380392,0.0020999682340266386,0.03751628585686354,0.02911928709963091
L,0.019504724569731693,0.02475779595875982,0.036923249732581515,0.040488949773486986,0.04403781897049774,,0.014605407294975642,0.020371795699685932,0.02614192090244732,0.016999615609615007,0.01317400076936955
M,0.03516238985216571,0.039701789842056294,0.039961582737838765,0.046690995759339105,0.06197102000235557,,0.031648706968283646,0.00818922707474745,0.062031523587271147,0.026134288813611507,0.016591582011439215
F,0.012541620437548043,0.03980877993876737,0.01817267753938151,0.02641427388656875,0.012803549811926523,,0.04601254099078158,0.038730666964604366,0.013204488885419197,0.025863601617172476,0.002468871623810084
Y,0.03285647310115933,0.0319832722729208,0.06321186439568088,0.028976435928030453,0.04249817776310305,0.0,0.026351626574793393,0.029761728991632205,0.05508949949407846,0.05717827524312485,0.038564225033173714
W,0.026445269285666404,0.09936155660365716,0.05954151065548182,0.06580369850506014,0.056489209978942266,,0.05974035622559676,0.01566579636271309,0.011010848321041877,0.030613801746451008,0.004384422639302859
H,0.009702069871032613,0.003970901768990287,0.046144458733813086,0.028333250650375088,0.017430226707375693,,0.07500321895657197,0.05526748110529742,0.005983067734510264,0.038755822612832426,0.020828382289380165
K,0.06386128076614309,0.06186507701031614,0.07978102148596643,0.0978595615429936,0.10078177430357144,,0.16152023627439438,0.10022411619535847,0.1847099893194194,0.05252498335729522,0.053132516210379815
R,0.10958064268903182,0.08885968263426247,0.04225704244392359,0.0642872418653948,0.11278924317070615,,0.1388036246759371,0.11838999226776088,0.1376030737971416,0.06180176498323778,0.09402634364910926
Q,0.007178231076989782,0.0004932324909844993,0.004100689425816817,0.053102139282306324,0.02770856914888221,,0.044146630333299304,0.02563755843155817,0.04853317143880864,0.029625574779683084,0.022836423328774
N,0.020860549356670532,0.02234100357861904,0.014182838400444651,0.03371249910858059,0.0019859828011340452,,0.009064702178664077,0.009844637253767635,0.007227929201016142,0.0272005612980145,0.007882733016657591
D,0.02861577014559599,0.05205642536566982,0.07887258073605123,0.08318036835239438,0.029600718083537935,,0.08497173315482619,0.05972871660101146,0.09831608253984561,0.061474836776741475,0.04660997966450321
E,0.03331240564418017,0.06416745504265106,0.0638530514731197,0.06940162145437656,0.038581649997483175,,0.08910892023268666,0.08137950616416294,0.039742192122914966,0.04687196583966251,0.06055402801627954
