Elapsed,UT,UT,UT,UT,UT,UT,UT,UT,E-500;CX4945-05,E-500;CX4945-05,E-500;CX4945-05,E-500;CX4945-05,E-500;RXDX106-67,E-500;RXDX106-67,E-500;RXDX106-67,E-500;RXDX106-67,E-500;CX4945-1,E-500;CX4945-1,E-500;CX4945-1,E-500;CX4945-1,E-500;RXDX106-125,E-500;RXDX106-125,E-500;RXDX106-125,E-500;RXDX106-125,E-500;CX4945-2,E-500;CX4945-2,E-500;CX4945-2,E-500;CX4945-2,E-500;RXDX106-250,E-500;RXDX106-250,E-500;RXDX106-250,E-500;RXDX106-250,E-500;CX4945-4,E-500;CX4945-4,E-500;CX4945-4,E-500;CX4945-4,E-500;RXDX106-500,E-500;RXDX106-500,E-500;RXDX106-500,E-500;RXDX106-500,E-500;CX4945-8,E-500;CX4945-8,E-500;CX4945-8,E-500;CX4945-8,E-500;RXDX106-1000,E-500;RXDX106-1000,E-500;RXDX106-1000,E-500;RXDX106-1000,UT,UT,UT,UT,UT,UT,UT,UT,E-1000;CX4945-05,E-1000;CX4945-05,E-1000;CX4945-05,E-1000;CX4945-05,E-1000;RXDX106-67,E-1000;RXDX106-67,E-1000;RXDX106-67,E-1000;RXDX106-67,E-1000;CX4945-1,E-1000;CX4945-1,E-1000;CX4945-1,E-1000;CX4945-1,E-1000;RXDX106-125,E-1000;RXDX106-125,E-1000;RXDX106-125,E-1000;RXDX106-125,E-1000;CX4945-2,E-1000;CX4945-2,E-1000;CX4945-2,E-1000;CX4945-2,E-1000;RXDX106-250,E-1000;RXDX106-250,E-1000;RXDX106-250,E-1000;RXDX106-250,E-1000;CX4945-4,E-1000;CX4945-4,E-1000;CX4945-4,E-1000;CX4945-4,E-1000;RXDX106-500,E-1000;RXDX106-500,E-1000;RXDX106-500,E-1000;RXDX106-500,E-1000;CX4945-8,E-1000;CX4945-8,E-1000;CX4945-8,E-1000;CX4945-8,E-1000;RXDX106-1000,E-1000;RXDX106-1000,E-1000;RXDX106-1000,E-1000;RXDX106-1000
0,1.514669,48.01925,1.560192,1.518302,1.914376,1.965131,1.119796,0.7420918,1.288735,2.18444,1.514341,1.926587,2.134615,1.923787,1.620711,0.5901579,1.922175,1.79189,71.84885,1.583301,2.049238,2.211101,1.327237,20.35709,19.61159,1.66719,1.577934,1.990384,1.971277,1.8268,1.536399,0.7559823,1.170154,1.505682,1.753729,1.638481,1.933976,2.023027,1.660033,0.657848,1.175686,1.285265,1.359361,1.455092,1.358132,1.605196,1.507334,0.6384124,1.13101,1.995315,1.93287,2.226371,1.752663,1.762361,1.882771,0.6108637,1.303936,2.09909,1.811284,1.916644,1.538953,1.915483,1.427584,0.8560423,1.372637,1.834107,1.751216,1.915578,1.698823,1.804086,1.450789,0.8225115,1.473899,1.845334,1.748962,1.722451,1.921452,1.723448,1.273424,0.6579436,1.130641,1.755204,1.746476,1.357517,1.626994,1.508564,1.313989,0.7771115,1.107203,1.140693,1.117242,1.07736,1.409159,1.190723,0.8945311,0.5748333
3,1.693359,54.91002,1.832004,1.714762,2.202114,2.263726,1.358023,0.8293679,1.43724,2.45557,1.738636,2.152261,2.422216,2.229076,1.788352,0.6469077,2.101494,1.98458,65.14761,1.908927,2.331512,2.45658,1.427161,22.84024,22.42787,1.87724,1.813552,2.25015,2.205324,2.084053,1.740111,0.8588287,1.3156,1.706471,2.020432,1.798842,2.201404,2.053117,1.955747,0.7381583,1.267619,1.493239,1.62123,1.620233,1.538899,1.70404,1.654078,0.7201841,1.286481,2.195709,2.193673,2.498648,1.974323,1.969911,2.074136,0.6457468,1.511746,2.405471,2.081403,2.119728,1.757266,2.082892,1.685997,1.000232,1.517346,2.102505,1.958151,2.132348,1.909856,1.994537,1.634206,0.9505572,1.610864,2.056722,1.922339,1.941051,1.936838,1.995875,1.172387,0.7260162,1.278272,1.920304,2.021348,1.611861,1.828303,1.718695,1.510367,0.8773628,1.25321,1.227696,1.378933,1.09431,1.534651,1.268657,0.7661406,0.6140188
6,1.2528,41.24543,1.956512,1.879797,2.493731,2.513316,1.474514,0.9082713,1.625519,2.948727,1.979485,2.490384,2.963273,2.616095,2.156018,0.7859347,2.359648,2.322744,72.00133,2.246722,2.726166,2.989073,1.717589,17.02084,10.58794,2.223817,2.032971,2.528873,2.703794,2.416835,1.990657,0.9332112,1.54387,1.865125,2.240917,2.064152,2.479731,2.406701,2.310519,0.8691133,1.349418,1.62093,1.722738,1.790428,1.803185,2.136132,1.994373,0.8454162,1.423391,2.401415,2.3806,2.678472,2.121217,2.160689,2.435792,0.7347164,1.683116,2.733528,2.397645,2.485727,1.976754,2.421711,1.941147,1.151429,1.69015,2.476289,2.177079,2.432228,2.288134,2.346222,1.896812,1.118963,1.870438,2.356944,2.177939,2.123402,2.50784,2.304032,1.658749,0.8689084,1.414295,2.107763,2.15569,1.767633,2.070367,2.061462,1.777972,1.028546,1.398465,1.267838,1.308648,1.220252,1.706075,1.471072,1.096727,0.7252649
9,2.013645,48.56032,2.256993,2.208547,2.773478,2.830447,1.646075,1.020801,1.951773,3.848311,2.47506,2.977409,3.473025,3.159432,2.533544,0.9417475,2.798227,2.686831,74.62921,2.655157,3.27408,3.528135,2.156783,18.19388,16.6958,2.466783,2.321869,2.993444,3.191502,2.892346,2.437527,1.087057,1.636446,2.243608,2.562404,2.415524,3.051054,3.003674,2.854007,1.098093,1.508044,1.806299,1.966578,1.884342,2.063278,2.482476,2.483378,1.005969,1.580392,2.752718,2.636391,3.002704,2.379671,2.389464,2.903955,0.8305561,1.983474,3.143316,2.879521,2.982695,2.369031,2.877267,2.314207,1.364524,2.055548,2.852027,2.628865,2.759342,2.780075,2.790838,2.401224,1.318127,2.144244,2.734115,2.514191,2.505409,3.052748,2.812213,2.011978,1.018152,1.649011,2.446774,2.555958,1.971605,2.425167,2.520897,2.085336,1.167259,1.581785,1.539035,1.44997,1.371954,1.996613,1.831826,1.291316,0.8200393
12,2.265912,41.68174,2.54163,2.456635,3.087972,3.274967,1.809345,1.108446,2.349308,4.03629,2.81881,3.403805,3.985905,3.60805,2.934236,1.076349,3.345444,3.033585,74.79561,3.075926,3.581976,3.953658,2.555302,12.57788,22.8029,3.000901,2.689357,3.513262,3.696651,3.335118,2.765707,1.28181,1.92544,2.422695,3.032998,2.680302,3.566146,3.420974,3.355564,1.221768,1.63844,2.198331,2.296561,2.282301,2.439043,2.921683,2.98346,1.165046,1.708438,3.095485,2.961197,3.477751,2.655143,2.764464,3.222028,0.8975906,2.307911,3.604458,3.419157,3.494714,2.773915,3.255163,2.706922,1.576732,2.273178,3.293624,3.062335,3.251871,3.231315,3.346796,2.782493,1.559782,2.372132,3.336579,2.916931,3.092848,3.576964,3.18093,2.371094,1.243212,1.889109,2.793788,2.851945,2.300603,2.817212,2.969979,2.39505,1.478857,1.847547,1.751475,1.789131,1.705939,2.287874,2.170686,1.544512,1.022932
15,2.543583,54.58287,2.938046,2.745424,3.315422,3.432856,1.989497,1.254876,2.554455,4.499345,3.273191,3.824615,4.438838,4.009451,3.417873,1.216319,3.738226,3.33464,78.65144,3.366709,3.966359,4.30787,2.884684,25.95874,25.51559,3.152863,2.998921,3.856616,4.072361,3.69549,2.990794,1.436448,2.022304,2.770528,3.485126,2.972697,4.072675,3.62007,3.583534,1.37388,1.771006,2.473817,2.583165,3.1054,2.799921,3.176041,3.365385,1.244701,1.9145,3.326022,3.249099,3.850879,2.818633,3.098421,3.436557,1.017523,2.698617,3.996175,3.687131,3.85693,3.159214,3.713901,2.997282,1.703917,2.554018,3.632389,3.449328,3.694015,3.49948,3.674388,3.073836,1.75097,2.999249,3.52886,3.289746,3.316816,3.96121,3.623852,2.611888,1.440054,1.994455,3.099309,3.182965,2.549784,3.185451,3.295291,2.67294,1.649202,1.801259,1.915852,2.056791,1.960241,2.510093,2.380149,1.819711,1.174156
18,2.697771,55.74805,3.150459,2.904802,3.60021,3.778791,2.131624,1.342043,2.811189,4.906741,3.668419,4.096509,4.848189,4.359088,3.609867,1.343258,4.033367,3.677666,79.44981,3.600278,4.224582,4.607831,3.055862,17.36628,13.93619,3.340062,3.420755,4.177093,4.373908,3.948809,3.278764,1.5423,2.250533,2.951213,3.749221,3.358023,4.337317,4.102149,3.791699,1.500464,2.138958,2.319233,2.678868,3.062322,3.057282,3.453876,3.578289,1.391253,2.213887,3.570394,3.411208,4.154243,3.138371,3.195886,3.714625,1.12963,2.94243,4.312363,4.064071,4.049074,3.268138,3.91439,3.24003,1.795318,2.774639,3.945449,3.724063,4.034924,3.769572,4.067403,3.347806,1.900076,2.880299,3.722383,3.565792,3.618935,4.305807,3.885202,2.803062,1.523861,2.035101,3.226727,3.377745,2.668952,3.407848,3.480592,2.857722,1.745247,1.900473,1.987407,2.113226,2.13579,2.660757,2.535538,2.018288,1.167545
21,2.942513,53.0006,3.331731,3.126174,3.903027,4.028641,2.276087,1.443004,2.980728,5.150063,3.862216,4.331881,5.062377,4.555015,3.837262,1.390884,4.242843,4.042081,79.72285,3.832058,4.445121,4.847397,3.327169,17.47626,29.37862,3.592452,3.539076,4.514287,4.617788,4.065081,3.458397,1.713164,2.291494,3.068209,3.901114,3.67193,4.422175,4.040852,4.020992,1.613841,2.080734,2.37164,2.765775,3.38157,3.165455,3.809277,3.831498,1.49735,2.340609,3.854471,3.945258,4.472205,3.216046,3.397659,3.953971,1.181081,3.040893,4.737939,4.374618,4.456785,3.516431,4.08367,3.442021,1.946869,2.935792,4.175699,4.005517,4.33912,3.905307,4.362229,3.564166,2.097929,3.262525,3.915114,3.752841,3.958356,4.538038,4.150199,3.031072,1.646307,2.23025,3.378892,3.61701,2.831403,3.551451,3.75056,3.129848,1.858651,1.865658,1.908012,2.143452,1.969679,2.882007,2.579982,2.173773,1.231957
24,3.215609,42.62755,3.549552,3.268671,4.304837,4.267906,2.463082,1.446419,3.205584,5.455966,3.985262,4.70486,5.263617,4.78995,4.015351,1.555807,4.589734,4.342206,81.62424,4.225552,4.717152,5.191788,3.411044,20.57274,28.64442,3.945968,3.884779,4.760243,4.831717,4.322429,3.775992,1.810356,2.445982,3.29641,4.008413,3.892947,4.664172,4.20815,4.329094,1.712167,2.055192,2.505067,2.805412,3.146416,3.308867,3.951268,3.961334,1.590882,2.400104,4.048514,4.003947,4.864127,3.486888,3.710049,4.242665,1.259998,3.264231,4.938224,4.72536,4.71304,3.638686,4.24089,3.578261,2.085801,3.173172,4.549265,4.31571,4.783052,4.159214,4.600115,3.70557,2.261569,3.481234,4.260558,4.107149,4.208397,4.74298,4.342357,3.204135,1.713833,2.403204,3.44646,3.890693,3.088369,3.734921,3.953166,3.246271,1.970047,2.078343,1.933553,2.218245,2.132703,3.067103,2.708342,2.294102,1.293228
27,3.373634,53.37022,3.81911,3.660252,4.723188,4.61268,2.77845,1.647645,3.349036,5.655594,4.408708,5.125464,5.55231,5.051164,4.214939,1.598708,4.80455,4.707809,77.33702,4.589284,4.95053,5.409323,3.560738,10.61735,30.09853,4.213355,4.088628,5.230906,5.035197,4.486369,3.987584,1.85958,2.703316,3.564617,4.227805,4.031442,4.871462,4.414198,4.608228,1.781509,2.188264,2.625874,2.935028,3.281837,3.470266,4.063251,4.106725,1.690327,2.488063,4.334285,4.468203,5.194356,3.795878,3.989415,4.540742,1.35775,3.530908,5.30018,5.019968,5.08998,3.786727,4.534282,3.838341,2.272782,3.361656,4.77315,4.676027,5.054223,4.279119,4.715526,3.967124,2.337249,3.935165,4.597847,4.301082,4.359074,4.987121,4.538079,3.368294,1.806272,2.418556,3.704777,4.006993,3.280349,3.920482,3.986697,3.513849,2.09248,1.880709,1.935287,2.065273,2.122705,3.158203,2.849719,2.337549,1.328985
30,3.768671,47.98343,4.232162,3.927474,5.14714,5.04331,3.124945,1.674661,3.589366,6.510271,4.61059,5.541411,5.676423,5.150227,4.421096,1.710869,5.192485,4.940217,82.84001,4.82262,5.033394,5.6875,3.840431,22.35858,22.33113,4.489634,4.43959,5.546247,5.202005,4.750095,4.174565,1.948413,2.877322,3.67772,4.47282,4.154283,5.014955,4.530526,4.818127,1.914936,2.391554,2.642319,3.019408,3.380491,3.660347,4.211661,4.337699,1.745028,2.83128,4.64729,4.865002,5.7811,4.311762,4.338505,5.126297,1.399189,3.760749,5.700748,5.187732,5.533749,3.930562,4.592261,4.098981,2.347287,3.440354,4.999809,4.989565,5.445271,4.482572,4.824151,4.064713,2.502786,3.593586,4.734879,4.489701,4.550467,5.185998,4.726781,3.461908,1.84334,2.565109,3.826199,4.105646,3.455023,4.094952,4.185123,3.617925,2.185738,1.941434,1.955133,1.99914,2.193755,3.248839,2.909787,2.529119,1.362393
33,4.130982,53.0087,4.67619,4.257771,5.552052,5.774734,3.398137,1.778587,3.756461,6.440437,4.954736,5.904201,5.823084,5.270419,4.636036,1.820381,5.402398,5.194302,78.87547,5.185205,5.189357,5.780485,3.974268,25.47837,34.13331,4.695531,4.733336,6.032643,5.431927,4.891868,4.280499,2.036782,2.90737,3.938319,4.598216,4.462576,5.263235,4.698686,5.15035,1.99074,2.401388,2.748224,3.034159,3.593928,3.713164,4.322088,4.465499,1.848202,2.993103,4.960514,5.350114,6.198576,4.645296,4.720143,5.860413,1.572266,3.914636,6.016061,5.490371,5.891745,4.027931,4.794075,4.363308,2.484293,3.730127,5.282356,5.272345,5.693414,4.686461,4.942225,4.292954,2.612626,4.226262,5.002841,4.684085,4.847069,5.317771,4.838409,3.712003,1.936981,2.601043,4.023423,4.32426,3.535047,4.224432,4.324287,3.696665,2.217971,1.886705,1.962112,1.984894,2.249727,3.295441,3.015953,2.51527,1.430985
36,4.491709,64.69311,4.978679,4.79652,5.824601,6.202687,3.63075,1.959613,3.845867,6.644231,5.137811,6.181176,5.947961,5.348135,4.856097,1.766772,5.595321,5.46823,75.34166,5.506022,5.333588,5.96401,4.175781,18.59856,27.70879,4.832455,4.872145,6.328671,5.579122,5.106165,4.33005,2.139177,2.884602,3.973954,4.646047,4.538161,5.414212,4.901128,5.233228,2.122938,2.259875,2.658162,3.112243,3.447416,3.705228,4.41439,4.592138,1.869195,3.232367,5.667408,5.796943,6.897468,5.08005,5.214871,6.528819,1.773301,4.090185,6.305302,5.785361,6.103994,4.104157,4.882758,4.417436,2.551164,3.844529,5.459817,5.525732,5.913543,4.836074,5.209531,4.467084,2.762825,4.576446,5.154434,4.849664,5.090404,5.464912,4.840663,3.909364,1.98402,2.679742,4.113582,4.359498,3.673268,4.267427,4.43892,3.750751,2.357736,1.85092,1.989319,1.942048,2.081403,3.37851,3.109184,2.624358,1.494168
39,5.05537,56.8269,5.289567,5.098653,6.440259,7.054523,4.146348,2.148014,4.071527,6.901291,5.482654,6.517837,6.264586,5.577278,5.079176,1.87052,5.773328,5.66017,73.49485,5.859674,5.425398,6.037355,4.330201,30.7865,32.22892,4.999057,5.188989,6.633482,5.758331,5.259042,4.523314,2.218887,3.050303,4.086825,4.830515,4.687814,5.502418,4.854362,5.388794,2.176532,2.189603,2.518889,2.881569,3.370438,3.812514,4.480264,4.685136,1.939685,3.60708,6.290742,6.15838,7.600442,5.61324,5.618171,6.886883,1.902986,4.204709,6.520761,5.962945,6.284063,4.260448,5.083697,4.540251,2.59655,3.992925,5.645814,5.767851,6.781863,4.832537,5.369687,4.577033,2.790524,4.051355,5.381583,5.169321,5.315778,5.583096,4.936475,4.03898,2.052584,2.747938,4.103147,4.512005,3.710924,4.359457,4.544881,3.86914,2.406509,1.855947,1.942649,2.076281,2.118157,3.371817,3.116532,2.595307,1.494864
42,5.381842,58.37251,5.698672,5.379699,6.961565,7.435874,4.305712,2.250601,4.248484,7.543364,5.644558,6.807118,6.29006,5.673473,5.163516,1.865671,6.132949,5.903039,75.5964,6.072061,5.502295,6.229457,4.397877,27.78728,34.98294,5.206034,5.419675,6.910661,5.918775,5.378728,4.546998,2.246053,3.09349,4.16159,4.933444,4.88792,5.617214,5.381843,5.565873,2.173281,2.23051,2.4829,2.781591,3.347042,3.860563,4.543487,4.770883,1.968326,3.981466,6.804373,6.596755,8.356751,6.01628,6.042149,7.350619,2.120479,4.420755,6.728461,6.474458,6.55115,4.432405,5.140161,4.573741,2.616382,4.202933,5.841319,6.015748,6.49903,5.021361,5.413571,4.723571,2.86843,4.821719,5.589762,5.305343,5.446951,5.68272,5.011992,4.079422,2.068715,2.806545,4.233064,4.635885,3.78644,4.424853,4.602614,3.939945,2.471113,1.825489,1.899598,2.044362,2.072989,3.400431,3.206198,2.733433,1.518056
45,6.072102,54.49104,6.165729,5.918734,7.580515,8.159896,4.638453,2.390024,4.427024,7.611123,6.021689,7.245739,6.405348,5.815983,5.333465,1.943127,6.252731,6.039896,78.77464,6.260489,5.610344,6.245739,4.541466,24.05806,39.76182,5.403122,5.645391,7.416111,6.009315,5.462016,4.605264,2.349063,3.075557,4.286781,4.992051,4.758591,5.70587,5.124426,5.68485,2.261924,2.163967,2.511623,2.82904,3.276333,3.905936,4.607367,4.821924,2.030253,4.325407,7.573207,7.552462,9.196665,6.422914,6.694916,7.882279,2.317253,4.571965,6.8293,6.630054,6.818619,4.472232,5.20908,4.733487,2.693537,4.255326,6.09827,6.335514,6.788625,5.087863,5.485946,4.781291,2.979007,4.621203,5.785566,5.469351,5.67462,5.764136,5.044908,4.176054,2.183826,2.855196,4.415004,4.785483,3.934864,4.529652,4.650022,4.018138,2.593026,1.828152,1.901866,2.214092,2.014464,3.460992,3.255572,2.796738,1.512921
48,6.596359,54.61046,6.845431,6.51822,8.320764,8.793624,5.033285,2.506692,4.624125,8.010612,6.153299,7.554223,6.53547,5.85107,5.264205,2.018862,6.454299,6.233705,74.25269,6.389258,5.690396,6.225114,5.535238,27.04253,29.40236,5.687158,5.91062,7.723639,6.042149,5.498456,4.741832,2.357941,3.25855,4.308826,5.264109,5.113267,5.775732,5.189958,5.768766,2.309181,2.149749,2.41073,2.793624,3.321146,4.007239,4.681545,4.827128,2.053909,4.71696,8.001024,8.149611,9.938592,7.265352,7.250232,8.823439,2.382826,4.646402,7.079695,6.879643,6.92798,4.57639,5.289432,4.791521,2.8044,4.432269,6.288406,6.595743,7.136419,5.194028,5.532684,4.848844,3.032233,4.732777,6.002349,5.679414,5.892291,5.815778,5.14337,4.234252,2.161864,2.957673,4.472916,4.895514,4.022481,4.563278,4.677256,4.083383,2.492447,1.851521,1.850128,2.344433,2.12078,3.46233,3.243663,2.699,1.532124
51,7.011568,49.65504,7.379834,7.264806,9.18246,9.446787,5.527767,2.564685,4.713901,8.547968,6.253128,7.749057,6.479498,5.894722,5.456976,2.032042,6.741327,6.474295,74.99927,6.790783,5.772782,6.370165,4.564549,31.59911,31.45156,5.750928,6.025076,7.864182,6.105127,5.629357,4.793993,2.364592,3.251857,4.388003,5.226808,5.299552,5.924565,5.139095,5.954559,2.349063,2.118881,2.308471,2.806395,3.227259,4.021225,4.710773,4.895843,2.058703,5.085937,8.549675,8.807199,10.73406,7.860685,8.011978,9.618417,2.506692,4.793638,7.376488,7.157847,7.324287,4.553403,5.362188,4.906345,2.832618,4.555821,6.506967,6.741381,7.576922,5.280786,5.666657,4.976303,3.065969,4.626038,6.116996,5.918255,6.193974,5.85887,5.223585,4.272017,2.194329,2.992679,4.570367,4.930698,4.121886,4.631009,4.723216,4.142073,2.606753,1.768698,1.829313,2.331021,2.112352,3.500778,3.310738,2.791493,1.537792
54,7.626106,49.05228,7.86025,7.727409,10.00609,10.31479,5.941037,2.700093,4.847096,8.633043,6.589652,8.144175,6.574464,5.932159,5.52901,2.126598,6.89322,6.589037,73.27179,7.127854,5.73238,6.354266,4.637825,14.73413,36.14272,5.93231,6.205966,8.092875,6.170577,5.574219,4.818919,2.440368,3.340718,4.617379,5.45542,5.36869,5.961101,5.266731,5.918829,2.398342,2.094173,2.275472,2.760899,3.265679,4.103665,4.619291,4.94788,2.045632,5.511159,9.335595,9.564043,11.89583,8.499522,8.490548,10.91257,2.644244,4.957741,7.574122,7.414266,7.535565,4.615494,5.349787,5.002225,2.846959,4.706499,6.741681,6.895132,7.887469,5.289773,5.662382,5.000355,3.087699,5.112011,6.221276,6.033818,6.385462,5.90935,5.269722,4.363377,2.172298,3.068073,4.583466,5.045754,4.296752,4.632471,4.762715,4.23148,2.596495,1.773588,1.778546,2.352491,2.162314,3.514874,3.330405,2.779488,1.514218
57,8.339037,55.28968,8.664923,8.71237,10.76892,10.92933,6.78192,2.856479,4.957932,8.12974,6.762647,8.497705,6.575489,5.937718,5.595239,2.084776,7.054195,6.746066,77.04741,7.434058,5.745902,6.453712,4.739142,24.48597,34.29517,6.107189,6.422353,8.330229,6.230386,5.651825,4.886199,2.486096,3.340062,4.668733,5.62877,5.317881,5.946173,5.456758,5.990453,2.440696,1.986205,2.327715,2.849473,3.296438,4.03588,4.605277,4.948235,2.057405,6.121886,10.25269,10.37395,12.96174,9.043295,9.20225,11.71837,2.739797,4.934522,7.762128,7.510311,7.662724,4.628346,5.323918,5.075175,2.83296,4.775281,6.881883,7.043296,8.204163,5.326186,5.767373,5.031468,3.192403,5.051464,6.454913,6.114127,6.588245,5.911672,5.254275,4.415633,2.240043,3.1337,4.633837,5.217056,4.619905,4.706266,4.790224,4.275199,2.661891,1.713232,1.804196,2.399817,2.204942,3.515147,3.369277,2.791999,1.525978
60,9.353392,56.39849,9.344118,9.4011,11.66032,12.23023,7.451075,3.080815,4.94213,8.630572,6.962686,8.760312,6.520624,5.934851,5.66245,2.094515,7.017892,6.920072,76.15354,7.65125,5.764682,6.442157,4.746831,22.14967,33.61816,6.233187,6.565819,8.627062,6.229963,5.671493,4.907261,2.50855,3.368758,4.786891,5.687213,5.44773,6.014218,5.155198,5.907547,2.462754,1.988909,2.287137,2.76572,3.275008,4.032042,4.670263,4.936735,2.045209,6.84965,10.94905,11.37955,14.33778,9.813729,9.906824,12.76166,3.060478,5.087276,7.815532,7.658531,7.825612,4.712085,5.364415,5.113377,2.873429,4.778436,6.934577,7.2671,8.342398,5.304141,5.765816,5.056272,3.207727,5.297244,6.530608,6.308703,6.706484,5.933252,5.213833,4.479799,2.28267,3.148355,4.658244,5.381624,4.715732,4.705119,4.820449,4.247159,2.679879,1.637579,1.806613,2.516554,2.283189,3.506433,3.36279,2.779065,1.605141
63,10.07731,65.68446,10.29662,10.37249,12.57746,13.48379,7.898287,3.390038,5.070312,8.696869,7.09655,8.933252,6.588696,5.932842,5.680507,2.10006,7.221453,7.007375,77.57556,7.842411,5.792436,6.361,4.756706,30.93064,38.94492,6.372391,6.839133,8.887251,6.222054,5.594255,4.91734,2.548131,3.490303,4.8234,5.819165,5.672408,6.052966,5.240125,6.003333,2.510885,1.969569,2.2214,2.759957,3.372009,4.055302,4.65483,4.923882,2.07527,7.301955,12.08849,12.66006,15.56683,10.8893,10.85117,13.92234,3.420919,5.128837,7.972929,7.714816,7.95016,4.608378,5.377608,5.201882,2.86268,4.866668,6.958778,7.416781,8.505859,5.339953,5.763658,5.035211,3.256501,5.016308,6.626625,6.498292,6.766035,5.910483,5.22629,4.490985,2.302844,3.163229,4.685233,5.481916,5.028464,4.677351,4.79753,4.293406,2.709053,1.630723,1.85469,2.490712,2.30873,3.493444,3.34726,2.77804,1.518548
66,10.92487,63.5954,11.25213,11.2931,14.02122,15.05197,8.951937,3.762142,5.104444,8.882116,7.312909,9.077675,6.570995,5.917477,5.758509,2.099828,7.322825,7.174539,72.15663,8.10611,5.785539,6.401237,4.808034,32.75652,43.01157,6.427011,6.97338,9.154719,6.184823,5.621353,4.963368,2.570613,3.449765,4.904775,6.046479,5.751256,6.033996,5.285594,6.068796,2.524585,1.983678,2.21274,2.780649,3.400978,4.022208,4.66144,4.949355,2.061393,8.127649,13.58901,13.55026,16.8078,11.68301,11.9377,15.16309,3.891322,5.130736,8.026333,8.072812,8.167395,4.73223,5.395391,5.238978,2.86533,4.970061,7.025582,7.573794,8.756843,5.330871,5.792122,5.076008,3.21233,5.088792,6.701035,6.562036,6.956512,5.830951,5.198331,4.510216,2.295331,3.160416,4.703753,5.521483,5.046916,4.721659,4.811913,4.269545,2.695326,1.617802,1.815436,2.528163,2.316816,3.49216,3.339666,2.772591,1.504548
69,12.20032,67.15985,12.64964,12.4626,15.83879,16.39748,10.16062,4.228557,5.242774,9.161604,7.551422,9.360726,6.624522,6.106288,5.708833,2.169758,7.143861,7.187404,82.93045,8.346304,5.873579,6.325202,4.929742,24.88803,36.10001,6.704313,7.155076,9.415851,6.175644,5.696419,4.952565,2.68287,3.601781,4.92361,6.367378,5.915797,6.006446,5.386909,6.124835,2.683717,1.908872,2.17406,2.782876,3.386364,4.024625,4.679674,4.891116,2.087549,8.780047,14.96467,15.20568,18.46349,13.11296,13.3785,16.66671,4.401237,5.194274,8.179509,8.203151,8.430807,4.671957,5.37067,5.38945,2.964557,5.111888,7.167531,7.739687,9.057883,5.319807,5.723339,5.195736,3.292983,5.095185,6.971454,6.715226,7.172161,5.800043,5.262237,4.641854,2.369414,3.158135,4.801177,5.577251,5.372828,4.678212,4.880668,4.27748,2.731507,1.592712,1.891089,2.804141,2.787205,3.640557,3.383646,2.764887,1.537546
72,13.14118,65.34808,13.63429,13.87944,16.9886,17.76423,10.93093,4.377254,5.26012,9.701541,7.702264,9.399475,6.469378,5.900718,5.665865,2.162478,7.441597,7.289391,77.5923,8.419471,5.821009,6.353242,4.857326,27.18235,40.93468,6.681531,7.324437,9.653013,6.155812,5.665606,4.972588,2.558006,3.655526,5.078685,6.345731,6.058894,6.000778,5.43862,6.063428,2.569138,1.905731,2.19172,2.836661,3.557201,4.004958,4.65136,4.8753,2.061899,9.702428,16.40166,16.39019,20.76426,14.47274,14.96673,18.52061,4.536509,5.279338,8.153313,8.241491,8.404515,4.710786,5.419526,5.276688,2.921916,5.193168,7.127103,7.974322,9.294539,5.344501,5.722287,5.170058,3.270269,5.026838,6.925522,6.857831,7.281017,5.919526,5.182159,4.499644,2.326773,3.262798,4.748593,5.883673,5.310998,4.645787,4.850128,4.267168,2.726521,1.599814,1.921055,2.513508,2.608747,3.500601,3.313729,2.773082,1.473571
75,14.27813,70.95148,14.52944,15.36942,18.28799,18.80017,11.79607,4.514642,5.288993,9.076691,7.809317,9.701308,6.475797,5.86522,5.733323,2.16159,7.51781,7.357271,76.8735,8.68601,5.782411,6.359675,4.796669,24.63011,39.31912,6.822771,7.546875,9.851357,6.207496,5.598394,4.950189,2.577824,3.670413,5.078015,6.422339,6.096823,5.958807,5.177721,6.01273,2.519026,1.894135,2.153491,2.782889,3.462126,4.045058,4.629493,4.857135,2.076308,10.4859,18.09743,18.28464,23.05567,16.16093,16.53555,21.00594,4.711401,5.305657,8.249918,8.415496,8.58169,4.633154,5.472341,5.279884,2.922599,5.340062,7.277493,8.107217,9.404734,5.299019,5.849527,5.076144,3.243348,5.208165,7.069875,6.987953,7.448564,5.901715,5.247828,4.475265,2.344242,3.368184,4.723475,5.882703,5.529897,4.650745,4.798322,4.265638,2.696269,1.556818,1.93668,2.701322,2.7189,3.524981,3.315273,2.742228,1.480045
78,15.34367,66.31362,16.19904,16.36079,20.03777,20.6891,12.92024,4.889642,5.34233,9.871763,7.891594,9.720429,6.44045,5.887224,5.627786,2.15222,7.640693,7.491545,79.03048,8.938988,5.61466,6.266307,4.776347,23.65877,38.42087,6.932022,7.878181,10.02035,6.244168,5.640679,4.896007,2.537341,3.787451,5.147604,6.583097,6.22226,5.966086,5.344501,6.025404,2.518753,1.923227,2.068537,2.740112,3.475634,4.003523,4.596099,4.852068,2.062773,11.88562,19.59972,20.1328,25.38709,18.3476,18,22.70594,5.040647,5.389983,8.335814,8.546765,8.712385,4.666316,5.436025,5.233145,2.929032,5.395242,7.212754,8.314685,9.661726,5.282929,5.740781,5.069766,3.261815,5.546438,7.149147,7.136267,7.507075,5.832714,5.275363,4.407383,2.27173,3.413106,4.786494,6.044075,5.750259,4.612202,4.782453,4.223639,2.607777,1.591264,2.002363,2.765038,2.743621,3.54402,3.29977,2.740562,1.454818
81,17.20243,63.73802,17.75507,18.21352,21.37161,22.4749,14.07856,5.042737,5.35469,9.697922,8.077742,9.822538,6.374549,5.804428,5.644504,2.183266,7.630818,7.506774,79.57796,9.023013,5.637224,6.343026,4.750983,24.40363,32.25769,7.102887,8.128823,10.29933,6.230605,5.567212,4.922954,2.555957,3.812937,5.314166,6.63258,6.462344,5.967807,6.259805,5.999686,2.503264,1.949929,2.029461,2.73279,3.412997,3.996244,4.594924,4.793857,2.059686,13.02381,22.15949,21.94505,27.65898,19.58801,19.74578,25.02181,5.472383,5.357955,8.396061,8.700215,8.915988,4.632525,5.444971,5.2363,2.944944,5.460418,7.321992,8.520514,9.789596,5.258768,5.653258,5.055042,3.288721,5.274803,7.23753,7.339393,7.676588,5.827005,5.221604,4.409309,2.261473,3.349008,4.826691,6.032588,5.747993,4.600798,4.753988,4.180425,2.611478,1.624399,2.082414,2.832618,2.805015,3.468545,3.266717,2.761951,1.463587
84,18.81845,73.14372,19.61197,19.65687,23.24444,24.90206,15.56001,5.424265,5.345211,9.305697,8.210596,10.05172,6.35077,5.799866,5.651019,2.156318,7.788885,7.627103,78.65359,9.345963,5.662983,6.312049,4.782847,26.02393,37.60151,7.062718,8.080897,10.48764,6.150486,5.623292,4.928936,2.610522,3.729212,5.363541,6.835801,6.507909,5.876065,5.86813,5.998456,2.494427,1.914172,2.064016,2.911481,3.537915,3.936858,4.525678,4.785648,2.043146,13.87235,24.49637,24.79104,30.35413,21.38852,21.35065,27.42057,6.002868,5.382307,8.424047,8.857285,9.062868,4.667026,5.367911,5.234553,2.923828,5.521621,7.442321,8.741968,10.0097,5.207946,5.727191,5.054127,3.244018,5.024871,7.367461,7.429728,7.895719,5.788912,5.164759,4.401633,2.24776,3.401019,4.887374,6.222806,5.644476,4.557433,4.72099,4.232094,2.627991,1.629808,2.121954,2.871038,2.781932,3.50799,3.261418,2.763713,1.458561
87,20.7674,62.55298,21.90757,21.39803,25.46646,27.37224,17.29828,6.081539,5.303035,9.264381,8.351085,10.17883,6.320518,5.761049,5.658271,2.155786,7.668406,7.672681,75.15373,9.616735,5.607982,6.304264,4.803499,28.09837,41.06824,7.24119,8.35047,10.63863,6.130353,5.563974,4.892373,2.585159,3.740289,5.400868,7.004397,6.472779,5.873497,6.033736,6.047039,2.515639,1.829395,2.096454,2.802776,3.421561,3.884042,4.529802,4.744004,2.045755,15.47789,26.84946,27.32556,33.64776,23.64696,23.69595,30.45162,6.609347,5.33673,8.502226,8.906237,9.025813,4.580597,5.260366,5.220294,2.891799,5.525827,7.482873,8.792162,10.17615,5.23458,5.671615,5.019531,3.299743,5.068441,7.487011,7.557077,8.062103,5.791056,5.057269,4.34797,2.256925,3.363226,4.88661,6.347629,5.842411,4.523738,4.667696,4.191939,2.61757,1.588,2.240835,2.862243,2.832592,3.527904,3.252745,2.766376,1.42854
90,22.35528,77.21667,24.35298,23.53226,27.44757,30.12508,18.71934,6.356738,5.276032,10.11366,8.529693,10.39378,6.281564,5.750013,5.666234,2.144217,7.729498,7.780403,77.48618,9.790168,5.57874,6.287273,4.818496,30.34808,46.54196,7.360686,8.416315,10.87804,6.08356,5.504766,4.885599,2.596727,3.756515,5.549101,7.266103,6.62093,5.862693,5.196433,6.019039,2.52722,1.835336,2.043925,2.940642,3.56769,3.878606,4.510585,4.749549,2.017524,17.07705,29.69576,30.43403,37.03678,25.76911,25.89038,33.96502,7.392509,5.339201,8.629152,8.98406,9.205665,4.593804,5.284309,5.225783,2.884656,5.554072,7.555042,8.907164,10.36604,5.211046,5.600961,5.01807,3.279351,5.384302,7.458028,7.80104,8.204123,5.757948,5.072238,4.353515,2.262046,3.444097,4.829026,6.424633,6.324246,4.553199,4.643944,4.195162,2.636022,1.548487,2.277986,2.918528,2.7985,3.554305,3.231794,2.792572,1.456799
93,24.53698,69.55879,26.63971,26.22684,29.44132,32.58674,20.86926,6.669703,5.302462,9.126871,8.619877,10.57298,6.169088,5.703753,5.660594,2.140229,7.696787,7.785225,82.49986,9.93235,5.571992,6.25273,4.793228,27.67723,38.39524,7.420522,8.738008,11.09118,6.025609,5.43328,4.917777,2.588928,3.853556,5.581676,7.175714,6.67798,5.800535,5.607368,5.930766,2.502199,1.809481,2.065327,3.046998,3.806477,3.898738,4.444015,4.734948,2.003688,19.25746,32.59074,34.04866,40.39317,28.3156,28.6038,37.74883,8.08255,5.41286,8.639683,9.151033,9.420508,4.561243,5.365426,5.193018,2.868239,5.676655,7.506924,9.036453,10.47569,5.158777,5.56672,5.017182,3.232203,5.363322,7.534009,7.876749,8.328603,5.733077,5.072224,4.337945,2.241477,3.397345,4.911085,6.357517,6.354512,4.523669,4.608706,4.164567,2.604485,1.578453,2.291999,2.939275,2.780184,3.521675,3.247952,2.776906,1.465281
96,27.04226,75.44612,29.28884,28.40391,32.02539,35.38505,22.98093,7.386992,5.268424,9.981915,8.75799,10.65513,6.155881,5.632936,5.578903,2.153764,7.813183,7.821009,76.34213,10.07302,5.515161,6.196186,4.76557,24.11707,42.40284,7.469733,8.941406,11.37138,6.018944,5.428253,4.94982,2.588887,4.036577,5.597752,7.734894,6.896457,5.827169,4.903642,5.923965,2.52046,1.809085,2.030171,2.929906,3.600811,3.92462,4.439302,4.666002,1.999836,21.21996,35.86013,36.8856,45.29384,32.26154,31.51438,42.12177,8.80485,5.314767,8.607299,9.232025,9.568496,4.54529,5.321542,5.225702,2.908107,5.692717,7.583437,9.217451,10.73495,5.128606,5.550563,4.987666,3.242488,5.409486,7.637183,8.104757,8.443659,5.680302,5.007457,4.349541,2.204436,3.444165,4.863719,6.471892,6.520297,4.515392,4.606179,4.161891,2.553868,1.512415,2.465062,3.079901,2.861301,3.565409,3.246831,2.821965,1.461429
99,29.14162,79.85696,32.15712,30.85679,34.14837,37.5344,25.03724,7.680453,5.260448,10.77626,8.70307,10.84714,6.12123,5.62056,5.624658,2.162874,7.873566,7.892673,78.08431,10.30583,5.525268,6.262306,4.774148,19.24103,45.56063,7.492352,9.029856,11.68023,5.982586,5.405608,4.922326,2.572061,3.900746,5.608118,7.647044,6.889368,5.793966,5.27632,5.938756,2.519381,1.796329,2.100565,3.015133,3.558252,3.871654,4.394094,4.68694,2.01415,23.01034,38.81382,40.66415,49.38289,35.32772,34.99424,45.81797,9.33957,5.34237,8.623293,9.391198,9.792068,4.543037,5.273669,5.251503,2.882772,5.72028,7.65416,9.358418,10.95336,5.127308,5.552325,5.04932,3.254111,5.817007,7.742364,8.299142,8.698835,5.766881,4.944479,4.328944,2.21621,3.430043,4.914458,6.567348,6.616805,4.471222,4.577428,4.185301,2.571897,1.511924,2.515912,3.012497,2.802953,3.480291,3.238472,2.848298,1.442116
102,32.06855,80.41105,35.57252,33.36319,36.6177,39.92057,27.43273,8.227096,5.304236,10.03903,8.921082,10.92321,6.039773,5.611915,5.591756,2.13146,7.853379,7.894886,80.39126,10.44989,5.494482,6.196064,4.797503,26.57505,42.15813,7.535511,9.199409,11.78888,5.936503,5.365576,4.786617,2.623115,3.951404,5.69157,7.926341,7.110577,5.752882,5.011268,5.830638,2.495288,1.76792,2.03222,3.167804,3.601467,3.842302,4.389997,4.686612,2.011992,26.01553,42.17056,44.22626,53.16643,38.59453,37.57571,49.7902,10.11881,5.350483,8.71905,9.532068,9.863199,4.452292,5.239005,5.234252,2.844064,5.783408,7.59207,9.504658,11.07698,5.106137,5.524995,5.045891,3.255327,5.399653,7.862749,8.417859,8.844064,5.703125,4.975265,4.354171,2.239333,3.475674,4.870697,6.768575,6.793324,4.42249,4.538584,4.194834,2.592712,1.497378,2.454832,3.001065,2.83199,3.502745,3.185451,2.894244,1.437022
105,35.19648,80.48754,39.0451,36.54256,39.56028,43.47813,29.81738,8.699792,5.377664,9.544322,8.973297,10.98715,5.989059,5.583793,5.618198,2.123129,7.945477,7.921315,81.64326,10.55892,5.409555,6.147371,4.746995,23.17029,45.20213,7.663065,9.498811,12.03221,5.946746,5.277753,4.867706,2.576308,4.136897,5.72379,8.075147,7.236355,5.801054,5.13568,5.850237,2.499577,1.79469,1.974254,2.976194,3.456348,3.920796,4.393958,4.638125,1.979308,28.63724,45.56198,48.62064,57.74523,41.84599,41.683,53.60415,10.83209,5.364756,8.785388,9.599022,9.96181,4.370684,5.249467,5.216564,2.858392,5.727232,7.670099,9.848926,11.30973,5.121667,5.522044,5.035252,3.232558,5.660265,7.917668,8.602313,8.892003,5.729349,4.945817,4.324792,2.185588,3.470129,4.923473,6.911891,7.044253,4.441529,4.500751,4.156236,2.55018,1.492789,2.433047,3.015884,2.831239,3.471249,3.179114,2.837685,1.425781
108,37.11383,81.76629,42.42749,39.04234,42.63584,46.33477,32.12732,9.477258,5.306299,9.566884,9.162531,11.26389,5.981438,5.499713,5.647427,2.092671,8.017879,7.943769,75.4818,10.95694,5.460186,6.181886,4.760189,23.65617,40.00974,7.571773,9.588463,12.35024,5.92589,5.261678,4.835186,2.599609,4.003305,5.753141,8.258837,7.27845,5.70001,5.0572,5.877198,2.454969,1.753059,2.019435,3.137579,3.629029,3.817922,4.300726,4.66327,1.99399,30.67386,50.83398,53.77977,62.83414,44.7516,46.21469,58.40509,12.14344,5.446378,8.808867,9.79637,9.967112,4.378715,5.163707,5.263917,2.818496,5.790565,7.845771,9.875299,11.52422,5.121285,5.516745,5.053157,3.229485,5.66256,7.97465,8.758646,9.064124,5.700297,4.814644,4.280758,2.197306,3.490084,4.869946,6.98197,7.176014,4.490835,4.540551,4.179059,2.597479,1.484115,2.302571,2.853242,2.700721,3.49283,3.198822,2.879029,1.430835
111,39.17311,81.75457,45.94451,41.83957,45.52456,49.90133,35.40033,10.0644,5.248347,10.22938,9.322962,11.48234,5.986505,5.481383,5.684003,2.098612,8.071856,8.036645,75.47804,11.25814,5.417914,6.086961,4.822238,28.90302,46.21635,7.713191,9.729348,12.51194,5.885448,5.225374,4.753811,2.575475,3.959653,5.761882,8.327305,7.461169,5.698973,4.970976,5.879807,2.496203,1.753483,2.052407,3.135626,3.700967,3.802857,4.298104,4.654228,1.983706,33.09202,54.24617,58.43147,67.17679,47.50108,49.75455,63.32751,13.40508,5.428964,8.877267,9.90431,10.20877,4.412806,5.099431,5.254889,2.837645,5.777467,7.864661,10.15062,11.63669,5.092711,5.499549,5.014068,3.273765,5.658613,7.98025,8.919962,9.175194,5.75071,4.857435,4.29977,2.215158,3.437951,4.967603,6.95602,7.537669,4.443728,4.5488,4.126393,2.615576,1.457277,2.332413,2.900732,2.689152,3.506966,3.176819,2.851221,1.431299
114,42.57969,82.62331,50.27217,45.17407,47.79369,53.54476,38.51359,10.69257,5.30216,9.69064,9.316434,11.60681,5.957522,5.423336,5.521456,2.104321,8.049729,8.056599,78.01463,11.31332,5.34315,6.047066,4.832113,27.40404,36.72095,7.767947,9.863909,12.78264,5.858432,5.213628,4.791507,2.563183,4.036399,5.770419,8.304851,7.56172,5.668665,5.283244,5.954641,2.421684,1.754862,2.028682,3.306436,3.499399,3.793911,4.320872,4.612721,1.956854,35.80219,58.10441,63.49209,72.49083,51.68547,52.83263,68.58519,14.76773,5.383085,8.955624,10.0737,10.27112,4.405799,5.103543,5.191925,2.804769,5.864032,7.894708,10.17433,11.79166,5.080925,5.487449,5.034009,3.264642,5.316092,8.079573,9.123182,9.491039,5.832413,4.811558,4.364783,2.211375,3.446801,4.902589,7.110084,7.376653,4.441939,4.469542,4.162655,2.555097,1.472028,2.370902,2.930056,2.764683,3.440054,3.166767,2.854963,1.403286
117,45.95262,86.33311,54.38215,49.49886,50.94717,56.50587,41.95661,11.47727,5.28125,9.696623,9.466496,11.66853,5.924305,5.468955,5.705159,2.127773,7.998989,8.150882,81.73994,11.52066,5.348052,6.038297,4.850538,24.72025,37.15704,7.78603,10.09484,13.0466,5.869195,5.148751,4.74227,2.557747,4.062746,5.792258,8.639696,7.690791,5.677775,5.093122,5.933743,2.453207,1.722889,2.031182,3.356835,3.666603,3.800849,4.306763,4.583575,1.959257,38.54361,62.4077,68.78084,77.36565,55.69131,56.68452,72.98106,16.24346,5.434345,8.886473,10.09341,10.36507,4.389764,5.175972,5.237939,2.83968,5.85249,7.913707,10.32023,11.89235,5.116559,5.495547,5.045918,3.218914,5.623908,8.085405,9.429454,9.659213,5.714188,4.772577,4.365193,2.230018,3.404283,4.922722,7.265214,7.819029,4.452743,4.589255,4.160429,2.631952,1.43276,2.400322,2.940163,2.710172,3.517564,3.169908,2.870001,1.407698
120,49.05524,87.62,57.87263,52.78574,53.41666,59.24528,45.70351,12.61425,5.210923,9.707344,9.727136,11.71568,5.982394,5.455105,5.631869,2.12978,8.07292,8.140162,79.04068,11.62777,5.358992,5.92309,4.842998,28.92021,44.03442,7.81239,10.37455,13.21491,5.894244,5.14673,4.8293,2.628524,4.092752,5.85678,8.700953,7.810875,5.633099,5.039799,5.892851,2.457291,1.713642,2.000601,3.360618,3.641663,3.804223,4.306299,4.590554,1.948413,41.43463,67.55079,72.47136,81.95857,59.171,61.55414,77.5304,17.73984,5.405267,8.956636,10.14986,10.48171,4.425713,5.043337,5.26684,2.794416,5.832372,8.014764,10.57409,12.08498,5.105155,5.49343,5.035867,3.230824,5.860454,8.144135,9.50885,9.759751,5.724609,4.769231,4.357053,2.243335,3.430793,4.915633,7.362202,8.007868,4.375068,4.52397,4.228202,2.624071,1.484635,2.350784,2.944056,2.661249,3.565313,3.203589,2.926505,1.413052
123,52.07658,91.61134,62.73415,56.36478,56.86609,62.42397,48.37136,13.16499,5.258523,10.0084,9.75672,11.67989,5.891486,5.440614,5.687977,2.14266,8.237967,8.170209,78.96336,11.65152,5.300726,6.051614,4.788529,33.46947,41.15116,7.959025,10.75306,13.54257,5.86197,5.151948,4.877308,2.57609,4.197511,5.946706,8.884027,7.977396,5.622432,4.946009,5.919266,2.442103,1.741218,1.934591,3.169075,3.610126,3.857299,4.297052,4.552611,1.945012,45.32376,71.83815,77.39732,86.07161,63.54839,66.08321,81.93617,19.64572,5.399871,8.972246,10.22331,10.55,4.410948,5.046875,5.251967,2.804701,5.882962,7.946187,10.778,12.22001,5.093313,5.377417,5.024284,3.205788,5.575174,8.308607,9.79682,9.861983,5.848203,4.806545,4.333069,2.207195,3.458165,4.889287,7.557282,8.066065,4.483678,4.477519,4.233801,2.557665,1.438934,2.380272,2.89561,2.679168,3.516171,3.184932,2.846755,1.408763
126,54.9119,93.01967,67.24533,60.21769,60.70419,65.76979,52.27971,14.31527,5.207646,9.337029,10.02834,12.12885,5.872091,5.384096,5.766772,2.125246,8.184753,8.17544,77.876,11.99799,5.285251,6.127267,4.831758,30.26907,32.97737,8.002991,10.89039,13.59369,5.872733,5.159596,4.805848,2.589174,4.129944,6.056067,9.223188,8.039254,5.533271,5.186585,5.976985,2.454764,1.709107,1.969706,3.307938,3.713423,3.869523,4.310738,4.584271,1.936612,48.17759,75.79593,81.82173,89.25314,66.458,70.72372,86.14034,21.65666,5.37336,9.057528,10.34965,10.73607,4.421683,5.052639,5.267605,2.76572,5.923131,8.046492,11.08859,12.35508,5.003988,5.497336,5.064576,3.219842,6.310805,8.336004,9.964338,9.976563,5.728652,4.815327,4.298404,2.230592,3.404269,4.896115,7.73768,8.064863,4.48768,4.590662,4.224828,2.607599,1.439316,2.429482,2.890324,2.70098,3.513508,3.202142,2.872214,1.423773
129,57.90007,93.40065,71.35228,64.12727,64.85954,69.2072,55.37322,15.41559,5.218326,9.567198,10.22318,11.9263,5.876121,5.462016,5.63101,2.152521,8.269858,8.199137,80.65501,12.05943,5.260366,6.064071,4.867692,24.7705,44.30079,8.094159,11.22384,13.89851,5.899339,5.120997,4.889122,2.596113,4.315395,5.903217,9.208071,8.228938,5.616081,5.523888,5.964775,2.509506,1.732955,1.91185,3.3013,3.650773,3.861574,4.319479,4.51068,1.948536,52.29826,79.88868,86.6365,92.36337,70.42448,75.34936,89.38291,24.2184,5.4434,8.964952,10.51943,10.82116,4.467302,5.053267,5.25814,2.827278,5.931449,8.143821,11.22436,12.46427,5.066023,5.486055,5.096168,3.222151,5.462344,8.576185,10.15868,10.10992,5.836183,4.860604,4.312103,2.208875,3.52169,4.863773,7.998497,8.229225,4.558211,4.52356,4.270788,2.552202,1.407206,2.547312,2.991463,2.769258,3.470294,3.128606,2.886322,1.425754
132,60.70974,92.73273,75.83134,68.92912,68.14439,72.62379,58.60847,16.69953,5.15334,9.827073,10.29062,12.05294,5.83214,5.333001,5.684659,2.078794,8.306462,8.192266,80.75481,12.2387,5.287683,6.055698,4.938018,26.9534,31.31396,8.063524,11.20225,14.20659,5.839652,5.214174,4.835691,2.607996,4.215062,5.974582,9.428867,8.40681,5.561571,4.771184,5.982503,2.475265,1.721386,1.894763,3.048132,3.84222,3.81306,4.30548,4.609771,1.927311,55.10714,83.68144,89.83518,94.82186,73.17445,80.27022,92.78508,26.02084,5.360358,9.065518,10.58874,10.88483,4.430493,5.083384,5.280389,2.785142,5.957208,8.257103,11.20648,12.67769,5.129275,5.467439,5.1141,3.29305,6.604471,8.593354,10.42418,10.37407,5.813278,4.745848,4.278518,2.219037,3.487844,4.845648,8.479417,8.215048,4.509356,4.59588,4.247965,2.616969,1.422858,2.38426,2.769422,2.644245,3.46513,3.16872,2.857996,1.401961
135,63.55766,93.41994,78.88649,71.57357,71.16698,76.21372,62.0356,18.31709,5.15965,10.0125,10.53738,12.01246,5.918296,5.398587,5.704314,2.105892,8.409855,8.262988,83.46214,12.59318,5.253264,6.072347,4.952797,18.05963,32.11937,8.144954,11.40764,14.47081,5.893766,5.212973,4.868403,2.606725,4.24317,6.057637,9.592834,8.499398,5.552147,4.933362,5.951063,2.466018,1.702142,1.880627,3.271457,3.868922,3.848722,4.333165,4.564261,1.930671,57.91207,86.97829,92.50208,96.53735,76.97942,82.71719,94.68379,28.43081,5.316243,9.068907,10.79177,11.00523,4.370738,5.140338,5.30227,2.792778,5.838819,8.176096,11.40976,12.83221,5.132402,5.535361,5.096372,3.238063,6.408639,8.63721,10.48913,10.58564,5.758017,4.813388,4.318209,2.217493,3.500123,4.813934,8.833055,8.466728,4.452182,4.599581,4.211456,2.65162,1.477532,2.376912,2.781878,2.605509,3.515488,3.140133,2.873867,1.405007