Cell Lines,Treatment,CHEK1,DTL,PLK1,BRCA1,CLSPN,CDK1,CDK2,DONSON,HMGA2,TAOK3,RINT1,TOPBP1,CIP2A,MDC1,ATR,ETAA1
WT,E,-0.663610502,-0.954566435,-0.669418124,-0.979240961,-0.966882386,-1.419156062,-1.303545832,-0.978229943,-0.742492887,-0.826605589,-0.517806569,-0.658999989,-1.494007551,-1.142423165,-0.704787556,0.104134897
KO,E,-1.27923979,-0.563754394,-0.797057346,-0.762349543,-0.496125777,0.217408924,-1.006151468,-0.968965538,-0.768433297,-1.404152872,-0.957217135,-0.396614696,-0.779379901,-0.920293377,-1.162207033,-0.218487685
KD,E,-0.761417254,-0.77328557,-0.349695943,-0.94171192,-0.888894495,-0.96192898,-0.92645442,-0.997167985,-0.761805137,-0.280350402,-1.054350913,-1.010988771,-0.945684189,-0.972492869,-1.091739047,-0.093795839
KI,E,-0.871494989,-1.024395136,-0.006564794,-0.735326191,-0.5662902,-0.549796828,-0.852184941,-0.571213129,-0.700757778,-1.610935437,-1.506489666,-0.620923125,-0.131046583,-0.743628705,-0.819420296,-0.351110815
Y634F,E,-0.997001731,-0.233079925,-0.339150031,-0.81536444,-0.966882386,0.138390667,-0.851532865,-0.861853531,-0.749428544,-1.331772638,-0.855702472,-1.282825025,-0.606443165,-0.779953102,-0.577739557,-0.048416842
Y643F,E,-0.781809842,-0.536180853,0.258643919,-0.733391277,-0.723341513,-0.737843829,-0.661165184,-0.75306839,-0.704934445,0.006766198,-0.880649059,-0.231428149,-1.079105678,-0.598086482,1.027002095,0.819456476
Y698F,E,-1.19296272,-0.685011408,-1.095338678,-0.730199869,-0.867296994,-1.322438316,-0.728271422,-0.881057575,-0.723332689,-0.739617395,-0.865736645,-1.043139283,-0.717422273,-0.856497587,-0.800591783,0.029239473
Y726F,E,-1.24967769,-0.266179962,-0.709316137,-0.836301648,-0.825744402,-0.928358587,-0.792376195,-0.5433664,-0.751859333,-1.136157234,-0.645668707,0.053948188,-0.853476468,-0.884450556,-1.160995517,0.042341152
Y750F,E,-0.819784481,-0.264120527,-0.33835018,-0.82303429,-0.966882386,-1.246668716,-0.729863253,-0.589225676,-0.718458213,-0.48285715,-0.201860679,-0.755229826,-0.802553741,-0.542712894,-0.589860273,-0.618716383
Y821F,E,-0.412372175,-1.024395136,-1.083345764,-0.863043599,-0.862037001,-0.844746632,-1.015568205,-0.999303867,-0.733983767,-0.521251782,-1.271480301,-1.201178079,-0.841964885,-0.90840321,-1.123244016,-0.21381927
WT,EA,-0.324932053,-0.242437524,0.120502413,-0.473076639,-0.732886734,-0.490476165,-0.843401101,-0.341047917,-0.699719551,0.529562872,1.412766641,-0.194416673,-0.769394247,-0.61796497,0.283292532,1.090375112
KD,EA,-0.635634568,-0.508843072,-1.05289811,-0.950640446,-0.94208991,-1.03984953,-0.854150757,-0.727588916,-0.728698956,-0.821108109,-1.232292732,-0.228533741,-0.799134785,-0.92501221,-1.018303403,0.087117773
KI,EA,-0.034152,-0.675889569,-0.86503497,-0.566838162,-0.417022231,-0.281783928,-0.168292017,-0.678641505,-0.654100678,-0.161839425,0.142434548,-0.148906722,-0.543647236,-0.427149954,-0.79207227,0.169291908
Y634F,EA,-0.119694583,-1.024395136,-1.297557929,-0.279358379,-0.121494157,-0.026704523,-0.280832573,-0.606525212,-0.712139926,0.997173557,-0.248031966,-0.109493503,-0.233470081,-0.675769519,-0.226794539,0.753345703
Y643F,EA,-0.397747153,0.473992623,-1.269597084,-0.324404572,-0.27008332,-0.408531614,-0.323390087,-0.521640851,-0.703710226,0.839852063,0.440765719,1.095298799,-0.95453567,-0.351759406,-0.009749809,2.470017096
Y698F,EA,0.21204439,-0.69898956,-0.321318206,-0.440276903,-0.25912588,0.063918864,-0.334590442,-0.476430052,-0.688483685,-0.835319679,-0.408388079,-0.5042251,0.086591364,-0.662660795,-0.241327172,0.198557345
Y726F,EA,-1.268489564,-1.024395136,-0.045279997,-0.723481115,-0.722394201,-0.375016802,-0.280803805,-0.472314113,-0.716825355,-1.394915676,-0.931412607,-1.482319548,0.08558595,-0.393685782,-1.100847645,0.025826008
Y750F,EA,-0.030680559,-0.144361285,-0.215127104,-0.714362806,-0.418542757,-0.598248798,-0.429361941,-0.530215856,-0.749442799,-0.115809405,-0.989599205,-0.539836585,-0.69080756,-0.364652728,-0.531740857,0.438102228
Y821F,EA,-0.510505972,-0.412822801,-1.073374291,-0.693100566,-0.768501733,-0.306769972,-0.296933083,-0.767545793,-0.695594472,0.850866517,0.302251858,-0.708297304,-0.36877364,-0.746210447,-0.09459482,3.015669417